entrez_id,gene_symbol_orf,all_finite_orf,all_zero_orf,l2_norm_orf,gene_symbol_crispr,all_finite_crispr,all_zero_crispr,l2_norm_crispr
2,A2M,True,False,6.697459463271241,A2M,True,False,2.513250864994374
9,NAT1,True,False,5.456444172064358,NAT1,True,False,2.646671363560092
10,NAT2,True,False,7.076691176536386,NAT2,True,False,2.4540081766405155
13,AADAC,True,False,6.336246160029395,AADAC,True,False,1.7447608315437975
15,AANAT,True,False,7.147786356963684,AANAT,True,False,2.6463054925326985
18,ABAT,True,False,9.236673950890658,ABAT,True,False,3.0007428926805098
21,ABCA3,True,False,7.170928184948739,ABCA3,True,False,3.353839337127258
25,ABL1,True,False,33.50284282433908,ABL1,True,False,2.140815271150166
27,ABL2,True,False,9.153219849818651,ABL2,True,False,3.9424762887623355
28,ABO,True,False,6.430839234244303,ABO,True,False,3.1686860040722764
30,ACAA1,True,False,6.6653202376810246,ACAA1,True,False,2.8799804195909045
35,ACADS,True,False,9.240278180102248,ACADS,True,False,2.6118327402050765
37,ACADVL,True,False,9.832132737092298,ACADVL,True,False,2.7590954461843795
38,ACAT1,True,False,6.3542318401462685,ACAT1,True,False,3.2167421525076576
39,ACAT2,True,False,6.885496520848264,ACAT2,True,False,2.6552283544407818
41,ASIC1,True,False,6.789849928887439,ASIC1,True,False,2.9125247953915654
47,ACLY,True,False,5.976067440167724,ACLY,True,False,3.844663662143144
48,ACO1,True,False,6.962349684839398,ACO1,True,False,2.8862062909767885
52,ACP1,True,False,6.541763677802088,ACP1,True,False,3.3097067879719653
54,ACP5,True,False,6.338368698765818,ACP5,True,False,3.1993963428881678
55,ACP3,True,False,7.600185443695279,ACPP,True,False,2.8343185555748622
86,ACTL6A,True,False,6.307363913798207,ACTL6A,True,False,7.046229587668941
90,ACVR1,True,False,9.548703521583676,ACVR1,True,False,3.00170305729523
91,ACVR1B,True,False,6.534586716763449,ACVR1B,True,False,3.3367546854291574
92,ACVR2A,True,False,6.999463698489283,ACVR2A,True,False,3.105162074738649
93,ACVR2B,True,False,8.990263839594773,ACVR2B,True,False,2.596712749326742
94,ACVRL1,True,False,10.740758971238245,ACVRL1,True,False,4.090424006469959
95,ACY1,True,False,6.386261259825696,ACY1,True,False,2.774090790316019
97,ACYP1,True,False,6.304417166705775,ACYP1,True,False,2.912670977656205
98,ACYP2,True,False,7.430283061026363,ACYP2,True,False,3.6472783629990047
100,ADA,True,False,6.057112515745801,ADA,True,False,2.3793627429692488
108,ADCY2,True,False,9.338319065312108,ADCY2,True,False,2.7142244817303856
109,ADCY3,True,False,7.028245460583162,ADCY3,True,False,3.295117934061813
115,ADCY9,True,False,7.002876845461285,ADCY9,True,False,2.7706108974090973
118,ADD1,True,False,7.406623410188923,ADD1,True,False,3.605546708406576
124,ADH1A,True,False,6.168389470988397,ADH1A,True,False,5.164758497826069
125,ADH1B,True,False,6.772405097276474,ADH1B,True,False,2.3231026473380316
126,ADH1C,True,False,6.155779032451111,ADH1C,True,False,2.289831064783844
127,ADH4,True,False,5.380290434181462,ADH4,True,False,2.897661409571645
128,ADH5,True,False,7.93232012901867,ADH5,True,False,3.5779441567005694
130,ADH6,True,False,5.86407390926916,ADH6,True,False,2.596831799233853
131,ADH7,True,False,6.672463622204861,ADH7,True,False,2.7841010194539098
132,ADK,True,False,4.458484123592495,ADK,True,False,2.249152632741072
134,ADORA1,True,False,13.00137319137085,ADORA1,True,False,3.380638123723164
135,ADORA2A,True,False,6.990675139359932,ADORA2A,True,False,2.7750057134003603
136,ADORA2B,True,False,15.900527573948807,ADORA2B,True,False,3.2209481706893754
140,ADORA3,True,False,19.44806640170368,ADORA3,True,False,3.111803001422121
141,ADPRH,True,False,7.314051625961155,ADPRH,True,False,2.0375955409895568
151,ADRA2B,True,False,6.704113166519415,ADRA2B,True,False,2.7071198547836044
154,ADRB2,True,False,8.028469424020509,ADRB2,True,False,2.9921788331505548
156,GRK2,True,False,7.411385645228531,ADRBK1,True,False,5.133655821851483
157,GRK3,True,False,7.056114876256599,ADRBK2,True,False,3.041360456149987
158,ADSL,True,False,7.251632227287293,ADSL,True,False,2.9243015602966795
159,ADSS2,True,False,6.765308072823122,ADSS,True,False,3.6995938605891507
166,TLE5,True,False,6.5685293372352795,AES,True,False,2.4406163208930365
174,AFP,True,False,6.035404194038481,AFP,True,False,2.728616839200112
175,AGA,True,False,8.708074130285018,AGA,True,False,2.0823045963160345
177,AGER,True,False,7.1229230937310195,AGER,True,False,2.88019349518395
178,AGL,True,False,7.573324804144975,AGL,True,False,3.1582852889361894
183,AGT,True,False,7.367089700202381,AGT,True,False,3.348725455220439
185,AGTR1,True,False,6.630249921333612,AGTR1,True,False,3.779925133010097
187,APLNR,True,False,6.730623095898848,APLNR,True,False,3.37456981707873
189,AGXT,True,False,7.893919898107214,AGXT,True,False,3.355356303265845
190,NR0B1,True,False,7.215412338584415,NR0B1,True,False,2.2381264894956496
191,AHCY,True,False,6.182915290287239,AHCY,True,False,2.586516826231726
203,AK1,True,False,5.951031422921848,AK1,True,False,2.620014697665471
204,AK2,True,False,6.300941006754057,AK2,True,False,2.7194751423827648
205,AK4,True,False,8.356133589211622,AK4,True,False,3.1473339989487523
207,AKT1,True,False,9.420567670010142,AKT1,True,False,3.8014601668799513
208,AKT2,True,False,5.334430401292378,AKT2,True,False,3.725342326926355
211,ALAS1,True,False,6.912399364708481,ALAS1,True,False,5.538415371788188
212,ALAS2,True,False,7.300729083903147,ALAS2,True,False,3.197515495861132
213,ALB,True,False,6.420190922440026,ALB,True,False,2.814435468308626
216,ALDH1A1,True,False,9.57042286910491,ALDH1A1,True,False,2.2393343815877724
217,ALDH2,True,False,8.908453627299815,ALDH2,True,False,3.1297884083318617
218,ALDH3A1,True,False,5.459151091095438,ALDH3A1,True,False,3.3800189543526784
219,ALDH1B1,True,False,9.65949375421632,ALDH1B1,True,False,3.016752885329997
220,ALDH1A3,True,False,7.060888353753829,ALDH1A3,True,False,2.980259709077371
221,ALDH3B1,True,False,6.351916503926164,ALDH3B1,True,False,3.7843569674351762
222,ALDH3B2,True,False,6.067004190428056,ALDH3B2,True,False,3.2502041706100373
224,ALDH3A2,True,False,5.838168528667637,ALDH3A2,True,False,2.5051752052194343
226,ALDOA,True,False,6.222541717113056,ALDOA,True,False,6.646404140983338
229,ALDOB,True,False,10.230093232913003,ALDOB,True,False,2.7079371155204015
230,ALDOC,True,False,6.785152309528553,ALDOC,True,False,3.7338226211181778
231,AKR1B1,True,False,6.122385380114022,AKR1B1,True,False,2.775365921944416
238,ALK,True,False,5.760178586529005,ALK,True,False,3.2732926941615244
240,ALOX5,True,False,6.238520358878096,ALOX5,True,False,2.948835963074056
242,ALOX12B,True,False,6.3692493261269405,ALOX12B,True,False,2.737613097333991
246,ALOX15,True,False,6.685938709705315,ALOX15,True,False,2.6528717768028445
247,ALOX15B,True,False,6.443949019622629,ALOX15B,True,False,3.275148447741749
248,ALPI,True,False,7.523699432919162,ALPI,True,False,3.083879239920023
249,ALPL,True,False,8.956006467544988,ALPL,True,False,3.357155564272962
251,ALPG,True,False,6.107816901928855,ALPPL2,True,False,2.7504488482563128
257,ALX3,True,False,12.715754347363392,ALX3,True,False,2.602277477442893
259,AMBP,True,False,9.683732054056522,AMBP,True,False,2.2694139830809803
269,AMHR2,True,False,8.592136890307057,AMHR2,True,False,3.1338370233497432
271,AMPD2,True,False,6.66241731528256,AMPD2,True,False,3.1790295634822847
272,AMPD3,True,False,7.072989985788668,AMPD3,True,False,2.9294703755087665
275,AMT,True,False,7.0410529361776835,AMT,True,False,2.9990486886071435
279,AMY2A,True,False,8.11941556724638,AMY2A,True,False,2.3822218141857348
280,AMY2B,True,False,7.355101728439174,AMY2B,True,False,3.065149992265449
283,ANG,True,False,6.670460138491788,ANG,True,False,2.3828416286127285
284,ANGPT1,True,False,6.109126037516231,ANGPT1,True,False,2.7864987102256866
285,ANGPT2,True,False,8.422838698573104,ANGPT2,True,False,2.569275684371365
290,ANPEP,True,False,7.007706808487093,ANPEP,True,False,2.822947041709415
291,SLC25A4,True,False,6.501739764772562,SLC25A4,True,False,2.895352816161065
292,SLC25A5,True,False,7.811668643508677,SLC25A5,True,False,6.15875281197679
309,ANXA6,True,False,7.682630857313553,ANXA6,True,False,2.479179251330183
313,AOAH,True,False,8.136559771013072,AOAH,True,False,4.2850646894963855
319,APOF,True,False,6.379342822898064,APOF,True,False,2.22656672623012
326,AIRE,True,False,6.291359159267149,AIRE,True,False,1.875372902228183
327,APEH,True,False,6.170657503350635,APEH,True,False,3.1737344587153893
328,APEX1,True,False,6.83921970574432,APEX1,True,False,2.7236627970427585
329,BIRC2,True,False,6.1027122317807425,BIRC2,True,False,4.163317368884027
331,XIAP,True,False,5.663746755748222,XIAP,True,False,2.385470975603972
332,BIRC5,True,False,6.905374877090604,BIRC5,True,False,24.740835160505945
335,APOA1,True,False,6.5190019405225135,APOA1,True,False,3.2927721956019522
336,APOA2,True,False,6.9715159120034995,APOA2,True,False,2.979865130287499
337,APOA4,True,False,6.638725390364287,APOA4,True,False,6.506473490222506
341,APOC1,True,False,6.695607187888655,APOC1,True,False,3.3792799553282995
344,APOC2,True,False,7.775329112582025,APOC2,True,False,3.339937850336427
345,APOC3,True,False,6.796431427424077,APOC3,True,False,3.3075933963120727
346,APOC4,True,False,6.985948428226753,APOC4,True,False,3.7252128910857985
347,APOD,True,False,6.742181343662164,APOD,True,False,2.982615513725426
348,APOE,True,False,6.874999023335159,APOE,True,False,2.6188362373816534
350,APOH,True,False,7.298199525784838,APOH,True,False,3.1197197269167134
353,APRT,True,False,8.0936077569671,APRT,True,False,5.97232318490751
354,KLK3,True,False,8.20469872084473,KLK3,True,False,3.0621708799354432
355,FAS,True,False,9.4711144382195,FAS,True,False,2.6136159760773534
358,AQP1,True,False,11.272593757635384,AQP1,True,False,2.1837703303078824
359,AQP2,True,False,6.832058194945177,AQP2,True,False,1.9874537765996307
360,AQP3,True,False,20.264074006236847,AQP3,True,False,2.0726032479700587
361,AQP4,True,False,12.125440869969683,AQP4,True,False,1.877518559137262
362,AQP5,True,False,14.417862484000285,AQP5,True,False,2.240173268220223
364,AQP7,True,False,7.102749785467119,AQP7,True,False,8.49211285047549
366,AQP9,True,False,7.49920208590515,AQP9,True,False,1.7935611266145477
369,ARAF,True,False,6.146737125253338,ARAF,True,False,2.635411067399188
373,TRIM23,True,False,6.610288457953292,TRIM23,True,False,4.052367139058745
374,AREG,True,False,14.421056491032044,AREG,True,False,2.803627576654609
375,ARF1,True,False,6.357129560056524,ARF1,True,False,3.9649142493757026
377,ARF3,True,False,7.910034256676299,ARF3,True,False,2.6720610848772632
379,ARL4D,True,False,8.73691355714662,ARL4D,True,False,3.020447939673189
381,ARF5,True,False,6.461896054057846,ARF5,True,False,2.773228364285264
382,ARF6,True,False,8.962589094751673,ARF6,True,False,3.347141571583551
383,ARG1,True,False,6.468370993325784,ARG1,True,False,2.284099961602709
384,ARG2,True,False,12.124875607325066,ARG2,True,False,2.2207810060301365
387,RHOA,True,False,8.323276432282869,RHOA,True,False,5.5953559105107695
389,RHOC,True,False,8.545873326755176,RHOC,True,False,10.652401295250725
390,RND3,True,False,7.751596286686886,RND3,True,False,2.2215717997721662
391,RHOG,True,False,6.619907374493665,RHOG,True,False,3.7751747290894273
394,ARHGAP5,True,False,6.204224044381253,ARHGAP5,True,False,2.5364838402991627
399,RHOH,True,False,9.609730953233221,RHOH,True,False,2.9556813257776797
400,ARL1,True,False,7.6771393841417375,ARL1,True,False,3.555829821512722
402,ARL2,True,False,7.355796424944272,ARL2,True,False,4.774997820024652
405,ARNT,True,False,7.578695893600108,ARNT,True,False,2.8667008460901795
406,ARNTL,True,False,6.9400633722620215,ARNTL,True,False,4.123619024095571
410,ARSA,True,False,6.069451563775071,ARSA,True,False,2.5063052533551664
412,STS,True,False,9.539116476716995,STS,True,False,2.633712488869085
415,ARSL,True,False,6.456589425147686,ARSE,True,False,3.5683912424689637
416,ARSF,True,False,6.029060528188949,ARSF,True,False,2.455924788251766
417,ART1,True,False,8.231216179508996,ART1,True,False,2.907665574730316
419,ART3,True,False,6.511171895232469,ART3,True,False,2.8474128648523362
420,ART4,True,False,6.950887682968389,ART4,True,False,2.7617954017649167
427,ASAH1,True,False,7.167912538533846,ASAH1,True,False,2.9098333004165657
430,ASCL2,True,False,16.129788941129174,ASCL2,True,False,2.551664210669587
432,ASGR1,True,False,7.091064700440625,ASGR1,True,False,2.5372753742515437
433,ASGR2,True,False,7.033174806345154,ASGR2,True,False,2.9753603732847216
435,ASL,True,False,6.954541517804773,ASL,True,False,3.8720985705742126
439,GET3,True,False,7.075415260731872,ASNA1,True,False,3.2047368846074766
440,ASNS,True,False,7.666985172884239,ASNS,True,False,4.515212388618156
444,ASPH,True,False,6.943743823810558,ASPH,True,False,2.9687623102725813
445,ASS1,True,False,8.651198758440076,ASS1,True,False,3.2101364507644696
462,SERPINC1,True,False,6.241113816434928,SERPINC1,True,False,2.747722164539486
463,ZFHX3,True,False,9.48318770773089,ZFHX3,True,False,2.7363345606694534
466,ATF1,True,False,6.678848990383653,ATF1,True,False,3.087099670288714
467,ATF3,True,False,7.85318463232503,ATF3,True,False,3.1145402542383027
468,ATF4,True,False,8.801165157296877,ATF4,True,False,4.0122468933408655
471,ATIC,True,False,6.766025000479588,ATIC,True,False,3.2931523705866703
472,ATM,True,False,5.702432157598723,ATM,True,False,3.195535708054267
474,ATOH1,True,False,20.244515922736685,ATOH1,True,False,3.282467996673731
478,ATP1A3,True,False,7.1686935966293275,ATP1A3,True,False,2.9707112225465604
479,ATP12A,True,False,6.521169119578499,ATP12A,True,False,3.0335602255890333
480,ATP1A4,True,False,6.6404149490402915,ATP1A4,True,False,3.2968361943713664
481,ATP1B1,True,False,7.505118243377569,ATP1B1,True,False,2.39688714331585
482,ATP1B2,True,False,19.320762999418633,ATP1B2,True,False,2.4160698783815846
483,ATP1B3,True,False,6.551930566446309,ATP1B3,True,False,2.667691124823045
486,FXYD2,True,False,6.7783089913204675,FXYD2,True,False,3.924937259759732
491,ATP2B2,True,False,7.324940969346784,ATP2B2,True,False,2.9092533465185633
492,ATP2B3,True,False,7.577244229043735,ATP2B3,True,False,3.1245450530705665
496,ATP4B,True,False,7.1449212313365935,ATP4B,True,False,3.0336866097095765
498,ATP5F1A,True,False,6.468037127730961,ATP5A1,True,False,4.017785890733437
506,ATP5F1B,True,False,10.926453912082808,ATP5B,True,False,4.488836170655045
509,ATP5F1C,True,False,8.297845339687145,ATP5C1,True,False,3.31553204754604
518,ATP5MC3,True,False,6.6713609447915685,ATP5G3,True,False,2.808062889097747
522,ATP5PF,True,False,6.512942544693819,ATP5J,True,False,2.8952913245934804
525,ATP6V1B1,True,False,6.707758222606598,ATP6V1B1,True,False,3.706948197771721
526,ATP6V1B2,True,False,7.078330140910315,ATP6V1B2,True,False,6.514573366524275
528,ATP6V1C1,True,False,5.489306170706279,ATP6V1C1,True,False,3.118547546146446
529,ATP6V1E1,True,False,9.462829207689136,ATP6V1E1,True,False,5.067486321115081
534,ATP6V1G2,True,False,5.818090158117653,ATP6V1G2,True,False,3.4335298812504127
537,ATP6AP1,True,False,5.951321348506011,ATP6AP1,True,False,5.556745364294526
539,ATP5PO,True,False,5.815695222121081,ATP5O,True,False,2.8656713531689855
545,ATR,True,False,6.032612751126846,ATR,True,False,3.6429770595606
549,AUH,True,False,6.953077204529561,AUH,True,False,2.5887023552616126
552,AVPR1A,True,False,6.362914505409376,AVPR1A,True,False,2.39504973630715
554,AVPR2,True,False,6.410563581698354,AVPR2,True,False,3.0987143099414842
558,AXL,True,False,12.827967352845544,AXL,True,False,4.000205195635264
566,AZU1,True,False,6.771830790750851,AZU1,True,False,2.62644171608574
567,B2M,True,False,6.900981901280506,B2M,True,False,2.6351530595183297
570,BAAT,True,False,7.886328269529593,BAAT,True,False,1.9906816363892248
571,BACH1,True,False,9.7411277653637,BACH1,True,False,3.0699360894262733
572,BAD,True,False,8.455244475756652,BAD,True,False,3.806551421978487
573,BAG1,True,False,6.128545821360911,BAG1,True,False,3.225758838441187
580,BARD1,True,False,5.53141347918464,BARD1,True,False,3.5699844405678074
581,BAX,True,False,6.404932847850841,BAX,True,False,2.596205318390699
586,BCAT1,True,False,7.673272427455127,BCAT1,True,False,2.6638352309405082
587,BCAT2,True,False,13.486997677105055,BCAT2,True,False,3.6949998235774024
590,BCHE,True,False,5.9248839129405395,BCHE,True,False,1.8636111286811392
593,BCKDHA,True,False,10.625438917169207,BCKDHA,True,False,3.9289810883109397
594,BCKDHB,True,False,18.2199099334095,BCKDHB,True,False,3.051807023774376
595,CCND1,True,False,11.418086057166622,CCND1,True,False,3.5543025357008204
598,BCL2L1,True,False,6.421848193850043,BCL2L1,True,False,6.540174899972474
599,BCL2L2,True,False,12.15973167683805,BCL2L2,True,False,2.4492826122372753
604,BCL6,True,False,11.625263938559963,BCL6,True,False,3.8030895781994887
617,BCS1L,True,False,7.651586156973024,BCS1L,True,False,2.4910047749520543
622,BDH1,True,False,6.784913960802768,BDH1,True,False,2.423225433350181
623,BDKRB1,True,False,28.9426430329572,BDKRB1,True,False,3.040599737495058
627,BDNF,True,False,6.5976234275315795,BDNF,True,False,3.6033752966169494
629,CFB,True,False,7.922586207641384,CFB,True,False,2.6454792188752485
635,BHMT,True,False,6.560160306892199,BHMT,True,False,2.865381051544131
637,BID,True,False,6.794170925503799,BID,True,False,2.828702727074721
639,PRDM1,True,False,11.921967765121849,PRDM1,True,False,4.7276064232417605
640,BLK,True,False,28.443181144937178,BLK,True,False,2.4561844330341356
641,BLM,True,False,6.061763105601837,BLM,True,False,4.998093082658077
642,BLMH,True,False,7.14449395190063,BLMH,True,False,3.10914940719273
644,BLVRA,True,False,6.559825371227964,BLVRA,True,False,2.4464746742252115
645,BLVRB,True,False,6.674355038640808,BLVRB,True,False,3.9196876530660134
648,BMI1,True,False,7.332309520560896,BMI1,True,False,2.244305537824395
649,BMP1,True,False,8.556486534734567,BMP1,True,False,2.6583484927282863
651,BMP3,True,False,10.469973819397024,BMP3,True,False,2.553276582306476
652,BMP4,True,False,6.937395234049295,BMP4,True,False,2.822358297725048
653,BMP5,True,False,7.847738658167053,BMP5,True,False,3.0872563406429996
657,BMPR1A,True,False,6.750335917399851,BMPR1A,True,False,2.9278647099878943
658,BMPR1B,True,False,6.21763818371605,BMPR1B,True,False,3.1106418706684895
659,BMPR2,True,False,9.289511563561243,BMPR2,True,False,3.571943138066879
660,BMX,True,False,7.030961006324289,BMX,True,False,2.8204656910411856
661,POLR3D,True,False,6.576261449191799,POLR3D,True,False,3.830801890943938
662,BNIP1,True,False,6.188973602232427,BNIP1,True,False,3.3409614595893427
664,BNIP3,True,False,10.772699727445538,BNIP3,True,False,3.3928467200681474
669,BPGM,True,False,7.202035883238562,BPGM,True,False,2.5452711527873633
670,BPHL,True,False,6.134837935924428,BPHL,True,False,2.455554974259978
671,BPI,True,False,9.90904598682012,BPI,True,False,2.5629045100496555
672,BRCA1,True,False,8.898366925188316,BRCA1,True,False,4.271095457892824
673,BRAF,True,False,6.37111054706072,BRAF,True,False,3.2102466452497294
677,ZFP36L1,True,False,14.463232821838865,ZFP36L1,True,False,3.2855655114604994
683,BST1,True,False,6.990777455976654,BST1,True,False,2.839120284162031
686,BTD,True,False,8.619107518370576,BTD,True,False,7.339277456853389
689,BTF3,True,False,7.0770099121961465,BTF3,True,False,7.354736368586242
694,BTG1,True,False,9.696000650968323,BTG1,True,False,2.9691064137288117
695,BTK,True,False,8.70576413969158,BTK,True,False,2.492415887662017
699,BUB1,True,False,5.960665012086163,BUB1,True,False,3.2674185314329223
701,BUB1B,True,False,5.47856842737378,BUB1B,True,False,2.856186299254869
715,C1R,True,False,6.822488221743448,C1R,True,False,3.6090298022667637
716,C1S,True,False,6.14978496834835,C1S,True,False,3.1245072199277115
719,C3AR1,True,False,7.763183857115172,C3AR1,True,False,3.3761290766589154
726,CAPN5,True,False,6.100029434972978,CAPN5,True,False,2.280937469294236
728,C5AR1,True,False,6.948930967964456,C5AR1,True,False,4.591692521809454
733,C8G,True,False,8.481230479196977,C8G,True,False,2.781770970235028
744,MPPED2,True,False,5.866582949148047,MPPED2,True,False,2.902000505592952
745,MYRF,True,False,6.6629366592829875,MYRF,True,False,3.7118812678454614
759,CA1,True,False,6.5849934419936185,CA1,True,False,2.494115116811622
760,CA2,True,False,6.760819843146069,CA2,True,False,2.755216482013673
761,CA3,True,False,6.431168724553009,CA3,True,False,2.484047706419718
762,CA4,True,False,6.492455981354295,CA4,True,False,5.837009701399612
763,CA5A,True,False,8.784084266909783,CA5A,True,False,3.7349897593067034
765,CA6,True,False,7.467159617311458,CA6,True,False,6.310821553837308
767,CA8,True,False,6.386992358530486,CA8,True,False,3.3978134451039534
768,CA9,True,False,6.701630723684833,CA9,True,False,3.117094426653337
770,CA11,True,False,8.752464344540133,CA11,True,False,2.963999678657687
771,CA12,True,False,6.992894463559785,CA12,True,False,2.647591903218172
780,DDR1,True,False,9.167172899149824,DDR1,True,False,2.8501623461367656
782,CACNB1,True,False,7.159808005673693,CACNB1,True,False,4.331035207108809
784,CACNB3,True,False,6.237784265066218,CACNB3,True,False,2.7125614894701635
785,CACNB4,True,False,7.685095529548434,CACNB4,True,False,8.327061618802885
786,CACNG1,True,False,8.722804971919233,CACNG1,True,False,3.4604517124581573
801,CALM1,True,False,6.329716873347845,CALM1,True,False,3.557858029631494
805,CALM2,True,False,6.639199318151366,CALM2,True,False,4.76117059181474
808,CALM3,True,False,6.308388223635233,CALM3,True,False,3.383227216455716
811,CALR,True,False,8.226690486058025,CALR,True,False,2.815850990758314
814,CAMK4,True,False,6.088845207192232,CAMK4,True,False,4.586006655394652
815,CAMK2A,True,False,12.428110680141081,CAMK2A,True,False,2.8912747463830306
816,CAMK2B,True,False,7.3465879204026345,CAMK2B,True,False,3.515014205829266
817,CAMK2D,True,False,7.3382320274234685,CAMK2D,True,False,3.2621016281001034
818,CAMK2G,True,False,8.445212936807254,CAMK2G,True,False,2.8425196073450723
823,CAPN1,True,False,6.94127666741495,CAPN1,True,False,3.457806250662869
824,CAPN2,True,False,7.198534386069921,CAPN2,True,False,2.613911811433772
825,CAPN3,True,False,7.898150211243888,CAPN3,True,False,2.167940575982508
827,CAPN6,True,False,6.141320486724475,CAPN6,True,False,2.516179742476429
833,CARS1,True,False,6.44662372300952,CARS,True,False,4.321331323150652
835,CASP2,True,False,11.92655980852347,CASP2,True,False,2.7700882137075027
836,CASP3,True,False,8.996453340079567,CASP3,True,False,2.8352207809837466
838,CASP5,True,False,6.419384035688425,CASP5,True,False,4.876733620550664
839,CASP6,True,False,6.315311434848204,CASP6,True,False,3.2592402995607053
840,CASP7,True,False,6.838605807725594,CASP7,True,False,2.5410006324393124
841,CASP8,True,False,55.57723434764737,CASP8,True,False,2.436472151019901
842,CASP9,True,False,8.655718472016677,CASP9,True,False,2.3265913889264915
847,CAT,True,False,8.85484925254497,CAT,True,False,2.687347438556239
857,CAV1,True,False,7.399864694302982,CAV1,True,False,2.7973928185414114
859,CAV3,True,False,6.519461426743098,CAV3,True,False,2.877958012582544
865,CBFB,True,False,8.682554110119646,CBFB,True,False,4.789634567568794
866,SERPINA6,True,False,6.689513013321132,SERPINA6,True,False,3.1844015463554416
868,CBLB,True,False,6.752402913997201,CBLB,True,False,3.4004464786532886
873,CBR1,True,False,6.416579963919093,CBR1,True,False,2.6302176185218116
874,CBR3,True,False,8.526621275850706,CBR3,True,False,2.7383478759865216
883,KYAT1,True,False,7.830216124563922,KYAT1,True,False,2.6901287534134113
887,CCKBR,True,False,6.758612350709235,CCKBR,True,False,2.853711836214319
890,CCNA2,True,False,15.635810815963005,CCNA2,True,False,10.829974498909992
892,CCNC,True,False,7.781844740513044,CCNC,True,False,3.718606801482151
894,CCND2,True,False,10.212882696916571,CCND2,True,False,4.484800167864043
896,CCND3,True,False,11.63666971767251,CCND3,True,False,2.956080348647927
900,CCNG1,True,False,6.104862790301624,CCNG1,True,False,2.2941113059874163
901,CCNG2,True,False,8.810508718149476,CCNG2,True,False,2.7970463344035
902,CCNH,True,False,7.513585395056314,CCNH,True,False,3.227158584826464
914,CD2,True,False,12.18711890641105,CD2,True,False,2.226498659928865
915,CD3D,True,False,7.625258452604071,CD3D,True,False,2.8598903501734605
917,CD3G,True,False,6.934887104530322,CD3G,True,False,2.9775924206422677
919,CD247,True,False,6.3087098321558175,CD247,True,False,2.834845537030738
922,CD5L,True,False,8.054960050574717,CD5L,True,False,2.6840175526885344
923,CD6,True,False,11.363738195381462,CD6,True,False,3.0030673268642336
929,CD14,True,False,6.797628011146556,CD14,True,False,2.1833611990479014
939,CD27,True,False,10.693983627322162,CD27,True,False,2.628799431202815
940,CD28,True,False,7.449671870165729,CD28,True,False,2.2282611307912825
942,CD86,True,False,8.501652575309176,CD86,True,False,2.720611505249506
948,CD36,True,False,6.557023348835765,CD36,True,False,3.0930013197704147
950,SCARB2,True,False,7.633011797288867,SCARB2,True,False,2.546051675530687
952,CD38,True,False,6.600547936316494,CD38,True,False,2.3833764787514222
956,ENTPD3,True,False,8.052311376396824,ENTPD3,True,False,2.6360229330404215
957,ENTPD5,True,False,5.720739313661513,ENTPD5,True,False,3.407182136357096
958,CD40,True,False,17.611880040745984,CD40,True,False,3.1414786632027627
969,CD69,True,False,6.93463289849871,CD69,True,False,2.543205757601507
971,CD72,True,False,12.97942621404306,CD72,True,False,3.223798485302374
972,CD74,True,False,8.349401942958563,CD74,True,False,2.726668616675936
973,CD79A,True,False,7.455387862447031,CD79A,True,False,3.1871730912395275
983,CDK1,True,False,7.05100484080446,CDK1,True,False,19.799577952497508
984,CDK11B,True,False,7.382757751758339,CDK11B,True,False,7.580087747394148
988,CDC5L,True,False,6.203712923734636,CDC5L,True,False,3.329456493732673
989,SEPTIN7,True,False,6.002456526841985,SEPT7,True,False,8.27797204786901
993,CDC25A,True,False,10.588515973651955,CDC25A,True,False,4.181409400133827
994,CDC25B,True,False,6.259551766053911,CDC25B,True,False,4.925304182846991
995,CDC25C,True,False,9.60721930201068,CDC25C,True,False,3.3079883831106174
997,CDC34,True,False,6.144482540298891,CDC34,True,False,3.017436164024496
1014,CDH16,True,False,6.941465792818907,CDH16,True,False,2.9928510439106244
1015,CDH17,True,False,6.264106686409568,CDH17,True,False,2.513482981503622
1017,CDK2,True,False,9.168425054393627,CDK2,True,False,4.014512313560564
1018,CDK3,True,False,13.289611492855277,CDK3,True,False,3.286745464037816
1019,CDK4,True,False,6.797308333549421,CDK4,True,False,3.1852240483238092
1020,CDK5,True,False,6.603069342454623,CDK5,True,False,3.5208268139360075
1021,CDK6,True,False,5.882758488302092,CDK6,True,False,3.201633446060897
1022,CDK7,True,False,7.219889707927063,CDK7,True,False,3.483906326870281
1024,CDK8,True,False,6.187109601801712,CDK8,True,False,2.724579557080765
1025,CDK9,True,False,9.749436620067767,CDK9,True,False,3.5906158872119924
1033,CDKN3,True,False,5.465972681915592,CDKN3,True,False,2.754168113021091
1036,CDO1,True,False,9.138611682777254,CDO1,True,False,3.6984544709792795
1040,CDS1,True,False,7.890199216751503,CDS1,True,False,3.506203446811133
1044,CDX1,True,False,7.449828762171103,CDX1,True,False,3.095589052996457
1045,CDX2,True,False,20.96441045570071,CDX2,True,False,3.697182492226982
1046,CDX4,True,False,6.875126484184469,CDX4,True,False,2.796616389705917
1047,CLGN,True,False,12.429941442187664,CLGN,True,False,2.629246730043607
1053,CEBPE,True,False,9.934375904568508,CEBPE,True,False,3.029435271515032
1054,CEBPG,True,False,8.216224028791856,CEBPG,True,False,3.1559175945999822
1066,CES1,True,False,8.306518894420345,CES1,True,False,2.023230452537268
1068,CETN1,True,False,6.645447076914785,CETN1,True,False,2.656605347381275
1071,CETP,True,False,5.8478092033510105,CETP,True,False,2.520816053058616
1103,CHAT,True,False,7.193152325001101,CHAT,True,False,2.6510471664617206
1105,CHD1,True,False,6.980331363337862,CHD1,True,False,3.137705027956476
1106,CHD2,True,False,8.03290109012889,CHD2,True,False,3.4744509506661867
1109,AKR1C4,True,False,7.02018602207961,AKR1C4,True,False,2.866249767530707
1111,CHEK1,True,False,16.999351060352563,CHEK1,True,False,5.074633831441355
1112,FOXN3,True,False,6.629482548205519,FOXN3,True,False,2.8386263605528046
1116,CHI3L1,True,False,6.818169583392922,CHI3L1,True,False,2.942204902046566
1117,CHI3L2,True,False,7.150729423631517,CHI3L2,True,False,3.423221451284955
1118,CHIT1,True,False,6.98358495610157,CHIT1,True,False,3.0094377167948565
1119,CHKA,True,False,6.2913332210770285,CHKA,True,False,5.561826228281222
1128,CHRM1,True,False,12.930348752074526,CHRM1,True,False,3.740460581985246
1129,CHRM2,True,False,6.738957928038379,CHRM2,True,False,2.6441285014267604
1131,CHRM3,True,False,8.309126405309852,CHRM3,True,False,2.7588966006822786
1132,CHRM4,True,False,18.14693017253431,CHRM4,True,False,4.0170355624125795
1133,CHRM5,True,False,8.075330711650636,CHRM5,True,False,3.014753616434951
1134,CHRNA1,True,False,8.819950754872604,CHRNA1,True,False,2.7541990717082565
1137,CHRNA4,True,False,6.546704209184818,CHRNA4,True,False,2.789708863143394
1139,CHRNA7,True,False,9.015121186244032,CHRNA7,True,False,3.056997412454845
1140,CHRNB1,True,False,8.576410795098509,CHRNB1,True,False,4.026594815551456
1141,CHRNB2,True,False,6.65239513739497,CHRNB2,True,False,5.0133077912285025
1142,CHRNB3,True,False,5.6029067990202,CHRNB3,True,False,2.833953038020827
1144,CHRND,True,False,8.427831067909347,CHRND,True,False,2.8230000254314844
1146,CHRNG,True,False,6.8325921599062305,CHRNG,True,False,2.9852107549193603
1152,CKB,True,False,7.954531019770487,CKB,True,False,3.4431093715776524
1154,CISH,True,False,7.418068625821958,CISH,True,False,3.4346315555189886
1158,CKM,True,False,8.311410259350609,CKM,True,False,4.128821728405877
1159,CKMT1B,True,False,8.896147676489527,CKMT1B,True,False,2.801014727210656
1160,CKMT2,True,False,11.800106793108325,CKMT2,True,False,3.383311075085428
1161,ERCC8,True,False,7.990420139987887,ERCC8,True,False,3.0806649390262137
1164,CKS2,True,False,9.759504054850519,CKS2,True,False,4.10280211982203
1178,CLC,True,False,6.793002934473873,CLC,True,False,2.725554424825065
1181,CLCN2,True,False,7.579402360081684,CLCN2,True,False,4.501752777714769
1183,CLCN4,True,False,7.034851255705011,CLCN4,True,False,3.060617405748651
1184,CLCN5,True,False,5.925733135237042,CLCN5,True,False,3.0054745172586825
1185,CLCN6,True,False,6.838122314635462,CLCN6,True,False,2.923816046383726
1188,CLCNKB,True,False,16.0184353946654,CLCNKB,True,False,2.8153907006260437
1192,CLIC1,True,False,7.565126887020615,CLIC1,True,False,2.798488038729284
1193,CLIC2,True,False,8.774932591113668,CLIC2,True,False,2.108762253045665
1195,CLK1,True,False,9.500749665665216,CLK1,True,False,3.257592587037865
1196,CLK2,True,False,6.407813056618734,CLK2,True,False,3.5550281552857377
1198,CLK3,True,False,6.861463567145631,CLK3,True,False,3.0092117394372906
1200,TPP1,True,False,9.16627040156442,TPP1,True,False,2.7087444256997326
1215,CMA1,True,False,6.155143450027669,CMA1,True,False,2.196270763610675
1230,CCR1,True,False,8.455980996271542,CCR1,True,False,2.862780381009717
1232,CCR3,True,False,6.674290549426439,CCR3,True,False,2.7519578707524457
1235,CCR6,True,False,7.19048613965409,CCR6,True,False,2.7614583167264874
1237,CCR8,True,False,5.692301869270154,CCR8,True,False,3.295889349837243
1238,ACKR2,True,False,9.486872600487938,ACKR2,True,False,2.9852805778767006
1240,CMKLR1,True,False,6.25777359467218,CMKLR1,True,False,2.9561381355241863
1241,LTB4R,True,False,6.149381579510849,LTB4R,True,False,3.0639906663838814
1261,CNGA3,True,False,6.0100156264313345,CNGA3,True,False,4.415564598223052
1262,CNGA4,True,False,8.103886886322325,CNGA4,True,False,3.3206766981115114
1267,CNP,True,False,8.550726135927492,CNP,True,False,2.462699628376238
1268,CNR1,True,False,5.963304627644256,CNR1,True,False,3.6282655603114367
1270,CNTF,True,False,6.653150992202306,CNTF,True,False,2.902294374094386
1271,CNTFR,True,False,7.935711796281249,CNTFR,True,False,2.427598389903185
1312,COMT,True,False,7.0303946364770145,COMT,True,False,2.7385162407452097
1316,KLF6,True,False,12.9625253514308,KLF6,True,False,5.085487033861432
1326,MAP3K8,True,False,17.57924884040274,MAP3K8,True,False,2.5378620323550067
1327,COX4I1,True,False,6.464905864439946,COX4I1,True,False,3.0606703075133748
1329,COX5B,True,False,10.399785076821589,COX5B,True,False,3.1574213646303546
1337,COX6A1,True,False,8.973180877276405,COX6A1,True,False,3.1576409911578946
1340,COX6B1,True,False,6.848840804839965,COX6B1,True,False,2.9469230325499076
1347,COX7A2,True,False,7.014238779893702,COX7A2,True,False,2.995626013154914
1350,COX7C,True,False,6.749811878640983,COX7C,True,False,3.6084386659737198
1351,COX8A,True,False,6.322938005801898,COX8A,True,False,3.052640201755864
1352,COX10,True,False,7.391441816365031,COX10,True,False,2.9327369718605056
1353,COX11,True,False,14.129859403368647,COX11,True,False,2.7730790921783535
1357,CPA1,True,False,6.2736574430247884,CPA1,True,False,2.3406030491088528
1358,CPA2,True,False,7.816937530790562,CPA2,True,False,2.1771492432388135
1359,CPA3,True,False,10.039851078238817,CPA3,True,False,2.4780187599615324
1361,CPB2,True,False,6.882634501459041,CPB2,True,False,2.0869310557366916
1362,CPD,True,False,6.177453893571512,CPD,True,False,4.347185352892146
1363,CPE,True,False,6.3895017203138496,CPE,True,False,2.563767319254023
1364,CLDN4,True,False,6.775379247240145,CLDN4,True,False,4.878781864240888
1368,CPM,True,False,7.093803561963995,CPM,True,False,3.055155457795663
1369,CPN1,True,False,6.611741858928185,CPN1,True,False,2.5871554066574918
1371,CPOX,True,False,8.24173736521982,CPOX,True,False,3.0303500704153583
1374,CPT1A,True,False,6.427256807093392,CPT1A,True,False,3.4767638575647117
1375,CPT1B,True,False,7.090853880338003,CPT1B,True,False,2.6928969562146796
1381,CRABP1,True,False,6.73759961489438,CRABP1,True,False,2.6074957832318617
1382,CRABP2,True,False,7.5376692430143075,CRABP2,True,False,2.9244763366876083
1385,CREB1,True,False,6.102302968728263,CREB1,True,False,2.8082720591703176
1386,ATF2,True,False,6.539987284334486,ATF2,True,False,3.126127241606532
1390,CREM,True,False,5.92392347723762,CREM,True,False,3.405555963293643
1392,CRH,True,False,6.825997001084631,CRH,True,False,3.880018950338569
1399,CRKL,True,False,23.088858398327144,CRKL,True,False,8.430467473107557
1406,CRX,True,False,10.251427420145324,CRX,True,False,15.092378485000472
1407,CRY1,True,False,6.933168520020146,CRY1,True,False,1.9513924388031594
1408,CRY2,True,False,6.314139409933414,CRY2,True,False,4.141605788435245
1428,CRYM,True,False,6.36153989721236,CRYM,True,False,2.9282141086722695
1429,CRYZ,True,False,6.5320981830483635,CRYZ,True,False,2.658451802754382
1431,CS,True,False,6.30407288203575,CS,True,False,3.3882663457829203
1432,MAPK14,True,False,8.45100344495055,MAPK14,True,False,3.618594112047517
1435,CSF1,True,False,7.471622270078825,CSF1,True,False,2.549657115489185
1440,CSF3,True,False,8.28988938668021,CSF3,True,False,2.7814039308917358
1445,CSK,True,False,11.529045500112522,CSK,True,False,5.7791328722861355
1452,CSNK1A1,True,False,7.750304259384699,CSNK1A1,True,False,6.038512425090623
1453,CSNK1D,True,False,13.655082471797904,CSNK1D,True,False,9.801271687173609
1454,CSNK1E,True,False,18.46392218326096,CSNK1E,True,False,5.669377652982842
1455,CSNK1G2,True,False,10.624101101885598,CSNK1G2,True,False,3.1918121006138946
1456,CSNK1G3,True,False,6.818185676695792,CSNK1G3,True,False,4.1143954799927345
1457,CSNK2A1,True,False,5.899735222718522,CSNK2A1,True,False,3.360256803737015
1459,CSNK2A2,True,False,4.9392789983168806,CSNK2A2,True,False,5.211283608807185
1460,CSNK2B,True,False,7.307157716330315,CSNK2B,True,False,7.917787353454705
1468,SLC25A10,True,False,8.790223682404205,SLC25A10,True,False,3.0701290689233502
1475,CSTA,True,False,6.387344613330061,CSTA,True,False,3.052190149822133
1482,NKX2-5,True,False,7.401261942865605,NKX2-5,True,False,3.0713361987861743
1486,CTBS,True,False,6.983922470840564,CTBS,True,False,2.4297940881260818
1487,CTBP1,True,False,10.600924133499733,CTBP1,True,False,3.5082799292822386
1488,CTBP2,True,False,8.404503258258167,CTBP2,True,False,3.820269790515553
1490,CCN2,True,False,7.971994207146304,CTGF,True,False,2.618127334046365
1491,CTH,True,False,8.015968746847966,CTH,True,False,2.8951495051252496
1497,CTNS,True,False,6.562679579320279,CTNS,True,False,2.9337756639503496
1504,CTRB1,True,False,6.492134724872544,CTRB1,True,False,2.5568862208992797
1506,CTRL,True,False,7.034587353940883,CTRL,True,False,2.7734068746522875
1509,CTSD,True,False,8.591028937391178,CTSD,True,False,2.4173264691428136
1510,CTSE,True,False,10.464678584547896,CTSE,True,False,2.2942332488822195
1511,CTSG,True,False,8.255762975859952,CTSG,True,False,2.571473160892765
1512,CTSH,True,False,9.913694864070841,CTSH,True,False,2.563219002469873
1513,CTSK,True,False,10.056983643026411,CTSK,True,False,2.7723949747799765
1514,CTSL,True,False,7.618647713891995,CTSL,True,False,4.226693583501581
1515,CTSV,True,False,9.657937417654741,CTSV,True,False,2.788250379644962
1519,CTSO,True,False,6.172109685557892,CTSO,True,False,2.4651059748308004
1520,CTSS,True,False,6.803607646310562,CTSS,True,False,3.759919989203798
1522,CTSZ,True,False,7.162557386434927,CTSZ,True,False,2.8356016866228333
1524,CX3CR1,True,False,6.715299619068497,CX3CR1,True,False,2.905154019733067
1525,CXADR,True,False,6.034625639731348,CXADR,True,False,2.3446660995291206
1528,CYB5A,True,False,8.309093209400713,CYB5A,True,False,2.399232506893697
1535,CYBA,True,False,7.291031921707273,CYBA,True,False,3.962890488477273
1536,CYBB,True,False,6.511888990471717,CYBB,True,False,2.2844820086771325
1537,CYC1,True,False,14.253423584977986,CYC1,True,False,3.3450704665497177
1543,CYP1A1,True,False,8.09617680306254,CYP1A1,True,False,2.6298861842963333
1544,CYP1A2,True,False,9.45398881008801,CYP1A2,True,False,2.4696294606479046
1545,CYP1B1,True,False,7.444377907747376,CYP1B1,True,False,3.060536540945782
1548,CYP2A6,True,False,11.536928941397722,CYP2A6,True,False,2.994462158160882
1549,CYP2A7,True,False,12.45109433122603,CYP2A7,True,False,5.021864459131274
1559,CYP2C9,True,False,9.426707592805531,CYP2C9,True,False,3.9263790054698684
1562,CYP2C18,True,False,8.306986442532793,CYP2C18,True,False,2.6878296352186966
1571,CYP2E1,True,False,7.14515345099512,CYP2E1,True,False,2.783255986951438
1572,CYP2F1,True,False,12.02053327659836,CYP2F1,True,False,2.8790433733175207
1573,CYP2J2,True,False,7.1858213327161415,CYP2J2,True,False,2.714261018333286
1576,CYP3A4,True,False,7.72945962783642,CYP3A4,True,False,3.8550656753992345
1579,CYP4A11,True,False,5.8846134854636905,CYP4A11,True,False,3.597344909544966
1580,CYP4B1,True,False,6.396578975865128,CYP4B1,True,False,3.2115719251005634
1582,CYP8B1,True,False,9.185992891479975,CYP8B1,True,False,2.6615459977662974
1583,CYP11A1,True,False,10.805237663157447,CYP11A1,True,False,2.1637573476347756
1584,CYP11B1,True,False,21.233227535241742,CYP11B1,True,False,5.905267334021373
1586,CYP17A1,True,False,6.727999210367677,CYP17A1,True,False,2.875267174121671
1588,CYP19A1,True,False,8.421509055299905,CYP19A1,True,False,2.5056364323573583
1589,CYP21A2,True,False,5.901276060838264,CYP21A2,True,False,2.7280893304782516
1591,CYP24A1,True,False,13.492843206836634,CYP24A1,True,False,3.6265404832728922
1593,CYP27A1,True,False,8.259761398660448,CYP27A1,True,False,3.5981209790056203
1594,CYP27B1,True,False,6.216474519502156,CYP27B1,True,False,3.2172554635104413
1595,CYP51A1,True,False,7.186559508092803,CYP51A1,True,False,2.768262693963969
1600,DAB1,True,False,6.493390119444274,DAB1,True,False,3.345882544507796
1601,DAB2,True,False,6.618098060543633,DAB2,True,False,2.6934355144071476
1602,DACH1,True,False,6.166855804776605,DACH1,True,False,2.839717566579535
1603,DAD1,True,False,6.545650482029188,DAD1,True,False,3.6416732611421003
1606,DGKA,True,False,6.445908989130106,DGKA,True,False,2.900988691464708
1607,DGKB,True,False,8.03062344114723,DGKB,True,False,2.7345172815619043
1608,DGKG,True,False,7.379548505059041,DGKG,True,False,3.093612262952481
1610,DAO,True,False,8.205178356225032,DAO,True,False,2.575168014238035
1612,DAPK1,True,False,7.104586393806481,DAPK1,True,False,3.3093582548582203
1613,DAPK3,True,False,9.177687932050862,DAPK3,True,False,3.5269530866533185
1615,DARS1,True,False,7.544269136720449,DARS,True,False,2.9971326583458175
1616,DAXX,True,False,8.122781192562762,DAXX,True,False,3.1510907091607496
1621,DBH,True,False,10.329477927415136,DBH,True,False,2.9405116427357374
1622,DBI,True,False,7.946686409267025,DBI,True,False,3.256011177692361
1628,DBP,True,False,9.36503558884811,DBP,True,False,5.370064825069596
1632,ECI1,True,False,7.790660607866746,ECI1,True,False,2.6090798053017
1633,DCK,True,False,7.77446480420361,DCK,True,False,3.8221063930333945
1638,DCT,True,False,9.125353537742805,DCT,True,False,2.1534127915342562
1642,DDB1,True,False,7.584740604120473,DDB1,True,False,14.748829969805158
1643,DDB2,True,False,9.436781214040693,DDB2,True,False,3.454786107241792
1645,AKR1C1,True,False,5.967784423022383,AKR1C1,True,False,2.8053893495498192
1646,AKR1C2,True,False,10.705873129132595,AKR1C2,True,False,3.145860614558101
1647,GADD45A,True,False,13.256140858537577,GADD45A,True,False,3.3057479997122377
1649,DDIT3,True,False,6.811215597124216,DDIT3,True,False,2.7787143107648795
1653,DDX1,True,False,9.46663847151419,DDX1,True,False,3.176095736233852
1656,DDX6,True,False,6.791950003226897,DDX6,True,False,5.397165472335121
1659,DHX8,True,False,6.972921276927324,DHX8,True,False,20.59789918907779
1663,DDX11,True,False,6.767932653779572,DDX11,True,False,3.1836030270808267
1666,DECR1,True,False,6.840390183198398,DECR1,True,False,4.844110939005759
1676,DFFA,True,False,6.2344645909434195,DFFA,True,False,2.433269356382718
1677,DFFB,True,False,7.747674632429197,DFFB,True,False,2.845603195471501
1678,TIMM8A,True,False,12.003553981871548,TIMM8A,True,False,13.514509964822292
1716,DGUOK,True,False,21.50510020065483,DGUOK,True,False,2.29869934317231
1717,DHCR7,True,False,17.24073125109152,DHCR7,True,False,2.6202100589883983
1718,DHCR24,True,False,7.6460897684971725,DHCR24,True,False,3.7931598958093837
1719,DHFR,True,False,7.0998770504034105,DHFR,True,False,2.878468678401707
1723,DHODH,True,False,8.794727064439607,DHODH,True,False,3.0317534061649805
1725,DHPS,True,False,7.096232795234555,DHPS,True,False,4.3122091512561465
1731,SEPTIN1,True,False,7.404765860091584,SEPT1,True,False,2.3663904623932606
1733,DIO1,True,False,7.458786472896868,DIO1,True,False,2.7381412784055414
1734,DIO2,True,False,6.407475861727051,DIO2,True,False,2.7289560096218697
1735,DIO3,True,False,6.059717793324823,DIO3,True,False,2.7252323506832843
1736,DKC1,True,False,5.152685805950401,DKC1,True,False,4.790370207712453
1737,DLAT,True,False,6.232196075199502,DLAT,True,False,2.518781062105443
1738,DLD,True,False,7.143317212918073,DLD,True,False,2.787015379434227
1739,DLG1,True,False,6.199854321806297,DLG1,True,False,3.0136362238435956
1741,DLG3,True,False,7.2195101226619744,DLG3,True,False,2.2448679407163943
1743,DLST,True,False,6.703711386437163,DLST,True,False,2.9338301620489573
1746,DLX2,True,False,7.843443954115562,DLX2,True,False,2.9706514507410207
1747,DLX3,True,False,14.20007055667901,DLX3,True,False,3.077238683556706
1748,DLX4,True,False,9.823131476792136,DLX4,True,False,3.804103078336012
1749,DLX5,True,False,6.0101345837857005,DLX5,True,False,2.505674382801771
1750,DLX6,True,False,9.448846157306576,DLX6,True,False,2.355141118731433
1755,DMBT1,True,False,6.803202470250213,DMBT1,True,False,2.7257306165684674
1757,SARDH,True,False,5.887793647732837,SARDH,True,False,4.868026744872167
1759,DNM1,True,False,5.843318448450313,DNM1,True,False,2.619205107754379
1761,DMRT1,True,False,10.923028482829952,DMRT1,True,False,3.0490287367850724
1763,DNA2,True,False,6.143319907326021,DNA2,True,False,15.873429365802583
1774,DNASE1L1,True,False,6.776304758512153,DNASE1L1,True,False,3.2063087184681094
1775,DNASE1L2,True,False,6.264052852554794,DNASE1L2,True,False,3.1201748554132256
1776,DNASE1L3,True,False,7.481191197492251,DNASE1L3,True,False,2.4741199994477654
1777,DNASE2,True,False,7.733186894313339,DNASE2,True,False,3.9485840506437246
1778,DYNC1H1,True,False,7.901501386108318,DYNC1H1,True,False,10.433470798266367
1780,DYNC1I1,True,False,7.130047878683795,DYNC1I1,True,False,2.4434665270135474
1781,DYNC1I2,True,False,7.011369654221729,DYNC1I2,True,False,6.9958639658333635
1783,DYNC1LI2,True,False,6.936075343673129,DYNC1LI2,True,False,2.483607034447904
1787,TRDMT1,True,False,6.010204664016586,TRDMT1,True,False,3.10275044662
1798,DPAGT1,True,False,8.995194324744102,DPAGT1,True,False,3.832942845253564
1800,DPEP1,True,False,8.051146791025243,DPEP1,True,False,3.1228109378870244
1806,DPYD,True,False,5.99737331662215,DPYD,True,False,2.7665615253753835
1807,DPYS,True,False,6.15654359791931,DPYS,True,False,1.8454022219785353
1808,DPYSL2,True,False,5.761646822461357,DPYSL2,True,False,1.9783712946828769
1809,DPYSL3,True,False,6.654511693035527,DPYSL3,True,False,2.398578553147438
1810,DR1,True,False,5.519358308034832,DR1,True,False,3.0582855020067212
1812,DRD1,True,False,7.103367053381386,DRD1,True,False,2.9473622891351985
1813,DRD2,True,False,8.824446456531746,DRD2,True,False,3.6160690942951037
1814,DRD3,True,False,9.026623332719787,DRD3,True,False,3.2151897942162138
1816,DRD5,True,False,7.178147242587213,DRD5,True,False,3.081879766771612
1819,DRG2,True,False,5.7456508166782205,DRG2,True,False,2.2932708152429178
1820,ARID3A,True,False,7.998088748384872,ARID3A,True,False,3.15034310454721
1831,TSC22D3,True,False,7.461711909972951,TSC22D3,True,False,2.4765377324769404
1836,SLC26A2,True,False,6.91376700232704,SLC26A2,True,False,2.16043402216984
1841,DTYMK,True,False,7.965481151193345,DTYMK,True,False,3.174317538793541
1845,DUSP3,True,False,7.117711288952112,DUSP3,True,False,3.2091901338568567
1846,DUSP4,True,False,8.940466060735291,DUSP4,True,False,2.6964852396002743
1848,DUSP6,True,False,14.222566693927284,DUSP6,True,False,2.697669433331794
1849,DUSP7,True,False,8.90016160996968,DUSP7,True,False,2.486751251375504
1854,DUT,True,False,6.629437586033131,DUT,True,False,5.250831417616208
1871,E2F3,True,False,5.668748594562465,E2F3,True,False,3.707100543196048
1876,E2F6,True,False,14.2380165215485,E2F6,True,False,2.8296783071716085
1877,E4F1,True,False,6.3343264264268,E4F1,True,False,8.671829236745054
1879,EBF1,True,False,15.938482049798916,EBF1,True,False,3.0277555510000256
1880,GPR183,True,False,8.8688562487068,GPR183,True,False,2.7366343377976965
1890,TYMP,True,False,6.218000937126443,TYMP,True,False,2.717011693639799
1891,ECH1,True,False,10.503718563935964,ECH1,True,False,3.7114092593810457
1892,ECHS1,True,False,6.980483796896159,ECHS1,True,False,3.132391036551933
1901,S1PR1,True,False,7.07386483241117,S1PR1,True,False,3.1420056782895682
1902,LPAR1,True,False,18.438863325391193,LPAR1,True,False,2.873769098256884
1903,S1PR3,True,False,18.59161026353958,S1PR3,True,False,2.8334925865747738
1909,EDNRA,True,False,6.415309533533385,EDNRA,True,False,2.633083807054391
1910,EDNRB,True,False,6.482788856050113,EDNRB,True,False,3.4302149087112825
1912,PHC2,True,False,6.181554669822174,PHC2,True,False,3.136152414501145
1915,EEF1A1,True,False,8.019217017497235,EEF1A1,True,False,9.70068839973195
1917,EEF1A2,True,False,6.781868387808729,EEF1A2,True,False,2.570134502690347
1933,EEF1B2,True,False,6.847435352855841,EEF1B2,True,False,2.3728318719179873
1936,EEF1D,True,False,5.895952026907702,EEF1D,True,False,3.26698374991546
1937,EEF1G,True,False,6.415332867639726,EEF1G,True,False,3.9643924571299407
1938,EEF2,True,False,6.891985117590441,EEF2,True,False,12.870722879208891
1942,EFNA1,True,False,10.073014842819273,EFNA1,True,False,2.354920336388972
1945,EFNA4,True,False,12.03736165754186,EFNA4,True,False,4.053289909781628
1946,EFNA5,True,False,7.354937218833241,EFNA5,True,False,3.1388009586401924
1947,EFNB1,True,False,12.104705760161627,EFNB1,True,False,2.8538701438857013
1948,EFNB2,True,False,7.310756963967383,EFNB2,True,False,2.4723220463291695
1949,EFNB3,True,False,9.632239761450956,EFNB3,True,False,12.939077887895765
1956,EGFR,True,False,6.947460555772812,EGFR,True,False,2.9014462873325186
1958,EGR1,True,False,9.736233392394045,EGR1,True,False,4.387213583828597
1959,EGR2,True,False,6.155369177038743,EGR2,True,False,3.0836481501245787
1960,EGR3,True,False,6.376306070593768,EGR3,True,False,2.7803337907170436
1962,EHHADH,True,False,5.649747200201438,EHHADH,True,False,3.031566793667038
1964,EIF1AX,True,False,10.632435393989306,EIF1AX,True,False,11.186777360859008
1967,EIF2B1,True,False,8.402084440717246,EIF2B1,True,False,5.260062067129592
1968,EIF2S3,True,False,7.55475407584292,EIF2S3,True,False,12.55026271325212
1969,EPHA2,True,False,21.388590936660798,EPHA2,True,False,3.0677482848871547
1973,EIF4A1,True,False,5.959044968584061,EIF4A1,True,False,9.837650186608897
1974,EIF4A2,True,False,7.506850450240977,EIF4A2,True,False,2.410244669969389
1975,EIF4B,True,False,6.797459088648046,EIF4B,True,False,3.1393686407111074
1978,EIF4EBP1,True,False,10.541504250352894,EIF4EBP1,True,False,3.031513366175659
1983,EIF5,True,False,6.252144180125163,EIF5,True,False,4.652092936572276
1984,EIF5A,True,False,6.725350275035597,EIF5A,True,False,5.001686291786215
1991,ELANE,True,False,7.2092113130154605,ELANE,True,False,2.852220450430149
1992,SERPINB1,True,False,6.117320817153132,SERPINB1,True,False,3.065189691340575
1997,ELF1,True,False,13.346268599131042,ELF1,True,False,2.5687474678541835
1998,ELF2,True,False,11.285795040927052,ELF2,True,False,3.1638288015687412
1999,ELF3,True,False,8.578679489916897,ELF3,True,False,2.164457731487567
2000,ELF4,True,False,7.800121715775876,ELF4,True,False,2.753683206388666
2001,ELF5,True,False,11.608792579054436,ELF5,True,False,2.6686675312042274
2002,ELK1,True,False,10.099896569391454,ELK1,True,False,2.982202557489584
2004,ELK3,True,False,22.301194760842982,ELK3,True,False,2.6464384288951703
2005,ELK4,True,False,6.545047656484486,ELK4,True,False,2.7370917366697443
2011,MARK2,True,False,15.199791899949814,MARK2,True,False,5.847864817486678
2015,ADGRE1,True,False,5.988447318451121,ADGRE1,True,False,2.3689603343679226
2023,ENO1,True,False,6.620125774407864,ENO1,True,False,4.528901231451179
2027,ENO3,True,False,9.087880527852125,ENO3,True,False,2.6298256991103726
2028,ENPEP,True,False,6.023361788926497,ENPEP,True,False,3.222215740875013
2030,SLC29A1,True,False,7.6189631878781015,SLC29A1,True,False,2.7610874133515195
2034,EPAS1,True,False,5.854641796626307,EPAS1,True,False,3.4477063655524613
2036,EPB41L1,True,False,10.921057404792334,EPB41L1,True,False,3.131008045255632
2038,EPB42,True,False,6.950035083716925,EPB42,True,False,2.6083300515290797
2041,EPHA1,True,False,6.5484688166465155,EPHA1,True,False,2.7773226305025593
2042,EPHA3,True,False,9.14202259996893,EPHA3,True,False,2.8592682675834964
2043,EPHA4,True,False,7.631104522990827,EPHA4,True,False,6.936677619395794
2045,EPHA7,True,False,4.591273351989578,EPHA7,True,False,2.474632447127817
2046,EPHA8,True,False,8.222973757730449,EPHA8,True,False,3.648473377884045
2047,EPHB1,True,False,5.728635032727707,EPHB1,True,False,2.6988372503624563
2048,EPHB2,True,False,5.741505884496376,EPHB2,True,False,2.792616260970876
2049,EPHB3,True,False,5.251510100529142,EPHB3,True,False,3.3865709145596
2050,EPHB4,True,False,8.57504553063042,EPHB4,True,False,2.669208358113106
2051,EPHB6,True,False,6.219059492408305,EPHB6,True,False,2.661852758456178
2053,EPHX2,True,False,6.275720355100915,EPHX2,True,False,2.1387367016081646
2054,STX2,True,False,6.180598963159239,STX2,True,False,3.2094843538218387
2059,EPS8,True,False,8.231825337414662,EPS8,True,False,2.671929652468635
2064,ERBB2,True,False,8.32336840248471,ERBB2,True,False,3.4675586131475757
2065,ERBB3,True,False,8.730879976849057,ERBB3,True,False,8.221627411857702
2066,ERBB4,True,False,6.247933158378216,ERBB4,True,False,2.5443495320055787
2067,ERCC1,True,False,6.208100022841246,ERCC1,True,False,3.118450570212296
2068,ERCC2,True,False,7.315064766291946,ERCC2,True,False,3.5905013167716895
2069,EREG,True,False,8.181152731601419,EREG,True,False,2.9188773963273804
2070,EYA4,True,False,7.661814656386717,EYA4,True,False,2.7902120839764843
2071,ERCC3,True,False,6.853761279415263,ERCC3,True,False,3.3545866208743367
2073,ERCC5,True,False,7.751753061834489,ERCC5,True,False,2.680791505459854
2077,ERF,True,False,5.721525157229336,ERF,True,False,3.164911966897036
2078,ERG,True,False,16.613924107740864,ERG,True,False,2.482317687528173
2081,ERN1,True,False,6.714228056983114,ERN1,True,False,2.6891073727917987
2098,ESD,True,False,8.184408060090146,ESD,True,False,2.294802791851968
2099,ESR1,True,False,12.13480340457342,ESR1,True,False,2.3391767571134072
2100,ESR2,True,False,5.861455595374463,ESR2,True,False,2.8804762136116664
2104,ESRRG,True,False,13.129029849686576,ESRRG,True,False,2.9774297305907127
2108,ETFA,True,False,7.627581743235613,ETFA,True,False,2.737878597988324
2109,ETFB,True,False,6.204640676235546,ETFB,True,False,3.096816308927276
2110,ETFDH,True,False,6.483857028686908,ETFDH,True,False,2.872319687838415
2113,ETS1,True,False,5.931327067222793,ETS1,True,False,3.2994323668704437
2114,ETS2,True,False,9.643759523611411,ETS2,True,False,2.7966784630504167
2115,ETV1,True,False,7.235556548479346,ETV1,True,False,2.866948221041243
2118,ETV4,True,False,6.310148087628474,ETV4,True,False,3.952898045313639
2119,ETV5,True,False,5.337919567065019,ETV5,True,False,2.5021684392680457
2120,ETV6,True,False,9.44726750535378,ETV6,True,False,3.382487656597498
2122,MECOM,True,False,6.758686014669355,MECOM,True,False,2.557997321855979
2130,EWSR1,True,False,8.213629472174198,EWSR1,True,False,4.491758768994459
2131,EXT1,True,False,7.936753878317134,EXT1,True,False,4.969888278417908
2132,EXT2,True,False,8.850708243739117,EXT2,True,False,3.824871542804955
2137,EXTL3,True,False,8.210851786708787,EXTL3,True,False,3.0288377868004814
2138,EYA1,True,False,5.58434145501431,EYA1,True,False,2.7736122367642624
2139,EYA2,True,False,6.947610175629014,EYA2,True,False,1.8345708661336695
2140,EYA3,True,False,6.643730163161983,EYA3,True,False,3.2438980032981886
2145,EZH1,True,False,6.3587792186107555,EZH1,True,False,2.9673697156900163
2146,EZH2,True,False,6.9113649389688865,EZH2,True,False,2.9188591824083807
2149,F2R,True,False,6.650383644259251,F2R,True,False,2.9848230693723456
2150,F2RL1,True,False,7.85556903585238,F2RL1,True,False,2.56165214139176
2151,F2RL2,True,False,10.30997350355871,F2RL2,True,False,3.7639569751856707
2152,F3,True,False,7.929494595888139,F3,True,False,2.523484869236308
2157,F8,True,False,7.3116770683369605,F8,True,False,2.7683891662108606
2158,F9,True,False,12.642176262717802,F9,True,False,2.666713407138414
2159,F10,True,False,9.211696828747423,F10,True,False,4.150880261023014
2160,F11,True,False,8.015737330401308,F11,True,False,2.785473292314951
2161,F12,True,False,7.473777056700735,F12,True,False,2.3068231153082355
2168,FABP1,True,False,7.0362042881586015,FABP1,True,False,2.877991531237424
2169,FABP2,True,False,8.038657185813856,FABP2,True,False,3.300757696001698
2170,FABP3,True,False,6.5770628760947165,FABP3,True,False,2.1170634802722414
2172,FABP6,True,False,7.930475749933526,FABP6,True,False,2.8349603535087002
2173,FABP7,True,False,6.216635585716569,FABP7,True,False,2.671717185828336
2176,FANCC,True,False,6.647190676212253,FANCC,True,False,3.308729670373014
2185,PTK2B,True,False,6.051054340930701,PTK2B,True,False,2.670275525072763
2193,FARSA,True,False,7.767277948143016,FARSA,True,False,5.288639819298778
2194,FASN,True,False,7.211916155031341,FASN,True,False,3.0569123965354614
2203,FBP1,True,False,5.777484144188881,FBP1,True,False,2.54918140282575
2205,FCER1A,True,False,7.188966170541396,FCER1A,True,False,3.1522840953444646
2207,FCER1G,True,False,7.013822350907942,FCER1G,True,False,2.5630841333560457
2208,FCER2,True,False,10.46473636522677,FCER2,True,False,3.1357233717062503
2212,FCGR2A,True,False,13.523052505722589,FCGR2A,True,False,2.4479547892238536
2213,FCGR2B,True,False,9.150947004589774,FCGR2B,True,False,2.8630844545888983
2214,FCGR3A,True,False,6.795263097492115,FCGR3A,True,False,2.840997156921705
2215,FCGR3B,True,False,7.342353793384493,FCGR3B,True,False,2.689063312581051
2222,FDFT1,True,False,6.049186278962376,FDFT1,True,False,3.2991453270639095
2224,FDPS,True,False,7.167963297976626,FDPS,True,False,7.654722893628968
2230,FDX1,True,False,8.509953276087618,FDX1,True,False,2.6014091271511997
2232,FDXR,True,False,7.689034450280945,FDXR,True,False,3.190908683105149
2235,FECH,True,False,13.378547873596407,FECH,True,False,3.0837166108230356
2237,FEN1,True,False,11.292623620600294,FEN1,True,False,3.2753271412548197
2241,FER,True,False,5.798056308882999,FER,True,False,2.653344726937676
2242,FES,True,False,8.379710653303409,FES,True,False,3.132897625920809
2243,FGA,True,False,8.279562266018898,FGA,True,False,2.7247602748994577
2244,FGB,True,False,7.845466753663628,FGB,True,False,3.055261085524174
2246,FGF1,True,False,10.79961186295967,FGF1,True,False,5.0720958055331
2251,FGF6,True,False,13.876941936577843,FGF6,True,False,2.4034079442600222
2252,FGF7,True,False,6.366795471191239,FGF7,True,False,2.6242143186505196
2254,FGF9,True,False,8.048822632498128,FGF9,True,False,2.8497124851177222
2255,FGF10,True,False,6.210460978730347,FGF10,True,False,3.130559444021877
2256,FGF11,True,False,7.265367018751572,FGF11,True,False,2.759877917574435
2257,FGF12,True,False,5.967604228295446,FGF12,True,False,2.875002370954317
2258,FGF13,True,False,7.068849656878086,FGF13,True,False,3.154806986024161
2259,FGF14,True,False,8.47530241277184,FGF14,True,False,3.2408898930508054
2260,FGFR1,True,False,18.54318731988833,FGFR1,True,False,2.4615477591194135
2261,FGFR3,True,False,7.722150631351774,FGFR3,True,False,3.916247714864623
2266,FGG,True,False,7.7432230636269015,FGG,True,False,2.7495032504113954
2268,FGR,True,False,14.314878825674455,FGR,True,False,2.7212605434710553
2271,FH,True,False,6.752286991382072,FH,True,False,3.1060731950046607
2272,FHIT,True,False,8.83617939913999,FHIT,True,False,2.5259792581801523
2277,VEGFD,True,False,7.486069973878873,FIGF,True,False,3.3002725093348855
2280,FKBP1A,True,False,6.146277449403698,FKBP1A,True,False,3.3262638219647185
2281,FKBP1B,True,False,6.186347811292977,FKBP1B,True,False,2.6482748794668347
2286,FKBP2,True,False,7.958597943968203,FKBP2,True,False,3.320467096154195
2287,FKBP3,True,False,7.096023910016902,FKBP3,True,False,3.073889720601222
2288,FKBP4,True,False,6.66008705340275,FKBP4,True,False,3.269165914215245
2290,FOXG1,True,False,24.216279105390832,FOXG1,True,False,2.695288837778251
2298,FOXD4,True,False,8.256544635528691,FOXD4,True,False,2.9567178893003216
2299,FOXI1,True,False,14.359121617943828,FOXI1,True,False,2.6355880767822573
2302,FOXJ1,True,False,8.317663352670497,FOXJ1,True,False,3.8315117899184186
2305,FOXM1,True,False,8.622119674241075,FOXM1,True,False,3.4096820520740083
2307,FOXS1,True,False,7.028415541123084,FOXS1,True,False,1.738606261760381
2309,FOXO3,True,False,8.507472103435445,FOXO3,True,False,3.8923378709803527
2313,FLI1,True,False,10.386448954089992,FLI1,True,False,3.035180216417857
2321,FLT1,True,False,6.063190697151867,FLT1,True,False,3.256490313955419
2322,FLT3,True,False,6.374013221582555,FLT3,True,False,2.8703994303972924
2324,FLT4,True,False,6.230647025444333,FLT4,True,False,3.0365847880208623
2326,FMO1,True,False,7.759988710051142,FMO1,True,False,2.4664771248575064
2328,FMO3,True,False,6.470115628297505,FMO3,True,False,2.8353114336622522
2329,FMO4,True,False,7.369889645855885,FMO4,True,False,3.131313920304661
2339,FNTA,True,False,6.594012140307175,FNTA,True,False,5.4980662237356706
2342,FNTB,True,False,7.436030184490423,FNTB,True,False,3.8691164707329504
2353,FOS,True,False,9.742328194826404,FOS,True,False,2.7257242213814132
2355,FOSL2,True,False,9.831034184140252,FOSL2,True,False,3.99869810249459
2357,FPR1,True,False,6.382139190702119,FPR1,True,False,2.778723152309055
2358,FPR2,True,False,9.720886243999262,FPR2,True,False,2.7115020699065675
2359,FPR3,True,False,9.10536304143916,FPR3,True,False,4.420648808234446
2444,FRK,True,False,7.730242934409185,FRK,True,False,3.1894985829348177
2492,FSHR,True,False,5.751718383986263,FSHR,True,False,3.0546124823327787
2494,NR5A2,True,False,6.189738448580673,NR5A2,True,False,2.6475755321851846
2495,FTH1,True,False,5.694877263130941,FTH1,True,False,7.953673804434785
2515,ADAM2,True,False,6.3107823594123245,ADAM2,True,False,2.5007277906706795
2517,FUCA1,True,False,7.578522962503576,FUCA1,True,False,3.004046619236268
2519,FUCA2,True,False,7.113803259030555,FUCA2,True,False,2.665663915918881
2521,FUS,True,False,6.989627025815615,FUS,True,False,2.9949818730606483
2523,FUT1,True,False,7.195881937933464,FUT1,True,False,2.935102443968171
2524,FUT2,True,False,8.366535971819012,FUT2,True,False,2.726693587677659
2525,FUT3,True,False,6.6728902206439535,FUT3,True,False,3.111848940786034
2529,FUT7,True,False,6.697496203750274,FUT7,True,False,2.0656335087417115
2530,FUT8,True,False,14.105194514753693,FUT8,True,False,3.5653517485782675
2531,KDSR,True,False,8.176226717763043,KDSR,True,False,2.7435964935109265
2532,ACKR1,True,False,9.977171700574338,ACKR1,True,False,2.9532958980400426
2534,FYN,True,False,8.841366880267126,FYN,True,False,2.6648123761393756
2538,G6PC,True,False,6.144199492776772,G6PC,True,False,2.6359407051269037
2539,G6PD,True,False,8.174520647810581,G6PD,True,False,2.8421400535437784
2542,SLC37A4,True,False,25.978292785296837,SLC37A4,True,False,3.1676563298916998
2547,XRCC6,True,False,6.292904423815168,XRCC6,True,False,5.77599286341263
2548,GAA,True,False,9.718283598809135,GAA,True,False,2.8769490623061693
2550,GABBR1,True,False,5.894665213726934,GABBR1,True,False,3.7684710026177584
2553,GABPB1,True,False,6.3673951584943,GABPB1,True,False,4.051778693093503
2555,GABRA2,True,False,8.021094913330327,GABRA2,True,False,2.8332289888156796
2556,GABRA3,True,False,5.709454407376464,GABRA3,True,False,3.0875454412297425
2557,GABRA4,True,False,6.970016947189509,GABRA4,True,False,3.1455882121807015
2558,GABRA5,True,False,6.875073290487493,GABRA5,True,False,2.913564878566346
2559,GABRA6,True,False,14.475746689724367,GABRA6,True,False,2.8209488999567935
2561,GABRB2,True,False,15.045595327711194,GABRB2,True,False,2.6434457430069864
2563,GABRD,True,False,6.581436872230434,GABRD,True,False,2.769671159386006
2564,GABRE,True,False,6.785798206540437,GABRE,True,False,4.330103011839113
2565,GABRG1,True,False,6.611474593251227,GABRG1,True,False,2.750394119360937
2566,GABRG2,True,False,6.239642146824719,GABRG2,True,False,2.634972983728795
2568,GABRP,True,False,8.523175957091661,GABRP,True,False,3.0936503662750696
2569,GABRR1,True,False,15.989150320133595,GABRR1,True,False,3.539938803585879
2570,GABRR2,True,False,7.6395311583256955,GABRR2,True,False,2.462350259972847
2571,GAD1,True,False,7.289515429569303,GAD1,True,False,2.8198613909642454
2582,GALE,True,False,6.56341992826842,GALE,True,False,2.7772367239415976
2583,B4GALNT1,True,False,7.983351429025647,B4GALNT1,True,False,3.0558334675476244
2584,GALK1,True,False,6.454157329781161,GALK1,True,False,2.9459741075444112
2585,GALK2,True,False,7.184905250809655,GALK2,True,False,3.403686312654269
2588,GALNS,True,False,9.856097592601422,GALNS,True,False,2.880803057384061
2589,GALNT1,True,False,6.39668315163222,GALNT1,True,False,3.4372383200102203
2590,GALNT2,True,False,7.3390633416042865,GALNT2,True,False,2.5178548625037522
2591,GALNT3,True,False,8.117956064867723,GALNT3,True,False,2.8493017665558904
2592,GALT,True,False,6.089143737351229,GALT,True,False,2.97611493512969
2593,GAMT,True,False,7.3703708599571165,GAMT,True,False,2.926696168757099
2597,GAPDH,True,False,7.686047715889248,GAPDH,True,False,7.63586957433281
2617,GARS1,True,False,11.290049384710487,GARS,True,False,3.4583102617816204
2620,GAS2,True,False,8.921139085242826,GAS2,True,False,2.978984976032513
2621,GAS6,True,False,6.034626701344506,GAS6,True,False,3.704058872767438
2623,GATA1,True,False,6.282720013812597,GATA1,True,False,4.096085785809159
2624,GATA2,True,False,14.445273347208992,GATA2,True,False,2.9018597158317374
2625,GATA3,True,False,8.312130610912044,GATA3,True,False,2.7625591998045094
2626,GATA4,True,False,20.532275111652417,GATA4,True,False,2.685825528487481
2628,GATM,True,False,15.752746283828696,GATM,True,False,2.430178772039279
2629,GBA,True,False,19.326091440806422,GBA,True,False,2.9961772453509976
2632,GBE1,True,False,6.750569056467452,GBE1,True,False,3.4716358728041126
2633,GBP1,True,False,7.890233738216047,GBP1,True,False,3.1379093312085904
2634,GBP2,True,False,8.914137235354602,GBP2,True,False,2.890473342551498
2637,GBX2,True,False,6.403982884678417,GBX2,True,False,2.82809269229957
2638,GC,True,False,6.899535406456062,GC,True,False,2.8462513929999687
2642,GCGR,True,False,6.794390305268719,GCGR,True,False,3.4689970038468565
2645,GCK,True,False,14.630338503007405,GCK,True,False,2.6505692441379987
2646,GCKR,True,False,7.154272638520671,GCKR,True,False,3.4866483534051604
2650,GCNT1,True,False,6.700353087511502,GCNT1,True,False,2.4397743388654085
2651,GCNT2,True,False,7.432880869095793,GCNT2,True,False,3.858602945140336
2661,GDF9,True,False,6.9271942871433065,GDF9,True,False,3.010146590498624
2662,GDF10,True,False,6.10155793473261,GDF10,True,False,2.8570981854745257
2664,GDI1,True,False,8.044410841624824,GDI1,True,False,2.6022685372364127
2665,GDI2,True,False,7.96897945180359,GDI2,True,False,3.739806628142976
2668,GDNF,True,False,7.703881971204216,GDNF,True,False,2.858844342856868
2669,GEM,True,False,6.903896064588853,GEM,True,False,3.065902215052092
2671,GFER,True,False,7.91065437973451,GFER,True,False,3.00403699323089
2674,GFRA1,True,False,6.957722521076692,GFRA1,True,False,2.431955458345141
2677,GGCX,True,False,7.373169689014892,GGCX,True,False,3.3495503373845117
2683,B4GALT1,True,False,6.222775051598352,B4GALT1,True,False,9.032739436277408
2693,GHSR,True,False,5.8985673715809686,GHSR,True,False,5.244189062526178
2694,CBLIF,True,False,7.740540448700408,GIF,True,False,6.615989161639677
2696,GIPR,True,False,7.550223248099709,GIPR,True,False,3.001886555824954
2697,GJA1,True,False,7.076182930238981,GJA1,True,False,2.2391595462415177
2700,GJA3,True,False,5.925606829512674,GJA3,True,False,2.753877632391727
2701,GJA4,True,False,5.704425201890758,GJA4,True,False,3.7738161942732638
2702,GJA5,True,False,7.608313703253041,GJA5,True,False,2.303317800690877
2706,GJB2,True,False,12.52035494435848,GJB2,True,False,2.5418285690454256
2707,GJB3,True,False,6.863107119686615,GJB3,True,False,2.252934157249654
2709,GJB5,True,False,7.186369943887748,GJB5,True,False,1.8777935782811084
2710,GK,True,False,5.824157616621768,GK,True,False,2.594998527551714
2712,GK2,True,False,6.537473048420963,GK2,True,False,2.96555884390715
2720,GLB1,True,False,13.590320287544857,GLB1,True,False,2.885520083656473
2729,GCLC,True,False,8.687420614197228,GCLC,True,False,2.449713943981516
2730,GCLM,True,False,8.512191290559947,GCLM,True,False,2.493994254727719
2731,GLDC,True,False,9.219408288541596,GLDC,True,False,2.8253352805163643
2739,GLO1,True,False,6.7049548882360295,GLO1,True,False,2.9537848574381544
2742,GLRA2,True,False,7.529050779306351,GLRA2,True,False,2.6773501682571026
2745,GLRX,True,False,6.22517439490784,GLRX,True,False,3.8454540058229627
2746,GLUD1,True,False,9.374041403989825,GLUD1,True,False,2.109678601938953
2752,GLUL,True,False,8.807457153504762,GLUL,True,False,3.457082820818302
2760,GM2A,True,False,6.642103834492961,GM2A,True,False,2.733873247845319
2762,GMDS,True,False,8.295086284772692,GMDS,True,False,4.2080274606996095
2766,GMPR,True,False,6.564873978484617,GMPR,True,False,2.5246321634101654
2767,GNA11,True,False,7.5815885598448025,GNA11,True,False,2.2858502644989964
2768,GNA12,True,False,10.096003789715967,GNA12,True,False,5.046206263084169
2769,GNA15,True,False,7.640654343675876,GNA15,True,False,2.870640145566344
2770,GNAI1,True,False,7.978941520430538,GNAI1,True,False,3.1568649695357562
2771,GNAI2,True,False,6.946011167447711,GNAI2,True,False,2.5996188588905587
2773,GNAI3,True,False,8.308281786631479,GNAI3,True,False,2.2624832361351768
2774,GNAL,True,False,6.155536751620191,GNAL,True,False,3.4291602604161042
2780,GNAT2,True,False,7.208475874870466,GNAT2,True,False,3.165519538172614
2781,GNAZ,True,False,7.73735053935361,GNAZ,True,False,2.3307472529862956
2782,GNB1,True,False,7.927569904357999,GNB1,True,False,2.8244209794850255
2786,GNG4,True,False,7.030717274664198,GNG4,True,False,2.747035543746869
2790,GNG10,True,False,6.780533476653292,GNG10,True,False,2.98497717275915
2798,GNRHR,True,False,25.796373411643632,GNRHR,True,False,3.3115938082470633
2799,GNS,True,False,9.191689786566197,GNS,True,False,2.782154859197165
2805,GOT1,True,False,7.017818136413678,GOT1,True,False,2.5479753348627314
2806,GOT2,True,False,8.97042301701812,GOT2,True,False,3.3288690227222606
2819,GPD1,True,False,6.251551955997968,GPD1,True,False,3.3883457578704563
2820,GPD2,True,False,8.38632693953968,GPD2,True,False,2.8551659985230162
2823,GPM6A,True,False,11.563645181130548,GPM6A,True,False,2.825716503670428
2827,GPR3,True,False,18.61162559153941,GPR3,True,False,3.2499464722246283
2828,GPR4,True,False,11.013883858083759,GPR4,True,False,4.212953821547201
2829,XCR1,True,False,11.974144179877968,XCR1,True,False,3.2453307940904477
2830,GPR6,True,False,10.097404499317218,GPR6,True,False,2.3753419879288957
2831,NPBWR1,True,False,6.954487843041721,NPBWR1,True,False,3.103791262861301
2832,NPBWR2,True,False,10.579476682929583,NPBWR2,True,False,3.301537641040092
2833,CXCR3,True,False,6.942368189453703,CXCR3,True,False,3.6655159401260846
2835,GPR12,True,False,13.909701380164453,GPR12,True,False,3.145192116557146
2838,GPR15,True,False,7.631452963096695,GPR15,True,False,2.9670598160979154
2840,GPR17,True,False,7.459222174072678,GPR17,True,False,2.703176714832205
2841,GPR18,True,False,6.619030187170705,GPR18,True,False,3.103868786392507
2843,GPR20,True,False,6.853036421735186,GPR20,True,False,3.099820482418412
2844,GPR21,True,False,6.301053836942518,GPR21,True,False,2.799790334456262
2845,GPR22,True,False,6.996558466232965,GPR22,True,False,2.390920853662665
2846,LPAR4,True,False,22.631963805837177,LPAR4,True,False,2.808269627955434
2847,MCHR1,True,False,7.545000622143258,MCHR1,True,False,3.0115730668447522
2849,GPR26,True,False,6.159769649920423,GPR26,True,False,2.5032026872289626
2852,GPER1,True,False,9.219349246343878,GPER1,True,False,2.3344389383993778
2857,GPR34,True,False,6.4972945261817365,GPR34,True,False,2.773537957206604
2859,GPR35,True,False,14.7271087313621,GPR35,True,False,3.09118581606008
2861,GPR37,True,False,8.386605064009046,GPR37,True,False,2.966726299812468
2863,GPR39,True,False,10.391783571436603,GPR39,True,False,2.9733070316175696
2864,FFAR1,True,False,8.126175694303472,FFAR1,True,False,3.575202410132616
2865,FFAR3,True,False,7.712418496237918,FFAR3,True,False,4.694837291908123
2867,FFAR2,True,False,6.284358853883511,FFAR2,True,False,4.617279245364894
2868,GRK4,True,False,4.827167866339001,GRK4,True,False,4.257519521680193
2870,GRK6,True,False,11.928638665165545,GRK6,True,False,4.527461264347496
2872,MKNK2,True,False,5.811816648964799,MKNK2,True,False,4.654530212279926
2874,GPS2,True,False,9.734662066812184,GPS2,True,False,2.6493986666090596
2876,GPX1,True,False,6.41520384846081,GPX1,True,False,2.902853663562442
2877,GPX2,True,False,6.354515048391617,GPX2,True,False,2.897133013127733
2878,GPX3,True,False,6.001278458923215,GPX3,True,False,2.393115981605182
2879,GPX4,True,False,6.165943807450843,GPX4,True,False,2.9685448392403773
2882,GPX7,True,False,7.3893452464424545,GPX7,True,False,3.972510215483659
2885,GRB2,True,False,7.536826608545086,GRB2,True,False,5.986990200610569
2890,GRIA1,True,False,6.477082318087494,GRIA1,True,False,2.336204975130033
2891,GRIA2,True,False,7.186432212305555,GRIA2,True,False,3.0043853277794113
2892,GRIA3,True,False,6.4519575529497875,GRIA3,True,False,3.413968835099933
2894,GRID1,True,False,10.660379565197266,GRID1,True,False,2.748413778680075
2898,GRIK2,True,False,7.152413176501244,GRIK2,True,False,2.556286241574439
2903,GRIN2A,True,False,6.367834441908705,GRIN2A,True,False,2.6467259786575696
2905,GRIN2C,True,False,6.156216623724881,GRIN2C,True,False,4.415568643325961
2908,NR3C1,True,False,6.124002341280701,NR3C1,True,False,2.9407310038380494
2909,ARHGAP35,True,False,6.156183332051336,ARHGAP35,True,False,3.463541901198877
2914,GRM4,True,False,7.205455951158463,GRM4,True,False,2.9277070688386
2918,GRM8,True,False,6.137362591062341,GRM8,True,False,3.177298643762325
2925,GRPR,True,False,8.445332269083666,GRPR,True,False,5.426721003165111
2931,GSK3A,True,False,17.71355793091414,GSK3A,True,False,5.4881057477754664
2935,GSPT1,True,False,6.737175921836276,GSPT1,True,False,6.393736286624223
2938,GSTA1,True,False,6.812150188008531,GSTA1,True,False,2.6756450363852293
2939,GSTA2,True,False,7.173823185939786,GSTA2,True,False,3.329619746549936
2944,GSTM1,True,False,8.342743026319104,GSTM1,True,False,2.7427414140069097
2946,GSTM2,True,False,8.929382943731943,GSTM2,True,False,3.1629828304208463
2947,GSTM3,True,False,6.698883273767026,GSTM3,True,False,5.286739584858307
2949,GSTM5,True,False,7.480461728365518,GSTM5,True,False,4.107316907209981
2950,GSTP1,True,False,6.256910142210661,GSTP1,True,False,3.6164280013708097
2954,GSTZ1,True,False,11.553145660770207,GSTZ1,True,False,2.592884754485746
2957,GTF2A1,True,False,6.213686657550009,GTF2A1,True,False,3.7385476807315876
2958,GTF2A2,True,False,7.48390794106275,GTF2A2,True,False,6.071536036701314
2959,GTF2B,True,False,7.21169928032958,GTF2B,True,False,3.3572007258398853
2961,GTF2E2,True,False,6.728403030481582,GTF2E2,True,False,3.2936248294254327
2962,GTF2F1,True,False,9.824495762149262,GTF2F1,True,False,2.8597752369534812
2965,GTF2H1,True,False,6.843437300434016,GTF2H1,True,False,4.96473746195715
2967,GTF2H3,True,False,5.672294740247386,GTF2H3,True,False,3.1337865750583593
2969,GTF2I,True,False,7.208115223155397,GTF2I,True,False,4.495468051497674
2976,GTF3C2,True,False,6.1405442682145885,GTF3C2,True,False,3.0327576207404086
2981,GUCA2B,True,False,6.628354600141183,GUCA2B,True,False,3.221701435444283
2982,GUCY1A1,True,False,6.810010818754162,GUCY1A3,True,False,4.390621538550358
2983,GUCY1B1,True,False,7.022873703534166,GUCY1B3,True,False,2.297886838639546
2987,GUK1,True,False,8.988779630544228,GUK1,True,False,3.3955810588428097
2990,GUSB,True,False,6.949787597214894,GUSB,True,False,3.071310132705643
2992,GYG1,True,False,6.920827525139912,GYG1,True,False,3.362472687752272
2993,GYPA,True,False,5.532865370425752,GYPA,True,False,6.152708934833558
2997,GYS1,True,False,6.351233290059239,GYS1,True,False,3.415406953593289
2999,GZMH,True,False,7.9113969873708285,GZMH,True,False,2.2103637542684678
3001,GZMA,True,False,6.939927360494171,GZMA,True,False,3.0933270370681107
3002,GZMB,True,False,6.697347260240533,GZMB,True,False,2.5443873627700127
3014,H2AX,True,False,6.584350716521561,H2AFX,True,False,2.825744518547137
3028,HSD17B10,True,False,7.441922207659779,HSD17B10,True,False,4.973740725260546
3029,HAGH,True,False,6.07515339705753,HAGH,True,False,3.254685368256943
3030,HADHA,True,False,8.883833724496569,HADHA,True,False,2.736863256416557
3032,HADHB,True,False,5.950800488768012,HADHB,True,False,2.5439241095405625
3034,HAL,True,False,7.5687603097626655,HAL,True,False,2.635278840044176
3035,HARS1,True,False,6.504021744548392,HARS,True,False,5.838514252678865
3037,HAS2,True,False,6.917964738936873,HAS2,True,False,2.5640185552120416
3043,HBB,True,False,6.735382275973414,HBB,True,False,2.698019744446988
3046,HBE1,True,False,7.701741242952974,HBE1,True,False,3.0224917931682223
3050,HBZ,True,False,9.678074140604366,HBZ,True,False,3.1340830536757203
3052,HCCS,True,False,6.760213814940009,HCCS,True,False,2.4384800346858477
3054,HCFC1,True,False,7.765456493699622,HCFC1,True,False,10.269560149157515
3055,HCK,True,False,7.507277782311829,HCK,True,False,3.643885380273915
3059,HCLS1,True,False,6.313456845119484,HCLS1,True,False,2.658878998785821
3061,HCRTR1,True,False,7.3650897846352725,HCRTR1,True,False,3.7011546346288666
3065,HDAC1,True,False,7.582094444197204,HDAC1,True,False,2.8473248879519573
3067,HDC,True,False,6.9595780732330494,HDC,True,False,2.0523500849475127
3070,HELLS,True,False,6.0139992885758025,HELLS,True,False,2.825415545601113
3073,HEXA,True,False,7.625432449964619,HEXA,True,False,2.692659542098233
3074,HEXB,True,False,7.086447970265228,HEXB,True,False,6.258377410352175
3077,HFE,True,False,7.144518918131085,HFE,True,False,2.5264344442515463
3082,HGF,True,False,6.8258376262434455,HGF,True,False,2.501943606327205
3084,NRG1,True,False,7.11455235133196,NRG1,True,False,2.5525946380334297
3091,HIF1A,True,False,6.053691880321266,HIF1A,True,False,2.639829777694444
3093,UBE2K,True,False,6.476351621610371,UBE2K,True,False,3.3764854847036454
3094,HINT1,True,False,8.143909800396347,HINT1,True,False,3.0919385928342447
3098,HK1,True,False,7.452113499012207,HK1,True,False,5.077423306117744
3099,HK2,True,False,7.433675687799066,HK2,True,False,4.58670622005315
3101,HK3,True,False,7.045806340629576,HK3,True,False,2.524828084944891
3104,ZBTB48,True,False,8.412777321841766,ZBTB48,True,False,2.404771638719363
3105,HLA-A,True,False,6.585948330286692,HLA-A,True,False,3.884058089587809
3106,HLA-B,True,False,6.635072210546664,HLA-B,True,False,3.066015518138145
3107,HLA-C,True,False,6.087523118510958,HLA-C,True,False,2.3653272544323642
3108,HLA-DMA,True,False,6.680226885262103,HLA-DMA,True,False,1.91975601528666
3109,HLA-DMB,True,False,6.414192675876863,HLA-DMB,True,False,2.566452987424981
3111,HLA-DOA,True,False,6.383369464036514,HLA-DOA,True,False,2.6753869760939795
3112,HLA-DOB,True,False,6.986330216700368,HLA-DOB,True,False,2.6711544348248717
3115,HLA-DPB1,True,False,8.682396968345525,HLA-DPB1,True,False,3.559613776019577
3117,HLA-DQA1,True,False,7.360852127667777,HLA-DQA1,True,False,3.3223657786035123
3119,HLA-DQB1,True,False,8.094505075797672,HLA-DQB1,True,False,2.9094241570411787
3122,HLA-DRA,True,False,7.116217556712211,HLA-DRA,True,False,2.5157696028158902
3123,HLA-DRB1,True,False,9.310942875120656,HLA-DRB1,True,False,4.012561703378986
3131,HLF,True,False,16.0796339974535,HLF,True,False,2.884595556409962
3133,HLA-E,True,False,6.4575420267220816,HLA-E,True,False,3.2034080969284875
3135,HLA-G,True,False,7.6340884120436066,HLA-G,True,False,3.7906998601315056
3141,HLCS,True,False,7.1623342907929946,HLCS,True,False,2.4152492853317904
3142,HLX,True,False,12.794601412777679,HLX,True,False,2.703996129905577
3145,HMBS,True,False,6.454448119440233,HMBS,True,False,3.150062363312178
3148,HMGB2,True,False,7.759151168001885,HMGB2,True,False,4.068321045701614
3150,HMGN1,True,False,8.304250827246577,HMGN1,True,False,3.178508014240217
3155,HMGCL,True,False,14.104875314333796,HMGCL,True,False,2.6133290720194275
3156,HMGCR,True,False,6.63044250660522,HMGCR,True,False,15.930120258478198
3158,HMGCS2,True,False,5.808450511505447,HMGCS2,True,False,2.8040982908644816
3159,HMGA1,True,False,6.379173510088768,HMGA1,True,False,4.945071561876352
3161,HMMR,True,False,6.788452711746057,HMMR,True,False,3.0437618363131977
3162,HMOX1,True,False,15.305182707163201,HMOX1,True,False,2.7149239763084214
3163,HMOX2,True,False,7.364813081839894,HMOX2,True,False,2.336147839660891
3164,NR4A1,True,False,11.152008227831882,NR4A1,True,False,3.2292059411724874
3167,HMX2,True,False,7.129508902086758,HMX2,True,False,3.1992473422620327
3169,FOXA1,True,False,22.874675160571844,FOXA1,True,False,3.709489591434531
3171,FOXA3,True,False,9.197431418923118,FOXA3,True,False,4.00579461805979
3172,HNF4A,True,False,19.747573636425827,HNF4A,True,False,2.7743776507969824
3175,ONECUT1,True,False,17.612032493849252,ONECUT1,True,False,2.7880971225831948
3176,HNMT,True,False,6.772536581704523,HNMT,True,False,2.58190808228884
3184,HNRNPD,True,False,7.285215977884847,HNRNPD,True,False,3.2701460416938852
3190,HNRNPK,True,False,9.204072095901804,HNRNPK,True,False,6.07064857337896
3198,HOXA1,True,False,6.3034573913848915,HOXA1,True,False,3.1842182321289556
3199,HOXA2,True,False,9.4244170474861,HOXA2,True,False,3.1210630480609813
3200,HOXA3,True,False,6.015372661258449,HOXA3,True,False,2.76946156998925
3202,HOXA5,True,False,8.759433648229814,HOXA5,True,False,2.4868468024161934
3203,HOXA6,True,False,7.7481708489419505,HOXA6,True,False,2.7866808118266637
3205,HOXA9,True,False,19.751322398273267,HOXA9,True,False,3.679287095137842
3206,HOXA10,True,False,6.50674145851177,HOXA10,True,False,2.614173211400254
3211,HOXB1,True,False,7.899833722673681,HOXB1,True,False,3.1664047431728397
3215,HOXB5,True,False,7.870047440813895,HOXB5,True,False,3.151930270455309
3216,HOXB6,True,False,12.916051432978858,HOXB6,True,False,2.7693916900486286
3217,HOXB7,True,False,9.206931418401414,HOXB7,True,False,4.764746414439997
3221,HOXC4,True,False,12.255473667521358,HOXC4,True,False,3.2966118108323443
3224,HOXC8,True,False,15.930235950211637,HOXC8,True,False,3.1786287844844163
3225,HOXC9,True,False,12.689449766943843,HOXC9,True,False,2.682169778703337
3226,HOXC10,True,False,9.608524170017432,HOXC10,True,False,2.89012164337281
3227,HOXC11,True,False,12.189027526901436,HOXC11,True,False,2.6604069811012043
3232,HOXD3,True,False,12.37662657270273,HOXD3,True,False,3.8287883656179873
3233,HOXD4,True,False,13.652722977702407,HOXD4,True,False,3.0321988519481478
3235,HOXD9,True,False,16.681435078482934,HOXD9,True,False,3.0168132935255803
3236,HOXD10,True,False,10.455884950940082,HOXD10,True,False,3.2620943133383973
3238,HOXD12,True,False,6.720049615197272,HOXD12,True,False,6.712832883512059
3240,HP,True,False,8.761093420907233,HP,True,False,3.268471499494756
3242,HPD,True,False,6.152527990220938,HPD,True,False,3.2721981124721724
3248,HPGD,True,False,5.909994396150448,HPGD,True,False,2.9671147443713526
3249,HPN,True,False,7.675234384328092,HPN,True,False,2.822779221329546
3251,HPRT1,True,False,5.637450291880828,HPRT1,True,False,3.6952303296795983
3265,HRAS,True,False,8.423786225545763,HRAS,True,False,2.941794849589139
3269,HRH1,True,False,7.74911066890169,HRH1,True,False,2.7361091496571746
3270,HRC,True,False,7.548375178339622,HRC,True,False,2.8739371956775828
3274,HRH2,True,False,6.861825154786538,HRH2,True,False,3.664604434440058
3275,PRMT2,True,False,8.033008502574958,PRMT2,True,False,2.6845419357404627
3276,PRMT1,True,False,7.269670606682889,PRMT1,True,False,3.455637575208418
3281,HSBP1,True,False,8.637464684171764,HSBP1,True,False,3.241595243631628
3283,HSD3B1,True,False,6.233546937189932,HSD3B1,True,False,2.8706776838994434
3284,HSD3B2,True,False,7.905895141658532,HSD3B2,True,False,3.4686356932057696
3290,HSD11B1,True,False,16.14929284826673,HSD11B1,True,False,3.044227271760719
3292,HSD17B1,True,False,6.813605654218913,HSD17B1,True,False,2.6892446399648704
3293,HSD17B3,True,False,7.6993532453510625,HSD17B3,True,False,3.1359904378972594
3294,HSD17B2,True,False,6.972598090439897,HSD17B2,True,False,2.5884372182752298
3295,HSD17B4,True,False,8.380177680623227,HSD17B4,True,False,2.5929095908322064
3297,HSF1,True,False,8.136839836147303,HSF1,True,False,5.9282002170233845
3298,HSF2,True,False,6.592299383012543,HSF2,True,False,3.0820976210991105
3301,DNAJA1,True,False,8.352361199796402,DNAJA1,True,False,5.116681004277144
3304,HSPA1B,True,False,6.963301113659771,HSPA1B,True,False,4.406805773810201
3305,HSPA1L,True,False,7.043414069344534,HSPA1L,True,False,4.096314929165947
3306,HSPA2,True,False,7.009975359825595,HSPA2,True,False,3.948327531138725
3308,HSPA4,True,False,6.648101036238339,HSPA4,True,False,3.661695982314285
3312,HSPA8,True,False,6.588689779712096,HSPA8,True,False,7.154439224528904
3313,HSPA9,True,False,7.16393838369378,HSPA9,True,False,8.62306955846935
3320,HSP90AA1,True,False,6.86141318067286,HSP90AA1,True,False,5.010497583043813
3329,HSPD1,True,False,5.947177541778357,HSPD1,True,False,4.480821755524954
3340,NDST1,True,False,7.092331306514653,NDST1,True,False,5.6433262514660045
3344,FOXN2,True,False,7.5872809832004915,FOXN2,True,False,4.092592062987502
3351,HTR1B,True,False,10.87655221961884,HTR1B,True,False,3.7984803260039586
3352,HTR1D,True,False,9.5684618230034,HTR1D,True,False,3.683184919168687
3354,HTR1E,True,False,23.07211268123598,HTR1E,True,False,2.9164851455806704
3357,HTR2B,True,False,6.853302304828042,HTR2B,True,False,2.723459912875146
3358,HTR2C,True,False,12.434321230339028,HTR2C,True,False,3.1298177715468856
3359,HTR3A,True,False,7.0397283865062095,HTR3A,True,False,1.9627293577322629
3361,HTR5A,True,False,6.914825032660919,HTR5A,True,False,3.500834121044307
3362,HTR6,True,False,8.644847775795478,HTR6,True,False,4.6421043557649355
3363,HTR7,True,False,8.070359450111173,HTR7,True,False,2.5691262930730967
3371,TNC,True,False,7.179959674929244,TNC,True,False,2.7360139957958616
3383,ICAM1,True,False,7.207032054901393,ICAM1,True,False,3.5207122695045165
3394,IRF8,True,False,6.61239813125286,IRF8,True,False,3.4262014194166754
3397,ID1,True,False,5.941983703722789,ID1,True,False,3.56299530146679
3398,ID2,True,False,7.587399854665454,ID2,True,False,3.9379764283631005
3399,ID3,True,False,7.246158136792057,ID3,True,False,2.8452004040810572
3416,IDE,True,False,6.217815464590991,IDE,True,False,2.431741314451528
3418,IDH2,True,False,8.653273934968247,IDH2,True,False,2.964948259102533
3419,IDH3A,True,False,6.319599376282556,IDH3A,True,False,2.706972069840916
3420,IDH3B,True,False,7.6685484123136485,IDH3B,True,False,2.6633278560213816
3421,IDH3G,True,False,7.595337261017743,IDH3G,True,False,3.1222948661506247
3422,IDI1,True,False,6.06754350380102,IDI1,True,False,8.14578350786974
3423,IDS,True,False,7.067948615409257,IDS,True,False,3.375467179291147
3426,CFI,True,False,7.421729226512322,CFI,True,False,2.626753044204143
3428,IFI16,True,False,8.522062435731252,IFI16,True,False,3.6551088251502932
3431,SP110,True,False,6.816784371000762,SP110,True,False,4.159368802650025
3454,IFNAR1,True,False,6.597396807198404,IFNAR1,True,False,2.5531171928945806
3455,IFNAR2,True,False,5.809533667378715,IFNAR2,True,False,2.764325533877825
3456,IFNB1,True,False,25.50997895851467,IFNB1,True,False,3.013609644106538
3458,IFNG,True,False,12.874203228114789,IFNG,True,False,3.1733041855666997
3459,IFNGR1,True,False,6.247056752950345,IFNGR1,True,False,2.6754003976752503
3480,IGF1R,True,False,11.230495716970758,IGF1R,True,False,3.487255494462284
3481,IGF2,True,False,7.493466501103174,IGF2,True,False,3.149018569164714
3490,IGFBP7,True,False,6.9673752148863395,IGFBP7,True,False,4.362244659390394
3508,IGHMBP2,True,False,7.658854655106834,IGHMBP2,True,False,3.0586187281776778
3516,RBPJ,True,False,7.006443424146597,RBPJ,True,False,2.993804119350991
3549,IHH,True,False,7.144236582036362,IHH,True,False,3.0225715962013906
3551,IKBKB,True,False,6.001077608749594,IKBKB,True,False,2.8030978578295542
3552,IL1A,True,False,11.89065008654893,IL1A,True,False,3.096957018810459
3553,IL1B,True,False,5.969346903176578,IL1B,True,False,3.5899257837873932
3554,IL1R1,True,False,6.185316310984166,IL1R1,True,False,2.8568478081404094
3556,IL1RAP,True,False,6.006722458918257,IL1RAP,True,False,2.3324503211133454
3560,IL2RB,True,False,6.90063688848479,IL2RB,True,False,2.795503818132479
3561,IL2RG,True,False,6.959619869525591,IL2RG,True,False,2.7710317891519236
3562,IL3,True,False,7.714404319359627,IL3,True,False,4.977720367404584
3565,IL4,True,False,6.6550724871621,IL4,True,False,2.2252459059084266
3567,IL5,True,False,7.066693649071595,IL5,True,False,5.384537694176042
3568,IL5RA,True,False,7.240852195933015,IL5RA,True,False,2.569620072677075
3570,IL6R,True,False,13.272938718426076,IL6R,True,False,3.1004420764310887
3574,IL7,True,False,5.700898758601975,IL7,True,False,2.8577800423904107
3575,IL7R,True,False,7.724819832642936,IL7R,True,False,3.385091297321809
3578,IL9,True,False,6.647549806813373,IL9,True,False,3.1455894299823535
3586,IL10,True,False,8.723810845025865,IL10,True,False,2.450431560484944
3587,IL10RA,True,False,7.000649097662075,IL10RA,True,False,2.679513325457001
3589,IL11,True,False,7.880639260490394,IL11,True,False,2.6887078683145735
3593,IL12B,True,False,6.056776176370535,IL12B,True,False,2.787180409559671
3594,IL12RB1,True,False,6.304592134543798,IL12RB1,True,False,3.2479796786657524
3595,IL12RB2,True,False,5.95985963832708,IL12RB2,True,False,2.4697610722513255
3597,IL13RA1,True,False,13.230677049591787,IL13RA1,True,False,2.7310267458912567
3598,IL13RA2,True,False,6.259195661925363,IL13RA2,True,False,3.1741758257984922
3604,TNFRSF9,True,False,7.096215672574945,TNFRSF9,True,False,2.599017514294883
3608,ILF2,True,False,7.050500884291173,ILF2,True,False,7.778593215022718
3609,ILF3,True,False,8.948242917086226,ILF3,True,False,3.9038057116151177
3611,ILK,True,False,6.71292371136403,ILK,True,False,5.0410298501228175
3612,IMPA1,True,False,5.972523788645091,IMPA1,True,False,3.133040550979006
3613,IMPA2,True,False,6.3835491109529645,IMPA2,True,False,2.967797481813339
3614,IMPDH1,True,False,9.298430398816127,IMPDH1,True,False,3.0603755090676237
3615,IMPDH2,True,False,6.707046779733622,IMPDH2,True,False,2.5511597826515264
3620,IDO1,True,False,6.078741680909891,IDO1,True,False,2.482393384949259
3621,ING1,True,False,9.138014269400394,ING1,True,False,2.5744378373625234
3622,ING2,True,False,8.098696707469614,ING2,True,False,2.646197495858591
3623,INHA,True,False,6.563574970966024,INHA,True,False,3.181875669119863
3624,INHBA,True,False,8.63034304976049,INHBA,True,False,2.790382761988492
3626,INHBC,True,False,15.22068713155584,INHBC,True,False,2.859103956285741
3628,INPP1,True,False,6.638148229944058,INPP1,True,False,3.0218289806277716
3631,INPP4A,True,False,8.09480743395036,INPP4A,True,False,3.290949474851119
3632,INPP5A,True,False,10.430902608400846,INPP5A,True,False,2.7147548488324773
3635,INPP5D,True,False,6.269329930464441,INPP5D,True,False,3.0578627830058602
3640,INSL3,True,False,7.55201680637235,INSL3,True,False,2.98243206769507
3645,INSRR,True,False,7.438222471638753,INSRR,True,False,2.9544365546526206
3646,EIF3E,True,False,10.314106859034338,EIF3E,True,False,8.56783420867103
3656,IRAK2,True,False,6.03469391058613,IRAK2,True,False,3.2221295761897073
3658,IREB2,True,False,6.814101365557574,IREB2,True,False,2.4988400128654504
3660,IRF2,True,False,8.70494882442413,IRF2,True,False,3.1952330896446908
3661,IRF3,True,False,6.701427623713742,IRF3,True,False,3.744839826989587
3662,IRF4,True,False,6.876734247318332,IRF4,True,False,2.72868674575606
3663,IRF5,True,False,8.579637842919322,IRF5,True,False,2.443664174911091
3669,ISG20,True,False,7.0641167210801346,ISG20,True,False,2.739866086378639
3670,ISL1,True,False,8.820713275560301,ISL1,True,False,3.0025936529891912
3676,ITGA4,True,False,6.4785236271266955,ITGA4,True,False,3.4427642702467667
3678,ITGA5,True,False,7.229140732052272,ITGA5,True,False,2.8027825047283335
3680,ITGA9,True,False,5.639145893130787,ITGA9,True,False,2.82430734526102
3682,ITGAE,True,False,5.871152551481084,ITGAE,True,False,3.3447901414321755
3692,EIF6,True,False,7.291745975805141,EIF6,True,False,6.7498062750512275
3696,ITGB8,True,False,6.311026037913867,ITGB8,True,False,3.7366231510394488
3702,ITK,True,False,7.142084362467296,ITK,True,False,2.6888807927452243
3703,STT3A,True,False,7.904028184548553,STT3A,True,False,4.417466523864735
3705,ITPK1,True,False,4.507181816852727,ITPK1,True,False,2.835468979447883
3707,ITPKB,True,False,5.4933983548635545,ITPKB,True,False,2.908786151414413
3712,IVD,True,False,7.450625485033025,IVD,True,False,2.852275871053623
3716,JAK1,True,False,6.224149591429626,JAK1,True,False,3.647865788670625
3717,JAK2,True,False,7.996114102206095,JAK2,True,False,2.7948302379137733
3718,JAK3,True,False,7.765060930112107,JAK3,True,False,3.985736730318666
3725,JUN,True,False,14.601797697511497,JUN,True,False,11.574770138780533
3726,JUNB,True,False,10.61622617521261,JUNB,True,False,3.518221135231523
3736,KCNA1,True,False,10.894372527999948,KCNA1,True,False,2.749245920194851
3737,KCNA2,True,False,7.118691565560416,KCNA2,True,False,2.958152591576301
3738,KCNA3,True,False,6.883179343011753,KCNA3,True,False,2.7131477112469
3741,KCNA5,True,False,7.206669238769991,KCNA5,True,False,2.8104567524061568
3742,KCNA6,True,False,8.386595951150191,KCNA6,True,False,2.875296856706656
3743,KCNA7,True,False,5.972712124181815,KCNA7,True,False,4.350550439971587
3744,KCNA10,True,False,12.8612259009739,KCNA10,True,False,2.534271897442034
3746,KCNC1,True,False,7.412661410201471,KCNC1,True,False,3.32598152201301
3750,KCND1,True,False,22.09861297201839,KCND1,True,False,3.3210956739127306
3751,KCND2,True,False,7.3114070190293665,KCND2,True,False,2.18890288740586
3752,KCND3,True,False,6.594674269751202,KCND3,True,False,3.3706947721236085
3753,KCNE1,True,False,8.154428873290781,KCNE1,True,False,3.5475374182847976
3755,KCNG1,True,False,5.627437490122036,KCNG1,True,False,3.030002597735991
3760,KCNJ3,True,False,8.3146017213501,KCNJ3,True,False,2.893213961156065
3762,KCNJ5,True,False,8.361045489968586,KCNJ5,True,False,3.036823541463398
3763,KCNJ6,True,False,11.825079714658747,KCNJ6,True,False,3.344457963769017
3766,KCNJ10,True,False,7.912228101912974,KCNJ10,True,False,3.6688318157786104
3767,KCNJ11,True,False,14.264093800720504,KCNJ11,True,False,3.0548654435273583
3768,KCNJ12,True,False,6.778630968853503,KCNJ12,True,False,2.664695446700591
3769,KCNJ13,True,False,7.812115705889502,KCNJ13,True,False,2.848785296102734
3770,KCNJ14,True,False,6.685532687506905,KCNJ14,True,False,2.774049137041737
3772,KCNJ15,True,False,7.896687643003592,KCNJ15,True,False,3.1573164848059716
3775,KCNK1,True,False,8.460477012685416,KCNK1,True,False,2.9058005141901195
3778,KCNMA1,True,False,11.631464445249051,KCNMA1,True,False,2.5398898810113133
3780,KCNN1,True,False,6.830145401019007,KCNN1,True,False,3.904455347287081
3781,KCNN2,True,False,6.043623891618056,KCNN2,True,False,4.315253823277872
3784,KCNQ1,True,False,6.461347348789662,KCNQ1,True,False,3.1621169595132415
3785,KCNQ2,True,False,8.128146955990061,KCNQ2,True,False,2.514698089896016
3788,KCNS2,True,False,8.531993644324528,KCNS2,True,False,2.779202260493149
3790,KCNS3,True,False,6.339350197210392,KCNS3,True,False,2.7697163973800913
3791,KDR,True,False,5.674131562177023,KDR,True,False,2.406075254151599
3792,KEL,True,False,8.162108284549161,KEL,True,False,2.8908183431414636
3795,KHK,True,False,5.649493165503077,KHK,True,False,3.0011389012184893
3796,KIF2A,True,False,7.244208481089921,KIF2A,True,False,4.207781583059436
3801,KIFC3,True,False,6.6949403211063245,KIFC3,True,False,3.1839380701540034
3815,KIT,True,False,7.025267659633563,KIT,True,False,3.35891698869324
3816,KLK1,True,False,8.201235530358476,KLK1,True,False,3.3291081819619
3817,KLK2,True,False,8.907570562512195,KLK2,True,False,6.769891114690926
3818,KLKB1,True,False,6.466243288437605,KLKB1,True,False,3.152970459135535
3824,KLRD1,True,False,6.726980803105213,KLRD1,True,False,3.804634740119508
3827,KNG1,True,False,6.392598163437477,KNG1,True,False,2.7649569395090996
3831,KLC1,True,False,19.886105633751267,KLC1,True,False,3.3725129621263155
3833,KIFC1,True,False,11.752342628200513,KIFC1,True,False,3.592873633206812
3834,KIF25,True,False,6.984831494996338,KIF25,True,False,2.4818602864583195
3835,KIF22,True,False,6.690536118749584,KIF22,True,False,3.1799642213856134
3836,KPNA1,True,False,8.26399845733618,KPNA1,True,False,2.597786709746899
3838,KPNA2,True,False,6.463917276793,KPNA2,True,False,4.547530201253254
3839,KPNA3,True,False,6.977509649092106,KPNA3,True,False,3.028444021320866
3840,KPNA4,True,False,8.92477574788057,KPNA4,True,False,3.267226030208972
3843,IPO5,True,False,8.440340447168923,IPO5,True,False,2.3630762746396847
3845,KRAS,True,False,7.096908333120004,KRAS,True,False,2.6641286196168474
3846,KRTAP5-9,True,False,6.40476909124514,KRTAP5-9,True,False,2.6675209263432755
3856,KRT8,True,False,9.413209166354308,KRT8,True,False,3.113218755157201
3902,LAG3,True,False,6.738394385602251,LAG3,True,False,2.473716622819929
3903,LAIR1,True,False,7.862157383374067,LAIR1,True,False,3.227354627239493
3906,LALBA,True,False,6.522808218545952,LALBA,True,False,2.1808143841342784
3929,LBP,True,False,16.28158049286458,LBP,True,False,4.337607730770666
3930,LBR,True,False,9.064363463937182,LBR,True,False,4.286345424531479
3932,LCK,True,False,11.922324808750975,LCK,True,False,2.113558248054476
3933,LCN1,True,False,6.508031113555323,LCN1,True,False,2.7326917173907708
3934,LCN2,True,False,6.142123357941858,LCN2,True,False,2.83122974769748
3939,LDHA,True,False,6.575783230489079,LDHA,True,False,3.477299928073531
3945,LDHB,True,False,6.9362842836957554,LDHB,True,False,2.5168021843050217
3948,LDHC,True,False,6.64715282710808,LDHC,True,False,2.1662616021908296
3952,LEP,True,False,7.585285671088835,LEP,True,False,3.035917312025997
3956,LGALS1,True,False,6.413420823761247,LGALS1,True,False,2.7622659953189928
3957,LGALS2,True,False,6.303505644087544,LGALS2,True,False,3.604814452232181
3958,LGALS3,True,False,7.1042086272052565,LGALS3,True,False,2.9221274611967334
3959,LGALS3BP,True,False,6.794414804672042,LGALS3BP,True,False,2.6971633656678873
3960,LGALS4,True,False,7.067018020070141,LGALS4,True,False,3.179669850057264
3964,LGALS8,True,False,6.467552960027598,LGALS8,True,False,3.193087843905275
3965,LGALS9,True,False,10.672304267339367,LGALS9,True,False,3.8035824572323813
3976,LIF,True,False,6.059228174534026,LIF,True,False,2.6313024614924485
3978,LIG1,True,False,7.274425697889638,LIG1,True,False,3.6029341960988464
3980,LIG3,True,False,6.652573756120833,LIG3,True,False,3.3577954798035567
3981,LIG4,True,False,6.907303631592543,LIG4,True,False,2.2919886868665653
3984,LIMK1,True,False,17.242345664561,LIMK1,True,False,3.7578411491380224
3985,LIMK2,True,False,9.314180147575641,LIMK2,True,False,2.6024109011428433
3988,LIPA,True,False,7.866128403066468,LIPA,True,False,2.5337278863098587
3990,LIPC,True,False,7.5065231575646045,LIPC,True,False,2.719900063667525
3992,FADS1,True,False,7.350643869600095,FADS1,True,False,3.8824676996308916
3995,FADS3,True,False,6.5968452982507495,FADS3,True,False,3.5230129645652832
4000,LMNA,True,False,10.5857216223825,LMNA,True,False,7.958116251263325
4004,LMO1,True,False,9.286276664546435,LMO1,True,False,2.785976270899166
4005,LMO2,True,False,8.40885804187151,LMO2,True,False,2.355848809413393
4007,PRICKLE3,True,False,6.226784913146561,PRICKLE3,True,False,2.846326582152173
4009,LMX1A,True,False,6.973521603453442,LMX1A,True,False,2.860999283675862
4010,LMX1B,True,False,9.903761094468926,LMX1B,True,False,3.343054146850844
4012,LNPEP,True,False,8.938065174443631,LNPEP,True,False,2.7468652713154915
4023,LPL,True,False,9.178623074711398,LPL,True,False,2.8023510278290202
4035,LRP1,True,False,6.966484050249478,LRP1,True,False,3.098301418781407
4043,LRPAP1,True,False,7.3062042394504285,LRPAP1,True,False,3.0060456151925843
4047,LSS,True,False,7.506340478434357,LSS,True,False,3.3139442324905177
4048,LTA4H,True,False,7.353226291350182,LTA4H,True,False,2.2505779773028833
4055,LTBR,True,False,39.23877769603391,LTBR,True,False,5.585557068009218
4057,LTF,True,False,6.559760322774761,LTF,True,False,3.774501479970441
4059,BCAM,True,False,6.891868661530973,BCAM,True,False,6.346788750049217
4067,LYN,True,False,14.790163367496897,LYN,True,False,2.687126459605919
4069,LYZ,True,False,6.010134723030354,LYZ,True,False,3.273536952039805
4074,M6PR,True,False,7.276286135264554,M6PR,True,False,2.422343604444987
4084,MXD1,True,False,13.28832798223628,MXD1,True,False,2.660758677345647
4085,MAD2L1,True,False,7.274412904466228,MAD2L1,True,False,5.976105854842627
4086,SMAD1,True,False,6.9429846756835385,SMAD1,True,False,2.980262419708642
4087,SMAD2,True,False,6.54698503265665,SMAD2,True,False,2.4957119546151008
4088,SMAD3,True,False,6.797103133179275,SMAD3,True,False,2.6579545491874916
4089,SMAD4,True,False,8.493976105644357,SMAD4,True,False,4.156150999642918
4090,SMAD5,True,False,7.005100008542457,SMAD5,True,False,2.556940519433199
4093,SMAD9,True,False,7.124964904097709,SMAD9,True,False,2.9723708944627907
4097,MAFG,True,False,7.776359195104044,MAFG,True,False,3.297045813919615
4117,MAK,True,False,6.215431944608904,MAK,True,False,2.888957656558778
4121,MAN1A1,True,False,7.025234281929244,MAN1A1,True,False,3.861666094108233
4123,MAN2C1,True,False,6.260884799838155,MAN2C1,True,False,2.7807624772844957
4128,MAOA,True,False,8.419195982171221,MAOA,True,False,3.045930968487567
4129,MAOB,True,False,8.901682128845566,MAOB,True,False,3.1511263130178144
4133,MAP2,True,False,14.57545018644623,MAP2,True,False,3.903456523134784
4140,MARK3,True,False,9.502422237905657,MARK3,True,False,3.634230928870664
4141,MARS1,True,False,7.191539020890875,MARS,True,False,4.228321434138101
4142,MAS1,True,False,7.09858269866473,MAS1,True,False,3.436412659873798
4143,MAT1A,True,False,8.21158411395198,MAT1A,True,False,2.4926671956419875
4144,MAT2A,True,False,7.226921818652477,MAT2A,True,False,8.109334082306557
4145,MATK,True,False,14.378064629038672,MATK,True,False,4.117615395503265
4149,MAX,True,False,6.264526245675969,MAX,True,False,5.700869970791457
4150,MAZ,True,False,8.132548595819955,MAZ,True,False,3.1364849634884013
4158,MC2R,True,False,6.354668830221255,MC2R,True,False,3.161283015633733
4159,MC3R,True,False,5.896259594453343,MC3R,True,False,2.7093699944295646
4166,CHST6,True,False,6.8445181570656155,CHST6,True,False,3.147015683123506
4170,MCL1,True,False,5.41044673684031,MCL1,True,False,7.27969784557265
4171,MCM2,True,False,7.303595150721286,MCM2,True,False,3.230218728262047
4172,MCM3,True,False,7.900988535317421,MCM3,True,False,3.0976931417416824
4174,MCM5,True,False,7.541060380447292,MCM5,True,False,3.27337666675059
4175,MCM6,True,False,7.766381586859867,MCM6,True,False,2.7396455419005195
4176,MCM7,True,False,7.104917845303446,MCM7,True,False,4.4946913164801
4190,MDH1,True,False,7.3941419403577715,MDH1,True,False,3.092880765999661
4191,MDH2,True,False,7.042159513481215,MDH2,True,False,2.4893838378261566
4192,MDK,True,False,6.550134756148142,MDK,True,False,3.60657442708649
4194,MDM4,True,False,9.73143170672064,MDM4,True,False,4.044921612836468
4204,MECP2,True,False,7.318180984730908,MECP2,True,False,2.734270812481595
4205,MEF2A,True,False,8.1306735638116,MEF2A,True,False,2.1861847985146268
4207,BORCS8-MEF2B,True,False,13.75731210042046,MEF2BNB-MEF2B,True,False,3.2368732201487136
4209,MEF2D,True,False,15.682083805360628,MEF2D,True,False,3.1962651640844033
4212,MEIS2,True,False,7.88224927612106,MEIS2,True,False,3.9329607620702873
4215,MAP3K3,True,False,5.557855042809104,MAP3K3,True,False,6.14705759906698
4217,MAP3K5,True,False,14.09248833356984,MAP3K5,True,False,2.669916674410024
4222,MEOX1,True,False,6.98876626146767,MEOX1,True,False,2.9535673281653803
4223,MEOX2,True,False,10.488860205640373,MEOX2,True,False,2.5093259539951416
4224,MEP1A,True,False,6.940995637766312,MEP1A,True,False,2.5216450866150772
4232,MEST,True,False,6.786808250859567,MEST,True,False,1.911214603472965
4233,MET,True,False,7.63420718234493,MET,True,False,2.9523118243048705
4234,METTL1,True,False,8.49359976148346,METTL1,True,False,3.651341074487314
4241,MELTF,True,False,7.469104323318522,MELTF,True,False,2.7760131943171746
4245,MGAT1,True,False,6.400669795518902,MGAT1,True,False,7.062063737287607
4247,MGAT2,True,False,20.04776805002139,MGAT2,True,False,4.231726974173631
4248,MGAT3,True,False,9.516618901381214,MGAT3,True,False,3.1292314564330876
4254,KITLG,True,False,5.925415172001131,KITLG,True,False,2.8836347437931305
4257,MGST1,True,False,8.1192367662864,MGST1,True,False,2.78982126850826
4258,MGST2,True,False,5.75248860379432,MGST2,True,False,2.545845134337405
4259,MGST3,True,False,10.780841863777036,MGST3,True,False,2.658810684315765
4277,MICB,True,False,9.284735154350841,MICB,True,False,3.0599497311498856
4281,MID1,True,False,7.597350519295762,MID1,True,False,2.4561341601993454
4284,MIP,True,False,6.438298807749063,MIP,True,False,1.8379613665109424
4285,MIPEP,True,False,23.333885210700373,MIPEP,True,False,3.210933627340052
4286,MITF,True,False,14.731589475532825,MITF,True,False,2.5580380517340293
4292,MLH1,True,False,7.115574345820698,MLH1,True,False,2.2845616819294925
4293,MAP3K9,True,False,13.305519650982548,MAP3K9,True,False,3.6893537888339263
4296,MAP3K11,True,False,8.449810603109823,MAP3K11,True,False,2.761611293943783
4302,MLLT6,True,False,6.988080387779091,MLLT6,True,False,2.6558453977613206
4308,TRPM1,True,False,9.019437913705797,TRPM1,True,False,2.5052757709143836
4312,MMP1,True,False,7.279427711463511,MMP1,True,False,2.796261104453406
4314,MMP3,True,False,6.271912603297423,MMP3,True,False,2.702864898429467
4316,MMP7,True,False,7.699415922777311,MMP7,True,False,3.415251655194082
4317,MMP8,True,False,7.607258614689646,MMP8,True,False,2.719208177333393
4318,MMP9,True,False,7.688828680942598,MMP9,True,False,2.7263763385939734
4319,MMP10,True,False,11.183441033789453,MMP10,True,False,2.5973624827033235
4321,MMP12,True,False,7.181227630842592,MMP12,True,False,3.0380048970788023
4322,MMP13,True,False,5.627244853840384,MMP13,True,False,3.0111827168036718
4323,MMP14,True,False,10.015621241114246,MMP14,True,False,3.0462047683303815
4324,MMP15,True,False,9.250135959931931,MMP15,True,False,2.6753463074604746
4327,MMP19,True,False,7.352889900237551,MMP19,True,False,3.1562111795193495
4329,ALDH6A1,True,False,9.782679421140909,ALDH6A1,True,False,3.2036974008040318
4331,MNAT1,True,False,7.951019624551363,MNAT1,True,False,2.853618860476667
4342,MOS,True,False,8.280360046312737,MOS,True,False,3.818398487200168
4351,MPI,True,False,6.8185833469289525,MPI,True,False,3.120396411733038
4354,MPP1,True,False,7.016619460122755,MPP1,True,False,3.2686426466746754
4355,MPP2,True,False,6.297440962374876,MPP2,True,False,3.785220128302494
4356,MPP3,True,False,6.646625354648245,MPP3,True,False,3.3447247379564757
4357,MPST,True,False,5.716319187264252,MPST,True,False,2.8678462766473745
4361,MRE11,True,False,6.75643301500683,MRE11A,True,False,2.4507606605075978
4436,MSH2,True,False,8.625575390457419,MSH2,True,False,3.353461378094091
4438,MSH4,True,False,7.1008255196229335,MSH4,True,False,3.5587112316614666
4439,MSH5,True,False,6.128200971147825,MSH5,True,False,7.342583468614806
4481,MSR1,True,False,29.538642596440567,MSR1,True,False,2.8018781767788608
4482,MSRA,True,False,6.869132037611215,MSRA,True,False,3.002366372848405
4486,MST1R,True,False,6.7122707502680115,MST1R,True,False,2.770669680893828
4488,MSX2,True,False,6.75982245102399,MSX2,True,False,2.5703844830296774
4507,MTAP,True,False,6.042904033142132,MTAP,True,False,2.5736507090131826
4534,MTM1,True,False,6.642868560691399,MTM1,True,False,3.436714140403684
4547,MTTP,True,False,7.328443862713908,MTTP,True,False,2.7777518889281545
4548,MTR,True,False,6.956273703442001,MTR,True,False,3.0480466059360105
4552,MTRR,True,False,6.772493565960003,MTRR,True,False,2.448794779968349
4580,MTX1,True,False,7.200517196141146,MTX1,True,False,4.991246263873975
4582,MUC1,True,False,6.3548298577937326,MUC1,True,False,3.106122623898158
4591,TRIM37,True,False,9.209694431510247,TRIM37,True,False,6.186390457798219
4593,MUSK,True,False,8.381814488947645,MUSK,True,False,2.4543434670668236
4598,MVK,True,False,6.351746258434463,MVK,True,False,3.0521217700643457
4599,MX1,True,False,6.010429957558183,MX1,True,False,2.6873577068119316
4601,MXI1,True,False,18.79834576966613,MXI1,True,False,2.6618632432788503
4602,MYB,True,False,7.963745979782706,MYB,True,False,2.2745692117411553
4603,MYBL1,True,False,8.78323972973909,MYBL1,True,False,3.80157863019826
4610,MYCL,True,False,7.21836546680092,MYCL,True,False,4.14349044034042
4618,MYF6,True,False,10.948086263119057,MYF6,True,False,2.641681415355336
4625,MYH7,True,False,5.750508802386335,MYH7,True,False,3.5666404530591103
4627,MYH9,True,False,7.1050445273312794,MYH9,True,False,10.561067672015863
4634,MYL3,True,False,6.481141300134582,MYL3,True,False,3.348076573351176
4637,MYL6,True,False,5.66356098062426,MYL6,True,False,4.4355116488568305
4646,MYO6,True,False,6.588553663867775,MYO6,True,False,3.50580223203762
4651,MYO10,True,False,6.069449972382183,MYO10,True,False,2.278881911227185
4654,MYOD1,True,False,21.9881184944652,MYOD1,True,False,2.7944015549265315
4656,MYOG,True,False,15.421290392702998,MYOG,True,False,2.3060043526028475
4659,PPP1R12A,True,False,7.382474063335221,PPP1R12A,True,False,11.488104838492236
4660,PPP1R12B,True,False,7.375731853142227,PPP1R12B,True,False,2.8241195987110506
4661,MYT1,True,False,11.081825146491045,MYT1,True,False,3.1925189186503404
4665,NAB2,True,False,8.666364375516896,NAB2,True,False,4.721492302481461
4682,NUBP1,True,False,6.17268942497832,NUBP1,True,False,2.9036826208639432
4688,NCF2,True,False,6.334608162414582,NCF2,True,False,2.596123110936666
4690,NCK1,True,False,8.054836906919093,NCK1,True,False,2.2687262462838245
4693,NDP,True,False,6.507470466406153,NDP,True,False,2.284096007579784
4694,NDUFA1,True,False,8.136072995885787,NDUFA1,True,False,2.961391076686012
4695,NDUFA2,True,False,7.021289589825382,NDUFA2,True,False,3.5265223824347856
4697,NDUFA4,True,False,6.55906162971412,NDUFA4,True,False,3.569056828557683
4698,NDUFA5,True,False,7.202934489884886,NDUFA5,True,False,3.205375099276868
4702,NDUFA8,True,False,6.4821015365402355,NDUFA8,True,False,3.154420477172605
4704,NDUFA9,True,False,7.716261583496373,NDUFA9,True,False,2.719573032434026
4705,NDUFA10,True,False,6.692227258224484,NDUFA10,True,False,3.4507823527466575
4706,NDUFAB1,True,False,7.046083832621857,NDUFAB1,True,False,3.228711486848942
4707,NDUFB1,True,False,6.631060754051741,NDUFB1,True,False,3.243296278152388
4708,NDUFB2,True,False,6.338830941039975,NDUFB2,True,False,2.604874190052099
4711,NDUFB5,True,False,8.670535691854024,NDUFB5,True,False,3.0042789280368734
4716,NDUFB10,True,False,7.2388345209359635,NDUFB10,True,False,3.6877691993455053
4719,NDUFS1,True,False,8.181665506651445,NDUFS1,True,False,3.9028437559109026
4722,NDUFS3,True,False,9.386402357443494,NDUFS3,True,False,3.3009055537846126
4723,NDUFV1,True,False,7.856665296995036,NDUFV1,True,False,2.8526952729724573
4724,NDUFS4,True,False,8.14128120636846,NDUFS4,True,False,2.7109634403705756
4726,NDUFS6,True,False,7.111204357335899,NDUFS6,True,False,2.6453351688547984
4729,NDUFV2,True,False,8.84191587172211,NDUFV2,True,False,2.649236064075604
4733,DRG1,True,False,7.514645438481755,DRG1,True,False,3.063953050957295
4738,NEDD8,True,False,7.914445105604725,NEDD8,True,False,6.821693376394221
4745,NELL1,True,False,11.285218787841686,NELL1,True,False,3.1051488280689807
4751,NEK2,True,False,8.211509190121308,NEK2,True,False,4.066667234891785
4752,NEK3,True,False,6.145924131377077,NEK3,True,False,2.3447523732374993
4758,NEU1,True,False,13.245669551030952,NEU1,True,False,4.127346233702653
4760,NEUROD1,True,False,29.34256760982053,NEUROD1,True,False,2.8738088280888685
4761,NEUROD2,True,False,7.970759283082262,NEUROD2,True,False,2.9117913829494593
4762,NEUROG1,True,False,17.52412063286496,NEUROG1,True,False,2.678801616158387
4772,NFATC1,True,False,6.259498708293509,NFATC1,True,False,2.5965776084004215
4774,NFIA,True,False,7.963952072122588,NFIA,True,False,3.0345534341608116
4775,NFATC3,True,False,6.296442081822935,NFATC3,True,False,3.1235287232122717
4778,NFE2,True,False,7.171712491742787,NFE2,True,False,3.2629757321601027
4779,NFE2L1,True,False,12.461997137930961,NFE2L1,True,False,3.8440061520394595
4780,NFE2L2,True,False,21.643876815046465,NFE2L2,True,False,3.612770299175504
4781,NFIB,True,False,9.404611264681291,NFIB,True,False,3.1681098292881593
4782,NFIC,True,False,8.475582975410008,NFIC,True,False,3.4519481224747537
4783,NFIL3,True,False,7.4996063033673455,NFIL3,True,False,2.8922181173039583
4784,NFIX,True,False,6.919520909649349,NFIX,True,False,3.5002633455142607
4790,NFKB1,True,False,5.774497660917078,NFKB1,True,False,3.817564489184
4793,NFKBIB,True,False,6.5347394103172185,NFKBIB,True,False,4.844540433465979
4796,TONSL,True,False,6.36779219354613,TONSL,True,False,10.08072509935562
4800,NFYA,True,False,6.812246703292671,NFYA,True,False,6.873432121873486
4801,NFYB,True,False,7.785025539528471,NFYB,True,False,5.664913791968079
4802,NFYC,True,False,6.286732033446157,NFYC,True,False,8.76030289111867
4803,NGF,True,False,7.813836939398628,NGF,True,False,2.7405303893986126
4807,NHLH1,True,False,10.180296483986135,NHLH1,True,False,2.4285398411030927
4817,NIT1,True,False,7.973963363011411,NIT1,True,False,2.832440832022748
4830,NME1,True,False,6.774422806501762,NME1,True,False,2.98611715758312
4831,NME2,True,False,6.211896283891959,NME2,True,False,3.4686588164181718
4832,NME3,True,False,6.447224361099898,NME3,True,False,2.8635035155005912
4833,NME4,True,False,5.8971538943501844,NME4,True,False,3.1273798091121883
4835,NQO2,True,False,6.1453182793545995,NQO2,True,False,2.6037680133034677
4837,NNMT,True,False,6.67081036758781,NNMT,True,False,2.5448639469374554
4839,NOP2,True,False,7.368468552021369,NOP2,True,False,4.686779935579521
4849,CNOT3,True,False,9.860204297149862,CNOT3,True,False,4.5205199258596735
4850,CNOT4,True,False,7.18307281522609,CNOT4,True,False,3.5582991389780143
4852,NPY,True,False,6.988553052048476,NPY,True,False,2.558165992899961
4853,NOTCH2,True,False,7.560413745618005,NOTCH2,True,False,2.4920472599838623
4856,CCN3,True,False,6.570006113194514,NOV,True,False,3.113658203405206
4860,PNP,True,False,6.075864650927476,PNP,True,False,2.569360677727858
4861,NPAS1,True,False,7.74353405227117,NPAS1,True,False,4.07463389259427
4862,NPAS2,True,False,6.715879654020491,NPAS2,True,False,3.1540742135589386
4869,NPM1,True,False,13.117550192170373,NPM1,True,False,6.011963508297269
4879,NPPB,True,False,8.061476329564918,NPPB,True,False,2.731643298232095
4881,NPR1,True,False,4.922514494216558,NPR1,True,False,2.4494659406754673
4882,NPR2,True,False,12.38479756353103,NPR2,True,False,2.5158437297378478
4883,NPR3,True,False,6.031910372628802,NPR3,True,False,2.903706073521755
4886,NPY1R,True,False,6.875013742554367,NPY1R,True,False,8.341514890017022
4887,NPY2R,True,False,6.597565806423291,NPY2R,True,False,2.5694280008260004
4889,NPY5R,True,False,6.432915667749613,NPY5R,True,False,2.535236003450019
4893,NRAS,True,False,6.601060898597451,NRAS,True,False,2.802564552105227
4899,NRF1,True,False,13.156379227473542,NRF1,True,False,7.528458646858008
4900,NRGN,True,False,7.926215513720415,NRGN,True,False,3.276425586537757
4907,NT5E,True,False,7.417324342724107,NT5E,True,False,2.75954059249608
4908,NTF3,True,False,6.386613532375224,NTF3,True,False,3.042008946762894
4909,NTF4,True,False,6.905959669127696,NTF4,True,False,4.149303139818171
4914,NTRK1,True,False,8.229423606240925,NTRK1,True,False,2.879091531325542
4915,NTRK2,True,False,7.365943846507189,NTRK2,True,False,3.3591653563341395
4916,NTRK3,True,False,8.64395932414665,NTRK3,True,False,2.7815465100521175
4920,ROR2,True,False,8.238017094719059,ROR2,True,False,2.687729668608348
4921,DDR2,True,False,13.784374751776516,DDR2,True,False,2.6701725800647402
4922,NTS,True,False,7.448017858295401,NTS,True,False,2.6267503014049782
4929,NR4A2,True,False,11.477518833318006,NR4A2,True,False,3.737626487790835
4938,OAS1,True,False,7.318774748135427,OAS1,True,False,2.6829921320968078
4939,OAS2,True,False,6.174316867123471,OAS2,True,False,3.3160532312865834
4942,OAT,True,False,6.156843327396177,OAT,True,False,2.7835978854602947
4946,OAZ1,True,False,6.630195029116826,OAZ1,True,False,2.472666117401583
4952,OCRL,True,False,7.645274481918425,OCRL,True,False,2.977142137163146
4968,OGG1,True,False,5.817047944588807,OGG1,True,False,2.1291095469413324
4973,OLR1,True,False,7.964791605382408,OLR1,True,False,2.5679708831024337
4974,OMG,True,False,6.202359206459138,OMG,True,False,3.0240758110268433
4976,OPA1,True,False,5.71856418464922,OPA1,True,False,3.4166258342805653
4978,OPCML,True,False,7.515950527345517,OPCML,True,False,3.268280073505786
4982,TNFRSF11B,True,False,7.725569746375081,TNFRSF11B,True,False,3.5065542748180643
4986,OPRK1,True,False,9.638800531170848,OPRK1,True,False,2.621792602477987
4987,OPRL1,True,False,8.210109586586265,OPRL1,True,False,2.8807364608696058
4988,OPRM1,True,False,6.6515534047765055,OPRM1,True,False,1.9421658931228343
5002,SLC22A18,True,False,7.068888298253621,SLC22A18,True,False,3.4518840189595594
5007,OSBP,True,False,5.848593752008241,OSBP,True,False,9.29285706987092
5009,OTC,True,False,6.552804875999725,OTC,True,False,2.3371040427524847
5013,OTX1,True,False,6.5691967761712755,OTX1,True,False,2.6966981596047765
5015,OTX2,True,False,9.27735050937117,OTX2,True,False,2.8605134203728397
5016,OVGP1,True,False,8.559089737741893,OVGP1,True,False,2.9479701283994175
5017,OVOL1,True,False,12.941702022373656,OVOL1,True,False,3.175038500563806
5019,OXCT1,True,False,13.40918523126337,OXCT1,True,False,3.3510876718798666
5021,OXTR,True,False,8.64541617784663,OXTR,True,False,2.504944707700316
5023,P2RX1,True,False,6.433882537224305,P2RX1,True,False,2.6774756963059705
5025,P2RX4,True,False,7.281463833498699,P2RX4,True,False,2.6631725263168935
5026,P2RX5,True,False,6.463196189552461,P2RX5,True,False,3.0220154274934994
5028,P2RY1,True,False,8.865290744248083,P2RY1,True,False,2.869984588216737
5029,P2RY2,True,False,8.796702707795781,P2RY2,True,False,3.1758421962694454
5030,P2RY4,True,False,7.289265748704599,P2RY4,True,False,2.7066752456234187
5031,P2RY6,True,False,9.34941617170683,P2RY6,True,False,3.1956049408787797
5032,P2RY11,True,False,7.859469738197881,P2RY11,True,False,3.0688323861310383
5034,P4HB,True,False,6.466114490940652,P4HB,True,False,2.7676343888773434
5036,PA2G4,True,False,7.1004660654944685,PA2G4,True,False,2.5110149577649494
5045,FURIN,True,False,6.256696986564757,FURIN,True,False,5.802659632912785
5048,PAFAH1B1,True,False,40.77417048975017,PAFAH1B1,True,False,10.620717849728019
5049,PAFAH1B2,True,False,15.596501062765336,PAFAH1B2,True,False,3.7352355572809786
5050,PAFAH1B3,True,False,9.835143873271567,PAFAH1B3,True,False,3.849993407818124
5052,PRDX1,True,False,8.811774642226002,PRDX1,True,False,3.3258627368447278
5053,PAH,True,False,6.666416547005352,PAH,True,False,2.7955003278672783
5058,PAK1,True,False,7.845044645198752,PAK1,True,False,2.769366239657185
5062,PAK2,True,False,17.580612437289286,PAK2,True,False,4.1486720613960655
5063,PAK3,True,False,12.233976916229825,PAK3,True,False,2.928735143653207
5068,REG3A,True,False,6.549068644818112,REG3A,True,False,4.2923316614895395
5071,PRKN,True,False,5.930637894584052,PARK2,True,False,3.6621954774247016
5073,PARN,True,False,8.21250418517794,PARN,True,False,2.5915565640174356
5077,PAX3,True,False,6.794574081199519,PAX3,True,False,2.8177911140071203
5081,PAX7,True,False,10.145352892663503,PAX7,True,False,6.902202252115383
5082,PDCL,True,False,7.141819846372959,PDCL,True,False,5.005566892907054
5090,PBX3,True,False,7.159782928010605,PBX3,True,False,2.1337285172606055
5092,PCBD1,True,False,6.820981656874271,PCBD1,True,False,4.195364480594429
5093,PCBP1,True,False,6.71305492645982,PCBP1,True,False,3.887770019956396
5096,PCCB,True,False,8.731262476544252,PCCB,True,False,3.1559333689201634
5104,SERPINA5,True,False,9.556721288105923,SERPINA5,True,False,2.8331746543211884
5106,PCK2,True,False,8.049993149177709,PCK2,True,False,3.1552014662063375
5110,PCMT1,True,False,6.2515358284079605,PCMT1,True,False,4.1737745587690105
5111,PCNA,True,False,6.428744200519644,PCNA,True,False,14.65079519905283
5122,PCSK1,True,False,6.562644889124773,PCSK1,True,False,2.85463466264898
5125,PCSK5,True,False,7.279265497966341,PCSK5,True,False,5.086289788596438
5127,CDK16,True,False,12.587098204143171,CDK16,True,False,2.8430448966047144
5128,CDK17,True,False,8.127547499689783,CDK17,True,False,2.9635716199301005
5129,CDK18,True,False,10.933564995419404,CDK18,True,False,3.220613359228245
5130,PCYT1A,True,False,10.699319914145276,PCYT1A,True,False,9.31394183511442
5134,PDCD2,True,False,6.878358524799716,PDCD2,True,False,3.2269180677436595
5137,PDE1C,True,False,7.2025378220998935,PDE1C,True,False,2.5782800786183087
5139,PDE3A,True,False,8.087719683523579,PDE3A,True,False,2.856461171122932
5140,PDE3B,True,False,6.554065479849228,PDE3B,True,False,2.7488699139822383
5142,PDE4B,True,False,9.77118683024814,PDE4B,True,False,3.0379368929311825
5143,PDE4C,True,False,6.78300874775215,PDE4C,True,False,2.428304882162087
5144,PDE4D,True,False,8.183797444367558,PDE4D,True,False,3.152647599255915
5147,PDE6D,True,False,8.005283648295208,PDE6D,True,False,3.170319841776294
5148,PDE6G,True,False,9.286396249488964,PDE6G,True,False,2.716448991972956
5149,PDE6H,True,False,7.9639294859893495,PDE6H,True,False,5.704979888608734
5150,PDE7A,True,False,5.5429358675668725,PDE7A,True,False,3.870383118477036
5152,PDE9A,True,False,7.200099533517556,PDE9A,True,False,3.0618043068552825
5155,PDGFB,True,False,9.982309467832891,PDGFB,True,False,2.9173803107642833
5156,PDGFRA,True,False,8.227704226650705,PDGFRA,True,False,3.1761331612694215
5157,PDGFRL,True,False,6.3456845611377295,PDGFRL,True,False,2.963878741782791
5158,PDE6B,True,False,8.15256428982812,PDE6B,True,False,3.136730668548728
5159,PDGFRB,True,False,8.471488264565542,PDGFRB,True,False,2.6549086248716853
5160,PDHA1,True,False,10.175523698167607,PDHA1,True,False,3.530044767821238
5161,PDHA2,True,False,6.319430479079948,PDHA2,True,False,2.8442137835298125
5162,PDHB,True,False,27.043509894284647,PDHB,True,False,3.5580145104571734
5163,PDK1,True,False,7.383543836746259,PDK1,True,False,2.3831098230121888
5164,PDK2,True,False,6.431154447373444,PDK2,True,False,4.375195969925046
5165,PDK3,True,False,8.660658774735289,PDK3,True,False,4.735249511501184
5166,PDK4,True,False,8.277385609435672,PDK4,True,False,2.764070196171419
5167,ENPP1,True,False,7.152437939937768,ENPP1,True,False,2.848161771706268
5170,PDPK1,True,False,6.467528288877486,PDPK1,True,False,2.9655894922003654
5174,PDZK1,True,False,6.688749686015804,PDZK1,True,False,3.215391994070187
5184,PEPD,True,False,6.298697391457843,PEPD,True,False,2.4640123401418896
5191,PEX7,True,False,8.549873757439716,PEX7,True,False,2.4305333082865976
5192,PEX10,True,False,6.355732493581464,PEX10,True,False,2.6821195263321775
5194,PEX13,True,False,9.426895141299322,PEX13,True,False,2.994580259385761
5198,PFAS,True,False,6.4718387677185945,PFAS,True,False,3.256961065191328
5207,PFKFB1,True,False,6.9103346913499015,PFKFB1,True,False,2.347880031469435
5208,PFKFB2,True,False,8.903936156419958,PFKFB2,True,False,2.286308750902384
5209,PFKFB3,True,False,7.246458051632838,PFKFB3,True,False,2.6430607971816755
5211,PFKL,True,False,6.614635597783946,PFKL,True,False,2.61105812461386
5213,PFKM,True,False,7.165720831146307,PFKM,True,False,3.1943819437898475
5214,PFKP,True,False,6.755708458919014,PFKP,True,False,3.4226811144043365
5218,CDK14,True,False,7.632843460363766,CDK14,True,False,2.758726646379085
5224,PGAM2,True,False,7.955230632840179,PGAM2,True,False,2.3698041063951725
5225,PGC,True,False,7.513002524406916,PGC,True,False,2.8361825246014702
5226,PGD,True,False,6.610409483008573,PGD,True,False,10.855083447462253
5230,PGK1,True,False,7.217976053787697,PGK1,True,False,2.7159576408677664
5232,PGK2,True,False,5.871903796888817,PGK2,True,False,3.4470457597109525
5236,PGM1,True,False,7.084892220380205,PGM1,True,False,2.565054104328402
5238,PGM3,True,False,5.772308093352818,PGM3,True,False,3.3323437878441022
5239,PGM5,True,False,7.863066836547509,PGM5,True,False,4.178522686967477
5245,PHB,True,False,20.354918358148897,PHB,True,False,4.478893976870755
5250,SLC25A3,True,False,7.516876801190845,SLC25A3,True,False,2.8607757309967994
5252,PHF1,True,False,7.532607034566953,PHF1,True,False,2.4817698804966195
5255,PHKA1,True,False,6.214833770948261,PHKA1,True,False,2.5890936318100843
5256,PHKA2,True,False,6.17959141831956,PHKA2,True,False,4.046786496117956
5257,PHKB,True,False,5.952061675343759,PHKB,True,False,4.121877987534333
5260,PHKG1,True,False,7.019270218717843,PHKG1,True,False,4.188398199855297
5261,PHKG2,True,False,7.082121833846907,PHKG2,True,False,3.014329936338202
5264,PHYH,True,False,6.782173030474201,PHYH,True,False,3.4491136164969567
5267,SERPINA4,True,False,7.866504519739853,SERPINA4,True,False,2.3466227448954005
5268,SERPINB5,True,False,9.425629256759985,SERPINB5,True,False,2.7615815988063614
5269,SERPINB6,True,False,6.329103870304243,SERPINB6,True,False,2.890497891764741
5272,SERPINB9,True,False,6.449218702278195,SERPINB9,True,False,3.6540436590443033
5275,SERPINB13,True,False,6.907805352452607,SERPINB13,True,False,2.9880751058673836
5276,SERPINI2,True,False,7.896717768630042,SERPINI2,True,False,2.5543316080113203
5277,PIGA,True,False,6.955017459315641,PIGA,True,False,2.837165451824215
5279,PIGC,True,False,7.472806726981477,PIGC,True,False,2.6103961477911053
5281,PIGF,True,False,8.282555908266264,PIGF,True,False,2.899672097547451
5283,PIGH,True,False,8.458496963532426,PIGH,True,False,3.1454991894568898
5284,PIGR,True,False,7.492193732074873,PIGR,True,False,2.5504114134656093
5288,PIK3C2G,True,False,7.015584952048858,PIK3C2G,True,False,2.7235324945504282
5289,PIK3C3,True,False,6.771164795070155,PIK3C3,True,False,8.341410525765797
5290,PIK3CA,True,False,7.246647955225939,PIK3CA,True,False,3.2132280495697993
5291,PIK3CB,True,False,8.349309872200015,PIK3CB,True,False,2.946830505276151
5292,PIM1,True,False,8.470914723318817,PIM1,True,False,2.937472923492997
5293,PIK3CD,True,False,5.445429085772131,PIK3CD,True,False,6.26753141875217
5294,PIK3CG,True,False,7.412193639617151,PIK3CG,True,False,2.9500547793649936
5295,PIK3R1,True,False,9.325530112364648,PIK3R1,True,False,3.9983540367773633
5296,PIK3R2,True,False,5.694761628355976,PIK3R2,True,False,4.81601961213546
5298,PI4KB,True,False,12.17961727182745,PI4KB,True,False,8.828200903780775
5300,PIN1,True,False,6.367518810156221,PIN1,True,False,3.6432286959325935
5303,PIN4,True,False,10.204372949344311,PIN4,True,False,2.7656167093707484
5305,PIP4K2A,True,False,14.102005120081776,PIP4K2A,True,False,3.6463048826092437
5306,PITPNA,True,False,7.972884896511313,PITPNA,True,False,2.4398295085412345
5307,PITX1,True,False,7.776264008334287,PITX1,True,False,2.269037737469466
5308,PITX2,True,False,7.056984499975192,PITX2,True,False,2.584958587309572
5311,PKD2,True,False,5.717598428923452,PKD2,True,False,2.7107754737837952
5313,PKLR,True,False,9.79927922280208,PKLR,True,False,4.533904689754728
5315,PKM,True,False,7.726045253840437,PKM,True,False,2.582351049581015
5316,PKNOX1,True,False,6.513321895976128,PKNOX1,True,False,2.926574495534026
5319,PLA2G1B,True,False,7.308649028453733,PLA2G1B,True,False,2.776838224575906
5320,PLA2G2A,True,False,8.056293229945885,PLA2G2A,True,False,2.699786782848288
5322,PLA2G5,True,False,11.677829035171053,PLA2G5,True,False,2.8639509871280247
5327,PLAT,True,False,8.981902047018782,PLAT,True,False,2.0750793510511873
5328,PLAU,True,False,8.701260019663252,PLAU,True,False,3.2160534193713373
5334,PLCL1,True,False,6.794010080859197,PLCL1,True,False,2.7710452426905836
5336,PLCG2,True,False,7.093723548579506,PLCG2,True,False,2.4301276261483236
5337,PLD1,True,False,6.358691124184966,PLD1,True,False,2.6982387230592386
5356,PLRG1,True,False,6.469207042577703,PLRG1,True,False,7.978533102448033
5359,PLSCR1,True,False,7.274887636427039,PLSCR1,True,False,1.759544088896087
5360,PLTP,True,False,6.8830787946600855,PLTP,True,False,2.5633488096518104
5361,PLXNA1,True,False,5.7200177457378745,PLXNA1,True,False,3.0398134385861706
5364,PLXNB1,True,False,4.888517951080353,PLXNB1,True,False,2.9105656088318073
5371,PML,True,False,6.354262543889279,PML,True,False,2.2975077096833134
5372,PMM1,True,False,8.492591187960947,PMM1,True,False,2.8375909694312464
5373,PMM2,True,False,7.878337309568389,PMM2,True,False,2.939732658940002
5375,PMP2,True,False,6.448785592735609,PMP2,True,False,2.8208134497406303
5378,PMS1,True,False,5.36135512712577,PMS1,True,False,2.6655085646061516
5393,EXOSC9,True,False,8.294813272206138,EXOSC9,True,False,5.406781701521303
5395,PMS2,True,False,8.59442695339461,PMS2,True,False,3.6071332846873325
5406,PNLIP,True,False,7.098950941429102,PNLIP,True,False,2.3217599820864065
5407,PNLIPRP1,True,False,6.410526203178929,PNLIPRP1,True,False,3.7271087674013734
5408,PNLIPRP2,True,False,6.747450555965308,PNLIPRP2,True,False,2.7233207912822275
5409,PNMT,True,False,7.191213615721709,PNMT,True,False,2.8403605420382183
5412,UBL3,True,False,5.689521144839278,UBL3,True,False,3.536265963177983
5414,SEPTIN4,True,False,5.89046319965432,SEPT4,True,False,3.2352430983876523
5423,POLB,True,False,7.300694638941032,POLB,True,False,2.333147360064059
5424,POLD1,True,False,6.228545427083197,POLD1,True,False,5.426209505541536
5425,POLD2,True,False,8.303936359728597,POLD2,True,False,3.6211911279496403
5426,POLE,True,False,7.2600992873981,POLE,True,False,5.745673167902847
5427,POLE2,True,False,7.576895317903475,POLE2,True,False,4.588822897827621
5429,POLH,True,False,6.741222445886182,POLH,True,False,3.0548378230180253
5430,POLR2A,True,False,7.601490916368292,POLR2A,True,False,15.485188365356436
5431,POLR2B,True,False,6.044151434509576,POLR2B,True,False,9.92124577844439
5432,POLR2C,True,False,6.142163879068785,POLR2C,True,False,9.142142118887243
5433,POLR2D,True,False,9.648646795329531,POLR2D,True,False,12.056006342513326
5434,POLR2E,True,False,7.08820934783374,POLR2E,True,False,6.2741278956837645
5435,POLR2F,True,False,7.274878620358659,POLR2F,True,False,5.091259778061163
5436,POLR2G,True,False,9.345786260094798,POLR2G,True,False,11.62502934978489
5437,POLR2H,True,False,7.308806891472038,POLR2H,True,False,2.8197661165877106
5438,POLR2I,True,False,6.637367194416791,POLR2I,True,False,12.780317259337432
5439,POLR2J,True,False,6.942544927804142,POLR2J,True,False,6.479775229434529
5440,POLR2K,True,False,6.315176663947629,POLR2K,True,False,7.155926614846435
5441,POLR2L,True,False,7.654446959995497,POLR2L,True,False,7.451018903808156
5442,POLRMT,True,False,6.650049422133454,POLRMT,True,False,2.836040847225931
5444,PON1,True,False,8.601785610855885,PON1,True,False,2.9495839341665904
5445,PON2,True,False,8.82586498280287,PON2,True,False,2.712461936105301
5450,POU2AF1,True,False,6.330395209271808,POU2AF1,True,False,2.581837549800204
5451,POU2F1,True,False,10.691217741490318,POU2F1,True,False,2.860537869123641
5452,POU2F2,True,False,7.517061014606671,POU2F2,True,False,2.6756892293670758
5454,POU3F2,True,False,19.462395694504522,POU3F2,True,False,2.219331991049322
5459,POU4F3,True,False,12.87198360810321,POU4F3,True,False,2.8126827753187587
5460,POU5F1,True,False,6.39471220101458,POU5F1,True,False,2.4061528239550127
5463,POU6F1,True,False,6.341031305312464,POU6F1,True,False,3.393801084520693
5465,PPARA,True,False,6.168514871573701,PPARA,True,False,1.9431735984994891
5467,PPARD,True,False,6.903625011028576,PPARD,True,False,3.1152340276404815
5468,PPARG,True,False,6.785337253033474,PPARG,True,False,2.1212371840338946
5469,MED1,True,False,5.8478414077441485,MED1,True,False,7.883478870053708
5471,PPAT,True,False,7.526807625310284,PPAT,True,False,2.7709024828523723
5473,PPBP,True,False,6.182346867946762,PPBP,True,False,3.15459275830036
5475,PPEF1,True,False,8.465980385459945,PPEF1,True,False,2.579879962836386
5478,PPIA,True,False,6.758440909375454,PPIA,True,False,4.18768094918646
5479,PPIB,True,False,7.031338003669507,PPIB,True,False,2.926677883199829
5494,PPM1A,True,False,10.46151268639098,PPM1A,True,False,3.525491496748043
5495,PPM1B,True,False,5.418636317299872,PPM1B,True,False,2.8694809103937358
5496,PPM1G,True,False,9.845654170691937,PPM1G,True,False,3.0742770668385533
5498,PPOX,True,False,7.1537719984531405,PPOX,True,False,3.3756946321174333
5499,PPP1CA,True,False,13.401167337779183,PPP1CA,True,False,2.8324112622890305
5500,PPP1CB,True,False,6.224394736551106,PPP1CB,True,False,7.802437744338743
5501,PPP1CC,True,False,12.307009949262614,PPP1CC,True,False,3.585617348769982
5502,PPP1R1A,True,False,9.39770559858125,PPP1R1A,True,False,3.5053030960973097
5504,PPP1R2,True,False,9.28926438505113,PPP1R2,True,False,3.975597072989698
5507,PPP1R3C,True,False,15.297981052445765,PPP1R3C,True,False,3.0093735842155755
5510,PPP1R7,True,False,6.116881787352928,PPP1R7,True,False,3.3158811184286656
5511,PPP1R8,True,False,5.567089079962339,PPP1R8,True,False,5.059484530127284
5515,PPP2CA,True,False,6.825326430417293,PPP2CA,True,False,5.019548085751126
5516,PPP2CB,True,False,7.902906822848923,PPP2CB,True,False,2.5857965604026365
5518,PPP2R1A,True,False,6.227311516610336,PPP2R1A,True,False,8.370039861398594
5519,PPP2R1B,True,False,7.406148459682917,PPP2R1B,True,False,3.076921631810272
5521,PPP2R2B,True,False,7.682201564322771,PPP2R2B,True,False,3.014490663352042
5523,PPP2R3A,True,False,7.482676468879109,PPP2R3A,True,False,3.934426570414856
5524,PTPA,True,False,7.769988245373901,PPP2R4,True,False,3.0592658221921227
5528,PPP2R5D,True,False,7.396472759760633,PPP2R5D,True,False,2.7771747035670455
5530,PPP3CA,True,False,6.69190714628218,PPP3CA,True,False,3.506069556515929
5531,PPP4C,True,False,7.99266906142114,PPP4C,True,False,5.256471084024801
5532,PPP3CB,True,False,5.905269886004678,PPP3CB,True,False,3.938094359768167
5533,PPP3CC,True,False,6.389413236864268,PPP3CC,True,False,3.1063198341088634
5534,PPP3R1,True,False,6.0213954892328845,PPP3R1,True,False,3.2846472059105802
5535,PPP3R2,True,False,6.27024119580799,PPP3R2,True,False,2.5467668846183504
5537,PPP6C,True,False,6.472399675511201,PPP6C,True,False,5.456619428938418
5538,PPT1,True,False,6.170858217267482,PPT1,True,False,2.7023534678483734
5553,PRG2,True,False,7.319537939584122,PRG2,True,False,2.8022515720581174
5557,PRIM1,True,False,6.348869340654648,PRIM1,True,False,5.69016608329672
5558,PRIM2,True,False,6.402469712924461,PRIM2,True,False,6.954178632117142
5562,PRKAA1,True,False,6.830203511167354,PRKAA1,True,False,3.0117617973470856
5563,PRKAA2,True,False,5.931223294189315,PRKAA2,True,False,3.4835820913324325
5564,PRKAB1,True,False,6.606991601604061,PRKAB1,True,False,2.929164225502593
5565,PRKAB2,True,False,6.376540062761528,PRKAB2,True,False,3.3418696070706053
5566,PRKACA,True,False,32.52137085121066,PRKACA,True,False,3.520283162608134
5567,PRKACB,True,False,6.5304917239998765,PRKACB,True,False,3.6267107225446376
5568,PRKACG,True,False,6.444982188152788,PRKACG,True,False,3.100455138722562
5571,PRKAG1,True,False,8.299822563850395,PRKAG1,True,False,3.61261636291122
5573,PRKAR1A,True,False,6.381861637190609,PRKAR1A,True,False,3.2519908545659146
5575,PRKAR1B,True,False,6.714877034163901,PRKAR1B,True,False,3.261739201052619
5576,PRKAR2A,True,False,7.073029159567512,PRKAR2A,True,False,3.7005395700287016
5577,PRKAR2B,True,False,7.436026166624043,PRKAR2B,True,False,2.6136351341084105
5578,PRKCA,True,False,8.379584416665628,PRKCA,True,False,2.706351206436322
5579,PRKCB,True,False,8.363504401327543,PRKCB,True,False,2.9057224331944402
5581,PRKCE,True,False,8.178163592991542,PRKCE,True,False,3.966103496097474
5582,PRKCG,True,False,8.387554349837512,PRKCG,True,False,3.5138168462288264
5583,PRKCH,True,False,14.51986237089206,PRKCH,True,False,3.9247142597145293
5584,PRKCI,True,False,7.516451961950228,PRKCI,True,False,2.4261669604318405
5586,PKN2,True,False,5.013425950494229,PKN2,True,False,3.0433162810999588
5587,PRKD1,True,False,11.4908754961395,PRKD1,True,False,3.254470554444166
5588,PRKCQ,True,False,7.919761401314228,PRKCQ,True,False,3.1394865079815863
5589,PRKCSH,True,False,6.770705975396684,PRKCSH,True,False,3.183630214257245
5590,PRKCZ,True,False,8.282920228698002,PRKCZ,True,False,2.717877194504984
5592,PRKG1,True,False,9.494782526579412,PRKG1,True,False,2.798161555383086
5593,PRKG2,True,False,6.981988565341395,PRKG2,True,False,3.0169670726280944
5594,MAPK1,True,False,7.353508655808095,MAPK1,True,False,2.9024730196571116
5595,MAPK3,True,False,9.991018587208108,MAPK3,True,False,4.122282431312883
5596,MAPK4,True,False,7.908762699676134,MAPK4,True,False,3.2743737510373614
5597,MAPK6,True,False,5.907860291632881,MAPK6,True,False,3.0818136451577467
5599,MAPK8,True,False,7.321373255881234,MAPK8,True,False,3.7771860092788705
5601,MAPK9,True,False,5.9621698174985225,MAPK9,True,False,3.188209362473504
5602,MAPK10,True,False,8.709066215858746,MAPK10,True,False,2.8381881697048215
5603,MAPK13,True,False,6.546794595605726,MAPK13,True,False,3.590050993060049
5604,MAP2K1,True,False,5.700039142364845,MAP2K1,True,False,4.732689453247127
5605,MAP2K2,True,False,9.066566784572021,MAP2K2,True,False,3.20567934368004
5607,MAP2K5,True,False,7.261895988654127,MAP2K5,True,False,4.0443095439972945
5608,MAP2K6,True,False,13.313959534918409,MAP2K6,True,False,3.8523708763525106
5609,MAP2K7,True,False,6.693536862139064,MAP2K7,True,False,7.462881444325346
5610,EIF2AK2,True,False,5.362187256296841,EIF2AK2,True,False,4.194176744158851
5612,THAP12,True,False,5.80435776220972,THAP12,True,False,5.670822611612731
5613,PRKX,True,False,6.208615026226389,PRKX,True,False,2.809912552550742
5624,PROC,True,False,6.8578332357796326,PROC,True,False,2.478960335429332
5625,PRODH,True,False,7.10871426667639,PRODH,True,False,3.3886615265575597
5626,PROP1,True,False,9.527140441149232,PROP1,True,False,4.0956984202732905
5631,PRPS1,True,False,6.386552581733729,PRPS1,True,False,3.1820624721918693
5634,PRPS2,True,False,5.6539953088183195,PRPS2,True,False,2.8104230346638155
5641,LGMN,True,False,7.416528254290616,LGMN,True,False,4.609788628251138
5644,PRSS1,True,False,10.301428898985158,PRSS1,True,False,2.826769752686694
5645,PRSS2,True,False,5.618037281491985,PRSS2,True,False,3.9503439651039294
5648,MASP1,True,False,14.317445841322796,MASP1,True,False,2.500668492118627
5650,KLK7,True,False,9.423754703191157,KLK7,True,False,2.9587558254202175
5653,KLK6,True,False,9.50994234412239,KLK6,True,False,3.694462324811616
5655,KLK10,True,False,7.486993055491555,KLK10,True,False,2.8372023529108747
5657,PRTN3,True,False,7.813086075287252,PRTN3,True,False,3.5173906380169897
5663,PSEN1,True,False,7.741118831044254,PSEN1,True,False,1.725644218506997
5664,PSEN2,True,False,7.274512001958002,PSEN2,True,False,2.707481741359733
5681,PSKH1,True,False,6.237829373117729,PSKH1,True,False,2.9844993678249043
5682,PSMA1,True,False,7.104252584468606,PSMA1,True,False,15.435224668637046
5684,PSMA3,True,False,8.858983024139622,PSMA3,True,False,7.6384526044377985
5685,PSMA4,True,False,6.977579602037129,PSMA4,True,False,14.08031300971885
5686,PSMA5,True,False,6.006609379996054,PSMA5,True,False,12.538275698367677
5687,PSMA6,True,False,6.691805199844358,PSMA6,True,False,13.549874066344271
5689,PSMB1,True,False,8.660021280997887,PSMB1,True,False,3.0334985395909895
5690,PSMB2,True,False,5.937691420426402,PSMB2,True,False,15.02895859040412
5691,PSMB3,True,False,6.285374784826537,PSMB3,True,False,14.291003139164596
5692,PSMB4,True,False,6.685158315888761,PSMB4,True,False,17.98090576251495
5693,PSMB5,True,False,6.758185571024652,PSMB5,True,False,8.93608426425216
5695,PSMB7,True,False,6.074603910452294,PSMB7,True,False,13.150680960040525
5696,PSMB8,True,False,7.756968607141463,PSMB8,True,False,2.7497906161663987
5698,PSMB9,True,False,11.512042886290242,PSMB9,True,False,2.992853857096301
5699,PSMB10,True,False,7.9678555090015,PSMB10,True,False,2.4791583606278484
5700,PSMC1,True,False,9.628957937662845,PSMC1,True,False,12.505329702364284
5701,PSMC2,True,False,6.3642198750956815,PSMC2,True,False,13.896669007996454
5705,PSMC5,True,False,7.522868489855843,PSMC5,True,False,12.82413162505753
5713,PSMD7,True,False,7.079937716190822,PSMD7,True,False,12.894023675802078
5723,PSPH,True,False,7.636840059429011,PSPH,True,False,3.2147930125770294
5724,PTAFR,True,False,7.021999015961817,PTAFR,True,False,2.175306437209014
5725,PTBP1,True,False,7.642816342945943,PTBP1,True,False,6.729409621820102
5727,PTCH1,True,False,7.532103947969791,PTCH1,True,False,2.535301623444732
5728,PTEN,True,False,6.615847074764728,PTEN,True,False,3.5372320629339122
5729,PTGDR,True,False,8.186365218400148,PTGDR,True,False,2.492522890106489
5730,PTGDS,True,False,6.383502223070366,PTGDS,True,False,2.9448114967243963
5733,PTGER3,True,False,6.8225579434055135,PTGER3,True,False,3.0306928358659633
5734,PTGER4,True,False,8.05883971173711,PTGER4,True,False,2.8830774558899335
5737,PTGFR,True,False,7.9801440623385105,PTGFR,True,False,2.815184606134695
5739,PTGIR,True,False,6.801066704573936,PTGIR,True,False,3.2282184622916423
5740,PTGIS,True,False,7.686188051212342,PTGIS,True,False,2.72314791400876
5741,PTH,True,False,7.2872340169328185,PTH,True,False,3.12538447048995
5743,PTGS2,True,False,7.353742219763063,PTGS2,True,False,2.434056610840727
5745,PTH1R,True,False,12.64788284863256,PTH1R,True,False,3.735190926471113
5746,PTH2R,True,False,7.249495084895756,PTH2R,True,False,2.948108714674092
5747,PTK2,True,False,7.2213026060479075,PTK2,True,False,4.9755544541437295
5753,PTK6,True,False,9.00687704966201,PTK6,True,False,4.285571539582541
5754,PTK7,True,False,6.4800667225430635,PTK7,True,False,3.844957422328065
5756,TWF1,True,False,6.02714932080896,TWF1,True,False,2.9753261603751917
5768,QSOX1,True,False,12.7596613578315,QSOX1,True,False,3.2173106048980844
5771,PTPN2,True,False,4.727556519707824,PTPN2,True,False,2.996662361200103
5774,PTPN3,True,False,16.060431052706544,PTPN3,True,False,2.7941804745398335
5777,PTPN6,True,False,8.563234449040177,PTPN6,True,False,3.2958850816370497
5780,PTPN9,True,False,9.473176524127844,PTPN9,True,False,2.540771364926651
5781,PTPN11,True,False,4.3089767365221645,PTPN11,True,False,3.549112360857865
5782,PTPN12,True,False,4.5095910064361,PTPN12,True,False,4.864516439059049
5784,PTPN14,True,False,9.711027317231094,PTPN14,True,False,3.078075445131557
5786,PTPRA,True,False,9.984978694779993,PTPRA,True,False,2.633294476729764
5787,PTPRB,True,False,4.077503103063647,PTPRB,True,False,2.7890187093860703
5791,PTPRE,True,False,11.54454651406015,PTPRE,True,False,3.7087781731903164
5792,PTPRF,True,False,7.974050384539171,PTPRF,True,False,3.3655750341179638
5794,PTPRH,True,False,9.25408363393272,PTPRH,True,False,3.5064215920172366
5796,PTPRK,True,False,5.827414687538747,PTPRK,True,False,2.86355742820218
5797,PTPRM,True,False,7.101256342122,PTPRM,True,False,2.291971554125162
5798,PTPRN,True,False,6.621504841098498,PTPRN,True,False,3.3003345225122573
5800,PTPRO,True,False,6.739555637904913,PTPRO,True,False,3.026399538256355
5801,PTPRR,True,False,7.989904184214775,PTPRR,True,False,3.0788203053785654
5802,PTPRS,True,False,7.064932642578458,PTPRS,True,False,2.8607621427321615
5805,PTS,True,False,8.27874726770702,PTS,True,False,3.450109390162534
5810,RAD1,True,False,6.061030489489639,RAD1,True,False,2.7583779390407464
5814,PURB,True,False,7.807773797169878,PURB,True,False,2.918373925617478
5817,PVR,True,False,7.355559997565608,PVR,True,False,2.871222378826772
5825,ABCD3,True,False,7.092850899944823,ABCD3,True,False,3.100679734216211
5829,PXN,True,False,6.450440431078325,PXN,True,False,4.374961045329374
5830,PEX5,True,False,9.136448217387933,PEX5,True,False,2.907982295646197
5831,PYCR1,True,False,7.208434799978546,PYCR1,True,False,2.536405903265112
5832,ALDH18A1,True,False,18.964216098864068,ALDH18A1,True,False,2.773628812505359
5833,PCYT2,True,False,7.591708571920399,PCYT2,True,False,2.5540660251036624
5834,PYGB,True,False,6.758534146016962,PYGB,True,False,3.615748087166516
5836,PYGL,True,False,10.005257769913538,PYGL,True,False,3.4104087548010655
5861,RAB1A,True,False,7.0786078519925,RAB1A,True,False,2.3188480380158465
5864,RAB3A,True,False,7.25677042752795,RAB3A,True,False,7.85677082449626
5865,RAB3B,True,False,6.68807114037058,RAB3B,True,False,3.17889868795751
5867,RAB4A,True,False,9.230323566063174,RAB4A,True,False,3.0552595189945206
5868,RAB5A,True,False,6.97568812640589,RAB5A,True,False,4.436796213676089
5870,RAB6A,True,False,8.035067766573293,RAB6A,True,False,2.5023738645113105
5871,MAP4K2,True,False,6.472274956711041,MAP4K2,True,False,3.4938232479080913
5873,RAB27A,True,False,6.4298377528636195,RAB27A,True,False,3.1031046797603468
5874,RAB27B,True,False,7.285563962832661,RAB27B,True,False,2.5250462184255653
5876,RABGGTB,True,False,5.3684214959425285,RABGGTB,True,False,3.241032744549511
5878,RAB5C,True,False,7.72560232953926,RAB5C,True,False,3.4961605777853335
5879,RAC1,True,False,6.69451972753082,RAC1,True,False,8.527449771530225
5880,RAC2,True,False,9.501746828141862,RAC2,True,False,2.9215931519079703
5881,RAC3,True,False,9.984160298073022,RAC3,True,False,2.959095680615873
5883,RAD9A,True,False,7.076337899108012,RAD9A,True,False,2.8688177375109305
5884,RAD17,True,False,7.793556463431649,RAD17,True,False,3.883578891730761
5885,RAD21,True,False,6.404501224598462,RAD21,True,False,6.809218792805978
5886,RAD23A,True,False,6.517583721113445,RAD23A,True,False,2.563643562081173
5887,RAD23B,True,False,6.421057662668817,RAD23B,True,False,3.3592401040708086
5888,RAD51,True,False,8.268309461863591,RAD51,True,False,7.992581344266346
5889,RAD51C,True,False,8.76260674103539,RAD51C,True,False,3.910238506574366
5890,RAD51B,True,False,7.845809951661858,RAD51B,True,False,3.76281522412288
5891,MOK,True,False,6.518131030254071,MOK,True,False,2.6738809835817188
5892,RAD51D,True,False,7.321338244235401,RAD51D,True,False,3.417746916892353
5894,RAF1,True,False,11.6789034964794,RAF1,True,False,2.753622127800981
5897,RAG2,True,False,7.4533026173723025,RAG2,True,False,2.994308271087156
5898,RALA,True,False,8.448149694240401,RALA,True,False,3.350381352023212
5899,RALB,True,False,6.8561362604237255,RALB,True,False,2.848805985855866
5901,RAN,True,False,7.462997583250711,RAN,True,False,26.40102079839759
5906,RAP1A,True,False,7.921421794030339,RAP1A,True,False,3.4726391210008614
5912,RAP2B,True,False,7.490967798131615,RAP2B,True,False,3.0414294693714545
5913,RAPSN,True,False,6.770852549705499,RAPSN,True,False,3.5662096502406118
5914,RARA,True,False,7.8750739337557105,RARA,True,False,3.0238753930291438
5915,RARB,True,False,8.258623222294556,RARB,True,False,2.78678277657325
5916,RARG,True,False,9.80092304851145,RARG,True,False,3.3890755787612616
5919,RARRES2,True,False,7.387688646446465,RARRES2,True,False,2.228744171369053
5920,PLAAT4,True,False,9.682838890717782,RARRES3,True,False,3.6183836637128692
5921,RASA1,True,False,6.5492799379625115,RASA1,True,False,3.050676573769103
5925,RB1,True,False,5.897694722941519,RB1,True,False,2.791582384736531
5928,RBBP4,True,False,9.092435809399857,RBBP4,True,False,5.539873974841412
5931,RBBP7,True,False,9.227188717184251,RBBP7,True,False,2.514206868745566
5933,RBL1,True,False,7.063050797792344,RBL1,True,False,2.8206070319768255
5947,RBP1,True,False,9.566483068301892,RBP1,True,False,2.9065381389450353
5949,RBP3,True,False,7.326379288190235,RBP3,True,False,2.4744403782465683
5950,RBP4,True,False,6.406453715336805,RBP4,True,False,2.6201357345447165
5959,RDH5,True,False,8.458616245498241,RDH5,True,False,3.903522340741918
5961,PRPH2,True,False,6.66444500525687,PRPH2,True,False,3.3490017816118254
5966,REL,True,False,8.988195032899185,REL,True,False,2.459514756802635
5970,RELA,True,False,6.721031606199464,RELA,True,False,2.8540846462950045
5971,RELB,True,False,15.707703460036122,RELB,True,False,2.911003942890997
5972,REN,True,False,8.39099521468542,REN,True,False,2.4551857755679696
5973,RENBP,True,False,7.061530893815059,RENBP,True,False,2.978348317432144
5977,DPF2,True,False,6.567454345259773,DPF2,True,False,4.13111216108845
5979,RET,True,False,9.575819243820554,RET,True,False,3.0518630859081135
5981,RFC1,True,False,6.620482976847959,RFC1,True,False,6.384564839831968
5984,RFC4,True,False,7.637111231782364,RFC4,True,False,3.6230475503469384
5985,RFC5,True,False,7.572074961167079,RFC5,True,False,3.622162913156044
5987,TRIM27,True,False,8.236162707283022,TRIM27,True,False,1.7803190285453696
5990,RFX2,True,False,7.711840576470297,RFX2,True,False,3.3430122646554317
5991,RFX3,True,False,9.09348970246716,RFX3,True,False,2.758855129067727
5992,RFX4,True,False,7.715126156576713,RFX4,True,False,2.617612481991837
5993,RFX5,True,False,7.811000907191011,RFX5,True,False,4.095930833791466
5995,RGR,True,False,11.806586736472992,RGR,True,False,2.8646833904573676
6000,RGS7,True,False,6.311750716421043,RGS7,True,False,2.879243711352455
6005,RHAG,True,False,6.319608154721861,RHAG,True,False,3.163631538932153
6009,RHEB,True,False,6.326616098740217,RHEB,True,False,3.5592101541167183
6014,RIT2,True,False,7.658993671934461,RIT2,True,False,2.989448971327473
6015,RING1,True,False,7.429294243510665,RING1,True,False,2.282084864607263
6016,RIT1,True,False,7.525417793487759,RIT1,True,False,3.0132693501710084
6017,RLBP1,True,False,9.566519789186337,RLBP1,True,False,3.439729131993366
6035,RNASE1,True,False,7.530732358367542,RNASE1,True,False,3.0762490103454008
6036,RNASE2,True,False,8.699143391766063,RNASE2,True,False,2.4644693712155785
6037,RNASE3,True,False,7.369795778251037,RNASE3,True,False,3.596682043345779
6038,RNASE4,True,False,7.565478573959648,RNASE4,True,False,3.1756573787161564
6045,RNF2,True,False,6.465504841163449,RNF2,True,False,2.162726662462273
6048,RNF5,True,False,6.603965511488022,RNF5,True,False,4.567310968059206
6049,RNF6,True,False,7.977084521033366,RNF6,True,False,2.5116166856854694
6059,ABCE1,True,False,5.94643620939812,ABCE1,True,False,9.753459815321557
6094,ROM1,True,False,6.425628155972623,ROM1,True,False,3.3099384361143964
6095,RORA,True,False,7.246591226271227,RORA,True,False,2.620140998358257
6097,RORC,True,False,12.008249761263038,RORC,True,False,4.990799262772878
6102,RP2,True,False,7.960481567539237,RP2,True,False,3.0028199427825863
6117,RPA1,True,False,8.048723769374556,RPA1,True,False,14.168030792963929
6120,RPE,True,False,6.788326888436209,RPE,True,False,3.113777980099214
6121,RPE65,True,False,6.57369984750388,RPE65,True,False,2.686815611902983
6129,RPL7,True,False,6.02787193007725,RPL7,True,False,14.32493368221014
6184,RPN1,True,False,5.959863634998861,RPN1,True,False,4.478688891545829
6185,RPN2,True,False,6.792891117236355,RPN2,True,False,2.857962309120932
6187,RPS2,True,False,6.924591896838364,RPS2,True,False,9.035898502143088
6195,RPS6KA1,True,False,7.635238694454585,RPS6KA1,True,False,3.7716551918870036
6196,RPS6KA2,True,False,12.334846835071998,RPS6KA2,True,False,2.7834385874451475
6197,RPS6KA3,True,False,6.188447922992594,RPS6KA3,True,False,2.3940297338810845
6198,RPS6KB1,True,False,6.944189521908899,RPS6KB1,True,False,4.21003796752079
6199,RPS6KB2,True,False,7.2822999045659085,RPS6KB2,True,False,4.166992264333237
6236,RRAD,True,False,7.859036276289189,RRAD,True,False,3.3562672216904095
6240,RRM1,True,False,6.2903161396288025,RRM1,True,False,16.824474851375108
6241,RRM2,True,False,7.417688571186844,RRM2,True,False,12.50436187227294
6256,RXRA,True,False,6.992938809191683,RXRA,True,False,2.893545884804578
6257,RXRB,True,False,8.833382671863124,RXRB,True,False,2.5767865946853084
6258,RXRG,True,False,6.977554430429282,RXRG,True,False,2.4197441744649644
6274,S100A3,True,False,7.081276865167401,S100A3,True,False,2.7024308829947157
6277,S100A6,True,False,9.975607949741617,S100A6,True,False,2.9230715013000887
6297,SALL2,True,False,7.022518205760804,SALL2,True,False,3.995183855866906
6300,MAPK12,True,False,8.649571376666048,MAPK12,True,False,3.12514853564332
6301,SARS1,True,False,9.073220639044099,SARS,True,False,6.614338291865448
6303,SAT1,True,False,6.799060951831043,SAT1,True,False,3.6213363621116503
6304,SATB1,True,False,8.605022002416849,SATB1,True,False,2.7608115640551927
6307,MSMO1,True,False,5.996826645514683,MSMO1,True,False,2.2806838958250704
6309,SC5D,True,False,7.4757396880575016,SC5D,True,False,3.305628253815868
6317,SERPINB3,True,False,6.023025259102934,SERPINB3,True,False,3.019791751117587
6319,SCD,True,False,9.552223171165576,SCD,True,False,2.8066160949455665
6320,CLEC11A,True,False,7.172565899352424,CLEC11A,True,False,2.9479312460722973
6324,SCN1B,True,False,9.034022160840655,SCN1B,True,False,3.758602374612255
6327,SCN2B,True,False,7.715752391483783,SCN2B,True,False,2.335748214755566
6338,SCNN1B,True,False,7.19747119723677,SCNN1B,True,False,2.4286439090120204
6339,SCNN1D,True,False,6.3523144759450725,SCNN1D,True,False,2.8034457914527064
6340,SCNN1G,True,False,8.20463030642123,SCNN1G,True,False,2.9101720389693426
6344,SCTR,True,False,6.277562644923872,SCTR,True,False,3.3753831117420554
6354,CCL7,True,False,6.71441416260022,CCL7,True,False,2.6213955461721787
6358,CCL14,True,False,11.764449401640368,CCL14,True,False,2.6704401588615165
6386,SDCBP,True,False,7.281500287186218,SDCBP,True,False,2.900750389610828
6389,SDHA,True,False,6.666070693282105,SDHA,True,False,4.027290809430888
6390,SDHB,True,False,12.65042520472088,SDHB,True,False,3.138947237797733
6392,SDHD,True,False,5.622484691491434,SDHD,True,False,3.22574032775627
6397,SEC14L1,True,False,7.71192557537029,SEC14L1,True,False,3.2812890958800103
6418,SET,True,False,14.087451668821178,SET,True,False,5.369677488794877
6419,SETMAR,True,False,6.263514470488744,SETMAR,True,False,2.984951943861745
6422,SFRP1,True,False,7.274277714582647,SFRP1,True,False,2.7965457726246106
6423,SFRP2,True,False,7.288790859368846,SFRP2,True,False,2.505609557396771
6424,SFRP4,True,False,9.169438231910371,SFRP4,True,False,2.4629893128354365
6427,SRSF2,True,False,6.627081056227784,SRSF2,True,False,9.495341565942361
6446,SGK1,True,False,13.859492016844195,SGK1,True,False,2.4002200215896554
6448,SGSH,True,False,10.734774930043296,SGSH,True,False,2.7058991777627304
6450,SH3BGR,True,False,6.709563995593358,SH3BGR,True,False,2.947244067909283
6456,SH3GL2,True,False,7.380156825202447,SH3GL2,True,False,3.0002018772046495
6464,SHC1,True,False,6.679853188583939,SHC1,True,False,3.5159326270889886
6468,FBXW4,True,False,6.7909054507321756,FBXW4,True,False,3.9304130092594107
6470,SHMT1,True,False,7.300945557228711,SHMT1,True,False,3.027854143719174
6472,SHMT2,True,False,14.05927315566167,SHMT2,True,False,2.8538677299093873
6474,SHOX2,True,False,8.027584222758213,SHOX2,True,False,3.5969046380107907
6477,SIAH1,True,False,10.311452118752223,SIAH1,True,False,2.641911812025242
6480,ST6GAL1,True,False,12.096897598719332,ST6GAL1,True,False,2.740230209462527
6482,ST3GAL1,True,False,7.912567102242011,ST3GAL1,True,False,3.704692257912042
6483,ST3GAL2,True,False,6.457839326708471,ST3GAL2,True,False,2.9270817934080084
6484,ST3GAL4,True,False,14.301514729925737,ST3GAL4,True,False,3.8335994257609425
6487,ST3GAL3,True,False,7.9478616445471415,ST3GAL3,True,False,3.4715647206411995
6489,ST8SIA1,True,False,10.86519560475202,ST8SIA1,True,False,3.2100559125317214
6490,PMEL,True,False,12.96400547535077,PMEL,True,False,2.7966777935353457
6493,SIM2,True,False,8.045289623121418,SIM2,True,False,2.8712278575275825
6495,SIX1,True,False,9.126732618003576,SIX1,True,False,2.689008257176359
6498,SKIL,True,False,8.025069601609847,SKIL,True,False,2.7082411837505176
6502,SKP2,True,False,6.77265989613204,SKP2,True,False,2.9789574139861057
6504,SLAMF1,True,False,8.948726383112756,SLAMF1,True,False,3.292830686408157
6505,SLC1A1,True,False,7.130061670104561,SLC1A1,True,False,2.957398449190698
6507,SLC1A3,True,False,11.825732054831574,SLC1A3,True,False,3.1716161499939064
6508,SLC4A3,True,False,7.382682763775011,SLC4A3,True,False,2.8331556858054547
6510,SLC1A5,True,False,8.99698397572865,SLC1A5,True,False,3.888994251187947
6512,SLC1A7,True,False,6.912816442135781,SLC1A7,True,False,2.7461070384375517
6514,SLC2A2,True,False,7.294177524462488,SLC2A2,True,False,5.299655353941041
6515,SLC2A3,True,False,7.904382777630675,SLC2A3,True,False,2.2928096082908995
6517,SLC2A4,True,False,7.778886425012109,SLC2A4,True,False,3.50049979838352
6518,SLC2A5,True,False,6.912358067599355,SLC2A5,True,False,2.046005932867854
6521,SLC4A1,True,False,6.148397845364747,SLC4A1,True,False,2.9924173771421163
6522,SLC4A2,True,False,6.896832819861373,SLC4A2,True,False,2.7665567277517473
6524,SLC5A2,True,False,6.265017388791001,SLC5A2,True,False,2.7203667103706337
6529,SLC6A1,True,False,9.560072199412732,SLC6A1,True,False,2.7746714775989205
6533,SLC6A6,True,False,5.9749813209870855,SLC6A6,True,False,3.604764019418178
6534,SLC6A7,True,False,5.569235707423931,SLC6A7,True,False,2.9209974089940416
6538,SLC6A11,True,False,7.189633455279565,SLC6A11,True,False,3.1738178435157804
6540,SLC6A13,True,False,6.552229502423268,SLC6A13,True,False,2.322340603922224
6541,SLC7A1,True,False,6.292702938198596,SLC7A1,True,False,2.7128749572286592
6545,SLC7A4,True,False,6.077476182289699,SLC7A4,True,False,2.95400375714605
6547,SLC8A3,True,False,12.117189326683384,SLC8A3,True,False,2.9423897881130685
6553,SLC9A5,True,False,8.295087770596675,SLC9A5,True,False,2.3552414870359177
6554,SLC10A1,True,False,25.851692041369198,SLC10A1,True,False,2.7180763636636964
6555,SLC10A2,True,False,13.850510126379472,SLC10A2,True,False,2.55363591353455
6556,SLC11A1,True,False,6.89492359718687,SLC11A1,True,False,3.17417042274245
6557,SLC12A1,True,False,6.763962039958786,SLC12A1,True,False,2.3106960029938914
6560,SLC12A4,True,False,7.268013768273112,SLC12A4,True,False,2.785568724741801
6563,SLC14A1,True,False,7.6088147120684555,SLC14A1,True,False,2.901553389695192
6564,SLC15A1,True,False,7.220478409098508,SLC15A1,True,False,2.0424075402574284
6568,SLC17A1,True,False,6.061235860793176,SLC17A1,True,False,3.043020802206462
6569,SLC34A1,True,False,9.6603238135521,SLC34A1,True,False,2.726266002805521
6570,SLC18A1,True,False,7.940097876163052,SLC18A1,True,False,2.435972907298135
6571,SLC18A2,True,False,8.563822430216607,SLC18A2,True,False,2.3270083814869933
6572,SLC18A3,True,False,6.568989805973008,SLC18A3,True,False,2.735590447911808
6574,SLC20A1,True,False,8.4598069074579,SLC20A1,True,False,3.7890260720345097
6576,SLC25A1,True,False,9.037043643387419,SLC25A1,True,False,3.6213056617732615
6578,SLCO2A1,True,False,6.253036622005362,SLCO2A1,True,False,2.4891826657005995
6579,SLCO1A2,True,False,7.398883401013448,SLCO1A2,True,False,2.7648529803204474
6580,SLC22A1,True,False,5.98638916279224,SLC22A1,True,False,2.295096251246877
6582,SLC22A2,True,False,8.771370361905294,SLC22A2,True,False,3.134661928550244
6583,SLC22A4,True,False,6.634941717633971,SLC22A4,True,False,3.3752741820467613
6584,SLC22A5,True,False,9.041867472429784,SLC22A5,True,False,4.305911490129171
6591,SNAI2,True,False,6.480176412687674,SNAI2,True,False,2.7042179329512357
6595,SMARCA2,True,False,7.6348855755329375,SMARCA2,True,False,2.547639293399158
6598,SMARCB1,True,False,7.527281166175492,SMARCB1,True,False,4.329680590997474
6601,SMARCC2,True,False,6.671239606995905,SMARCC2,True,False,3.1378239835069075
6602,SMARCD1,True,False,7.777119721123026,SMARCD1,True,False,2.6799842370942417
6603,SMARCD2,True,False,7.457743507957466,SMARCD2,True,False,4.122333195205407
6604,SMARCD3,True,False,9.049566319679434,SMARCD3,True,False,3.2472431124568018
6605,SMARCE1,True,False,5.896516343852618,SMARCE1,True,False,3.5723872139049586
6609,SMPD1,True,False,6.6677240629214065,SMPD1,True,False,3.0760914766493657
6610,SMPD2,True,False,6.8562494897040995,SMPD2,True,False,3.1984330495074342
6615,SNAI1,True,False,9.973899947062652,SNAI1,True,False,3.715629192999073
6618,SNAPC2,True,False,6.7013492246585615,SNAPC2,True,False,6.364994084686971
6646,SOAT1,True,False,6.349068288514835,SOAT1,True,False,3.4560504425868386
6647,SOD1,True,False,6.759037603451273,SOD1,True,False,2.775622537828812
6648,SOD2,True,False,6.281299169000729,SOD2,True,False,3.1567191403796317
6652,SORD,True,False,6.014979818286484,SORD,True,False,2.366108458992792
6658,SOX3,True,False,8.371282660099935,SOX3,True,False,2.6860048963823986
6660,SOX5,True,False,11.207808605176675,SOX5,True,False,3.110124876564116
6663,SOX10,True,False,9.19192956426597,SOX10,True,False,2.7795142399579635
6665,SOX15,True,False,12.276332039571333,SOX15,True,False,3.048625589714651
6666,SOX12,True,False,9.605174104717653,SOX12,True,False,3.271591897558309
6668,SP2,True,False,6.920520750385953,SP2,True,False,3.1865799556228387
6670,SP3,True,False,6.6677635872976415,SP3,True,False,3.7576604860568623
6671,SP4,True,False,7.976026585840023,SP4,True,False,2.062670996693859
6675,UAP1,True,False,7.225880301387284,UAP1,True,False,4.6590192029466
6677,SPAM1,True,False,5.879419067386673,SPAM1,True,False,2.68790558848017
6687,SPG7,True,False,7.675693099681119,SPG7,True,False,2.7360725102769465
6690,SPINK1,True,False,6.076146273906218,SPINK1,True,False,2.7664158085633783
6693,SPN,True,False,6.276780597391777,SPN,True,False,3.0252348370156197
6713,SQLE,True,False,6.316480238002763,SQLE,True,False,4.234991380390731
6714,SRC,True,False,16.43707969780151,SRC,True,False,2.64626497888538
6715,SRD5A1,True,False,7.157488693990968,SRD5A1,True,False,3.6162857298651345
6716,SRD5A2,True,False,11.58439932433675,SRD5A2,True,False,3.0203662224358547
6718,AKR1D1,True,False,10.72289983932183,AKR1D1,True,False,2.8161404676653334
6720,SREBF1,True,False,7.689289979916702,SREBF1,True,False,3.0765029310343888
6723,SRM,True,False,8.038162207785625,SRM,True,False,3.8458449126078076
6732,SRPK1,True,False,6.1711682511163675,SRPK1,True,False,3.3063462589841786
6733,SRPK2,True,False,9.615991750966666,SRPK2,True,False,3.5851832849161482
6734,SRPRA,True,False,7.186468125659626,SRPRA,True,False,5.4000712158669915
6751,SSTR1,True,False,7.177878239641276,SSTR1,True,False,2.9357437238075526
6752,SSTR2,True,False,10.189724978622714,SSTR2,True,False,2.9507657885037677
6754,SSTR4,True,False,6.200190655305513,SSTR4,True,False,2.5665183774996962
6756,SSX1,True,False,7.874712267241028,SSX1,True,False,4.3995787894051155
6767,ST13,True,False,8.980964171041123,ST13,True,False,2.2712311951514366
6768,ST14,True,False,6.994193860984617,ST14,True,False,2.8448095824858517
6770,STAR,True,False,6.711559913152889,STAR,True,False,7.832807059140251
6772,STAT1,True,False,7.186300647188993,STAT1,True,False,3.3972047192105572
6774,STAT3,True,False,8.21353621897008,STAT3,True,False,4.041913375427352
6775,STAT4,True,False,6.93705471966335,STAT4,True,False,2.765192315758528
6776,STAT5A,True,False,6.165162503880896,STAT5A,True,False,4.678888593733284
6777,STAT5B,True,False,6.564698942851162,STAT5B,True,False,3.083974699977256
6778,STAT6,True,False,8.90296354057997,STAT6,True,False,2.955007548175029
6782,HSPA13,True,False,6.6372034338318135,HSPA13,True,False,3.013001244025754
6783,SULT1E1,True,False,6.056209368297998,SULT1E1,True,False,2.852778968910673
6787,NEK4,True,False,6.043519366619604,NEK4,True,False,3.9084119944576567
6788,STK3,True,False,9.271071366719385,STK3,True,False,3.366600024420619
6789,STK4,True,False,4.268006316536901,STK4,True,False,3.274878135889245
6790,AURKA,True,False,9.544686519361704,AURKA,True,False,9.465652462752805
6792,CDKL5,True,False,8.705586683856918,CDKL5,True,False,2.394195231131449
6793,STK10,True,False,5.508600149316859,STK10,True,False,3.267112327484917
6794,STK11,True,False,7.838798464479748,STK11,True,False,4.166405328296937
6795,AURKC,True,False,8.232755782841105,AURKC,True,False,2.821143469140465
6804,STX1A,True,False,6.386552140748497,STX1A,True,False,4.363822531271682
6809,STX3,True,False,8.605790594852957,STX3,True,False,3.283118633480692
6815,STYX,True,False,7.554135873756931,STYX,True,False,2.924167021697669
6819,SULT1C2,True,False,6.143950070132425,SULT1C2,True,False,2.7763011891743505
6821,SUOX,True,False,6.014523916665367,SUOX,True,False,3.1232401020175655
6827,SUPT4H1,True,False,8.656467905178525,SUPT4H1,True,False,5.421746259453497
6829,SUPT5H,True,False,6.846741739594485,SUPT5H,True,False,10.0889587955037
6832,SUPV3L1,True,False,6.824632152452958,SUPV3L1,True,False,5.129443194926262
6834,SURF1,True,False,7.426370828016105,SURF1,True,False,3.528249701194575
6839,SUV39H1,True,False,9.288235825389416,SUV39H1,True,False,3.337708843651848
6850,SYK,True,False,3.968169741601156,SYK,True,False,2.6415765213315576
6857,SYT1,True,False,17.889359341368987,SYT1,True,False,2.6790663373878707
6866,TAC3,True,False,5.781331043052502,TAC3,True,False,2.8022516520299194
6868,ADAM17,True,False,6.231576553816995,ADAM17,True,False,3.58991631133524
6869,TACR1,True,False,7.514184020550148,TACR1,True,False,3.276021224326252
6870,TACR3,True,False,8.331374164205794,TACR3,True,False,3.5237857465367544
6871,TADA2A,True,False,8.051942950569398,TADA2A,True,False,4.445665914694808
6879,TAF7,True,False,7.376406329175976,TAF7,True,False,4.240427796743059
6883,TAF12,True,False,7.941154397951798,TAF12,True,False,7.0928371456062544
6884,TAF13,True,False,6.992073166098962,TAF13,True,False,3.5448545586419367
6885,MAP3K7,True,False,9.634925962213755,MAP3K7,True,False,2.9299282754372826
6888,TALDO1,True,False,8.35361025832519,TALDO1,True,False,3.1500838752450764
6890,TAP1,True,False,7.301950825208589,TAP1,True,False,2.7471338674956938
6891,TAP2,True,False,6.317239372627936,TAP2,True,False,2.756456854602795
6897,TARS1,True,False,6.144896892143089,TARS,True,False,3.717686042228347
6898,TAT,True,False,6.579594890127165,TAT,True,False,2.3655863576696095
6901,TAZ,True,False,6.992762590271715,TAZ,True,False,4.821901378616872
6906,SERPINA7,True,False,9.553289051467427,SERPINA7,True,False,3.5636319251538415
6908,TBP,True,False,7.375643977431369,TBP,True,False,6.077062415846779
6915,TBXA2R,True,False,6.674652262388127,TBXA2R,True,False,3.386304618024524
6916,TBXAS1,True,False,6.0021830094308,TBXAS1,True,False,2.973381549869003
6917,TCEA1,True,False,6.25179865784273,TCEA1,True,False,3.435767768284508
6919,TCEA2,True,False,6.987239191982334,TCEA2,True,False,2.983526824141611
6925,TCF4,True,False,10.23347028867388,TCF4,True,False,2.971623314584533
6934,TCF7L2,True,False,8.060623482554487,TCF7L2,True,False,2.3008527850513762
6935,ZEB1,True,False,7.2159889985538515,ZEB1,True,False,4.9989428389453625
6936,GCFC2,True,False,6.891666804877812,GCFC2,True,False,3.1654485031724526
6938,TCF12,True,False,9.202936016677482,TCF12,True,False,2.6714301264011335
6940,ZNF354A,True,False,6.461805272916924,ZNF354A,True,False,4.123694145835023
6941,TCF19,True,False,8.305581402116246,TCF19,True,False,3.155487758249321
6945,MLX,True,False,7.864544246849445,MLX,True,False,2.975934637210676
6948,TCN2,True,False,8.736381816733042,TCN2,True,False,3.2603462448913847
6949,TCOF1,True,False,7.023861273570255,TCOF1,True,False,2.7124837637557384
6997,TDGF1,True,False,6.572379670449734,TDGF1,True,False,2.753554451819919
6999,TDO2,True,False,5.891699011590064,TDO2,True,False,6.164578114867211
7003,TEAD1,True,False,5.840874046986965,TEAD1,True,False,4.263780841437916
7004,TEAD4,True,False,8.31068687607007,TEAD4,True,False,2.8610720385377237
7005,TEAD3,True,False,8.810584184545736,TEAD3,True,False,4.340008779152398
7008,TEF,True,False,10.820310235158725,TEF,True,False,3.108210087150903
7016,TESK1,True,False,8.209114267427136,TESK1,True,False,3.346825587205156
7019,TFAM,True,False,7.433348798489259,TFAM,True,False,3.125284974549609
7020,TFAP2A,True,False,11.13599984799627,TFAP2A,True,False,2.4432871127276963
7023,TFAP4,True,False,9.518232997728543,TFAP4,True,False,4.313366053113234
7024,TFCP2,True,False,6.907014778606958,TFCP2,True,False,2.5699259410079662
7027,TFDP1,True,False,8.884505877683523,TFDP1,True,False,7.545134971181695
7029,TFDP2,True,False,7.577411113575275,TFDP2,True,False,3.149135603850257
7035,TFPI,True,False,8.869741384986968,TFPI,True,False,2.879443760605393
7036,TFR2,True,False,5.758143422243947,TFR2,True,False,4.414658874450106
7037,TFRC,True,False,6.0690932913966655,TFRC,True,False,6.9383443786751435
7040,TGFB1,True,False,6.612493661719645,TGFB1,True,False,3.285540605973758
7043,TGFB3,True,False,9.255288615694521,TGFB3,True,False,2.8468604980171257
7044,LEFTY2,True,False,6.518250924250102,LEFTY2,True,False,2.767141742340112
7046,TGFBR1,True,False,6.156375473747032,TGFBR1,True,False,2.9702879174935193
7047,TGM4,True,False,6.969164532576861,TGM4,True,False,2.8752948897622206
7048,TGFBR2,True,False,9.474379623163639,TGFBR2,True,False,2.8363760449679365
7050,TGIF1,True,False,17.27666730062015,TGIF1,True,False,3.1861217560021404
7052,TGM2,True,False,6.580432782334848,TGM2,True,False,3.029119645394189
7053,TGM3,True,False,6.168306155033535,TGM3,True,False,5.4020676895479385
7054,TH,True,False,7.189575607703429,TH,True,False,3.4478312292663893
7064,THOP1,True,False,6.312668382155995,THOP1,True,False,2.8086795440795713
7066,THPO,True,False,6.560851306976377,THPO,True,False,3.069813620673444
7067,THRA,True,False,6.781686659075845,THRA,True,False,2.6811386392643097
7068,THRB,True,False,9.737833580203198,THRB,True,False,2.8412046013369396
7071,KLF10,True,False,7.400642544668512,KLF10,True,False,3.631371532288022
7075,TIE1,True,False,5.7719781362354095,TIE1,True,False,2.1149764301282965
7076,TIMP1,True,False,7.194999867042674,TIMP1,True,False,3.2191366951220073
7077,TIMP2,True,False,6.679576832541035,TIMP2,True,False,3.040262465740326
7078,TIMP3,True,False,7.213927139251654,TIMP3,True,False,2.441167637737756
7083,TK1,True,False,7.24747653801718,TK1,True,False,2.8020773874363956
7084,TK2,True,False,4.550339023070829,TK2,True,False,2.407189059728492
7086,TKT,True,False,8.502561843943193,TKT,True,False,3.819276355009268
7088,TLE1,True,False,8.563326795986962,TLE1,True,False,3.390576804159206
7089,TLE2,True,False,8.170309778469425,TLE2,True,False,3.243202624977946
7091,TLE4,True,False,11.23733993076692,TLE4,True,False,3.023198211459583
7096,TLR1,True,False,6.135665202223152,TLR1,True,False,2.486665068992965
7097,TLR2,True,False,7.35238249675356,TLR2,True,False,3.1487695207108763
7098,TLR3,True,False,6.189112478217444,TLR3,True,False,3.0521125218784135
7100,TLR5,True,False,7.472357646128643,TLR5,True,False,2.7878924640987064
7101,NR2E1,True,False,8.61558206267471,NR2E1,True,False,2.8308350815256427
7107,GPR137B,True,False,9.770729769597922,GPR137B,True,False,3.6797101846498914
7108,TM7SF2,True,False,6.948968897981421,TM7SF2,True,False,2.7460561092557962
7110,TMF1,True,False,5.733911198632368,TMF1,True,False,2.935869751567862
7113,TMPRSS2,True,False,7.120868068175176,TMPRSS2,True,False,2.2435127610848826
7124,TNF,True,False,10.719670570618963,TNF,True,False,2.887682989550841
7128,TNFAIP3,True,False,5.689058423529306,TNFAIP3,True,False,3.26237077401806
7132,TNFRSF1A,True,False,13.038159751068001,TNFRSF1A,True,False,2.384216254659619
7133,TNFRSF1B,True,False,6.498323915826619,TNFRSF1B,True,False,2.7142733398594996
7136,TNNI2,True,False,6.343959562380833,TNNI2,True,False,3.4307650736990323
7137,TNNI3,True,False,5.887592186779431,TNNI3,True,False,2.710710343279143
7148,TNXB,True,False,6.849674277181188,TNXB,True,False,2.957295081941873
7157,TP53,True,False,7.893018434688044,TP53,True,False,4.496824197538695
7166,TPH1,True,False,6.341240245149009,TPH1,True,False,2.865139062312455
7167,TPI1,True,False,6.784934170818613,TPI1,True,False,4.063468562049852
7168,TPM1,True,False,7.382284816104024,TPM1,True,False,3.173821149333962
7171,TPM4,True,False,6.809688599215451,TPM4,True,False,3.117392853442864
7172,TPMT,True,False,6.844142995582244,TPMT,True,False,3.0803782258642602
7173,TPO,True,False,6.218199216437299,TPO,True,False,3.1790845312088485
7174,TPP2,True,False,6.3839065719981365,TPP2,True,False,2.389047926639782
7179,TPTE,True,False,6.609243517910631,TPTE,True,False,2.7446823787116514
7181,NR2C1,True,False,6.834792022913337,NR2C1,True,False,2.500479523465124
7182,NR2C2,True,False,6.5747669860823965,NR2C2,True,False,2.6021228895121356
7184,HSP90B1,True,False,6.946627393662955,HSP90B1,True,False,3.1355063497715205
7186,TRAF2,True,False,9.795790335845759,TRAF2,True,False,4.434261144598879
7187,TRAF3,True,False,5.6649704147232764,TRAF3,True,False,5.531491336241858
7188,TRAF5,True,False,6.076875928151678,TRAF5,True,False,2.9300411006283142
7189,TRAF6,True,False,6.6201199891907105,TRAF6,True,False,3.307353050700855
7201,TRHR,True,False,5.603570775538471,TRHR,True,False,2.9998517609905293
7203,CCT3,True,False,5.984898758661453,CCT3,True,False,9.956868525709954
7205,TRIP6,True,False,7.573493686433748,TRIP6,True,False,3.744321029654026
7220,TRPC1,True,False,7.035454999505568,TRPC1,True,False,2.556216548462426
7222,TRPC3,True,False,8.83246723641709,TRPC3,True,False,2.9648637019111765
7223,TRPC4,True,False,7.22048550712126,TRPC4,True,False,3.9980682299503596
7224,TRPC5,True,False,6.26743188613984,TRPC5,True,False,2.8857227120660247
7227,TRPS1,True,False,10.029819230230812,TRPS1,True,False,3.376920160701594
7249,TSC2,True,False,5.92331447613354,TSC2,True,False,3.5897992097484357
7251,TSG101,True,False,6.560242388604096,TSG101,True,False,14.645863758620834
7253,TSHR,True,False,6.765422122859352,TSHR,True,False,2.6685838744919526
7264,TSTA3,True,False,6.603471183390593,TSTA3,True,False,3.2012817978254255
7272,TTK,True,False,6.119774569909603,TTK,True,False,12.902209286346318
7276,TTR,True,False,7.564051417502087,TTR,True,False,3.042310710979011
7277,TUBA4A,True,False,8.883760554668203,TUBA4A,True,False,4.028956306361184
7280,TUBB2A,True,False,7.443389779601537,TUBB2A,True,False,10.78575739411462
7283,TUBG1,True,False,6.722307797808628,TUBG1,True,False,7.298522563061662
7284,TUFM,True,False,15.286933695985352,TUFM,True,False,4.092238576725496
7287,TULP1,True,False,6.633795219260901,TULP1,True,False,4.624171356291575
7288,TULP2,True,False,6.560313668154413,TULP2,True,False,2.467956193267077
7294,TXK,True,False,9.538339005242145,TXK,True,False,1.6043460939952103
7295,TXN,True,False,8.177955405932911,TXN,True,False,5.306411041454061
7296,TXNRD1,True,False,7.378438980633181,TXNRD1,True,False,4.0274610039475585
7297,TYK2,True,False,5.7430380621912285,TYK2,True,False,2.6572763844691814
7299,TYR,True,False,9.064997595820364,TYR,True,False,2.8291901949245215
7301,TYRO3,True,False,8.327725659053328,TYRO3,True,False,3.1466863758307637
7306,TYRP1,True,False,6.752851726896761,TYRP1,True,False,2.946680416871549
7318,UBA7,True,False,5.827954723539569,UBA7,True,False,5.733704348875575
7319,UBE2A,True,False,6.592759633571492,UBE2A,True,False,3.332458430563904
7320,UBE2B,True,False,7.003486826266479,UBE2B,True,False,3.497300053145925
7321,UBE2D1,True,False,6.800077338755452,UBE2D1,True,False,3.2076773973358064
7322,UBE2D2,True,False,7.11967174439925,UBE2D2,True,False,7.4537595467704625
7323,UBE2D3,True,False,6.561526915208398,UBE2D3,True,False,7.507852429715474
7325,UBE2E2,True,False,6.239424384881981,UBE2E2,True,False,2.5869240290942423
7326,UBE2G1,True,False,7.327780399462685,UBE2G1,True,False,2.7021118355858698
7327,UBE2G2,True,False,8.286563856479516,UBE2G2,True,False,2.801808228576366
7335,UBE2V1,True,False,5.797118594121989,UBE2V1,True,False,3.015416117361959
7336,UBE2V2,True,False,7.135177273973756,UBE2V2,True,False,5.079712601305975
7337,UBE3A,True,False,6.292475768652384,UBE3A,True,False,3.513112620999581
7341,SUMO1,True,False,6.8727175663889515,SUMO1,True,False,3.5135034843314004
7345,UCHL1,True,False,6.880579750300995,UCHL1,True,False,3.009320679966112
7347,UCHL3,True,False,7.411855405132117,UCHL3,True,False,3.5857593925737126
7350,UCP1,True,False,7.967283530541669,UCP1,True,False,2.1366792440328286
7351,UCP2,True,False,14.824913477091956,UCP2,True,False,2.765523628838469
7352,UCP3,True,False,9.770335823295724,UCP3,True,False,2.943360244244336
7353,UFD1,True,False,8.649280793482305,UFD1L,True,False,4.512498555961838
7355,SLC35A2,True,False,7.791786607171994,SLC35A2,True,False,6.822821793424262
7357,UGCG,True,False,15.709214244907454,UGCG,True,False,2.8068553481310037
7358,UGDH,True,False,6.569744807808844,UGDH,True,False,2.172976348586875
7363,UGT2B4,True,False,8.42531952137853,UGT2B4,True,False,3.584168240840898
7364,UGT2B7,True,False,8.248698688651524,UGT2B7,True,False,3.378031550350176
7371,UCK2,True,False,16.616923502310556,UCK2,True,False,2.048300919484074
7372,UMPS,True,False,6.594690759241225,UMPS,True,False,3.526234808067271
7375,USP4,True,False,7.254589491506641,USP4,True,False,2.7682803240897935
7376,NR1H2,True,False,7.467076287776713,NR1H2,True,False,2.9713284569741294
7378,UPP1,True,False,6.970358533520982,UPP1,True,False,2.686427531286793
7385,UQCRC2,True,False,7.413152132570521,UQCRC2,True,False,2.962953727195437
7386,UQCRFS1,True,False,14.466366846438657,UQCRFS1,True,False,2.6727756051452496
7389,UROD,True,False,8.091670298600839,UROD,True,False,3.469680464454382
7390,UROS,True,False,5.857121777929876,UROS,True,False,2.740256387452371
7391,USF1,True,False,9.641675479629484,USF1,True,False,3.248907492741658
7398,USP1,True,False,6.89648055209108,USP1,True,False,2.931820905908525
7407,VARS1,True,False,6.729092680409811,VARS,True,False,4.254569957271818
7409,VAV1,True,False,6.72957358150111,VAV1,True,False,2.7547180601161365
7415,VCP,True,False,6.530133254348212,VCP,True,False,34.14850856751576
7416,VDAC1,True,False,8.24904147186456,VDAC1,True,False,4.124423206227932
7417,VDAC2,True,False,8.085186799708216,VDAC2,True,False,3.2414983194562397
7419,VDAC3,True,False,7.2708156714935654,VDAC3,True,False,2.9194158672233246
7421,VDR,True,False,7.656603401426669,VDR,True,False,4.483849637525122
7422,VEGFA,True,False,6.954345456022268,VEGFA,True,False,2.4705331162578616
7423,VEGFB,True,False,6.174593768614877,VEGFB,True,False,2.865182775011813
7424,VEGFC,True,False,7.027197584286577,VEGFC,True,False,3.903510752010189
7425,VGF,True,False,7.03389312144435,VGF,True,False,2.897824517533656
7428,VHL,True,False,6.780674753285487,VHL,True,False,8.083838860265056
7433,VIPR1,True,False,9.168470312757714,VIPR1,True,False,3.2419115590429315
7434,VIPR2,True,False,23.64792298439633,VIPR2,True,False,2.720320970198116
7436,VLDLR,True,False,7.477369916313621,VLDLR,True,False,2.8955353050751707
7439,BEST1,True,False,6.797752985298171,BEST1,True,False,3.572323752270161
7443,VRK1,True,False,11.377244859130622,VRK1,True,False,3.1484591189433275
7444,VRK2,True,False,6.784398890374213,VRK2,True,False,2.776266263019572
7453,WARS1,True,False,5.984377479574477,WARS,True,False,3.9222097212675413
7458,EIF4H,True,False,8.760031809346327,EIF4H,True,False,4.279722805863893
7490,WT1,True,False,10.574639435192548,WT1,True,False,2.7653434736236653
7494,XBP1,True,False,9.366915627034556,XBP1,True,False,3.1917796239361618
7504,XK,True,False,6.902176716032576,XK,True,False,3.7642016514469905
7507,XPA,True,False,6.113353903399006,XPA,True,False,2.702601372383669
7508,XPC,True,False,7.3572078708709165,XPC,True,False,3.4387482161582326
7511,XPNPEP1,True,False,6.228971292336046,XPNPEP1,True,False,2.3523437328124985
7514,XPO1,True,False,7.734381711190074,XPO1,True,False,13.961620611659656
7516,XRCC2,True,False,8.197487940051879,XRCC2,True,False,2.946991548811093
7517,XRCC3,True,False,6.759252424631038,XRCC3,True,False,3.6852176992826204
7518,XRCC4,True,False,7.118846095226106,XRCC4,True,False,3.016602262583767
7525,YES1,True,False,9.204645813341902,YES1,True,False,3.451132226442063
7528,YY1,True,False,8.628355066640541,YY1,True,False,7.353130486581248
7531,YWHAE,True,False,6.411897275015642,YWHAE,True,False,3.73444857810291
7532,YWHAG,True,False,12.699799378720783,YWHAG,True,False,2.9334683558697217
7535,ZAP70,True,False,6.809293286147169,ZAP70,True,False,7.420217504135631
7536,SF1,True,False,8.190378851469667,SF1,True,False,7.149531001365987
7538,ZFP36,True,False,12.568713475873482,ZFP36,True,False,4.133306467557712
7539,ZFP37,True,False,6.898687058058111,ZFP37,True,False,3.0439321593369693
7541,ZBTB14,True,False,18.577744784442345,ZBTB14,True,False,3.4668735899041163
7545,ZIC1,True,False,52.1007617429801,ZIC1,True,False,2.7795134287103425
7547,ZIC3,True,False,21.93325201840334,ZIC3,True,False,2.7339719730265037
7551,ZNF3,True,False,7.369939755935776,ZNF3,True,False,2.7195904203458423
7554,ZNF8,True,False,7.997946847931194,ZNF8,True,False,2.881958784789092
7555,CNBP,True,False,6.223544849508896,CNBP,True,False,3.2092700950472848
7556,ZNF10,True,False,8.149738035101569,ZNF10,True,False,2.7289742351114397
7566,ZNF18,True,False,7.208142597983852,ZNF18,True,False,2.8661087134012133
7567,ZNF19,True,False,5.668995598769001,ZNF19,True,False,3.59330694909687
7570,ZNF22,True,False,7.723263699205377,ZNF22,True,False,2.305864345784632
7571,ZNF23,True,False,7.974611927447427,ZNF23,True,False,2.775822577379847
7572,ZNF24,True,False,7.423246255157244,ZNF24,True,False,3.4178015292336794
7584,ZNF35,True,False,6.203560026978575,ZNF35,True,False,4.042622666086435
7586,ZKSCAN1,True,False,5.968471026309548,ZKSCAN1,True,False,2.1859687439224778
7587,ZNF37A,True,False,6.895861959989945,ZNF37A,True,False,4.161468927515708
7589,ZSCAN21,True,False,12.684951479403544,ZSCAN21,True,False,4.725750110332876
7592,ZNF41,True,False,7.643818235388543,ZNF41,True,False,3.3331432234169363
7593,MZF1,True,False,8.436009282627438,MZF1,True,False,3.108707490546917
7594,ZNF43,True,False,6.127687384557925,ZNF43,True,False,3.22550884137347
7620,ZNF69,True,False,7.584477107484621,ZNF69,True,False,2.9864040994212395
7629,ZNF76,True,False,12.508484179308784,ZNF76,True,False,3.85183287286783
7634,ZNF80,True,False,6.468880712670828,ZNF80,True,False,3.279521569579048
7639,ZNF85,True,False,7.965796686376034,ZNF85,True,False,2.8831398616574075
7678,ZNF124,True,False,6.585527267425173,ZNF124,True,False,3.0910609315035082
7681,MKRN3,True,False,12.072058151819553,MKRN3,True,False,3.0041404899701
7690,ZNF131,True,False,6.60474135970375,ZNF131,True,False,3.168190011377853
7691,ZNF132,True,False,6.403287166926238,ZNF132,True,False,3.395644972904801
7692,ZNF133,True,False,7.362774037913436,ZNF133,True,False,3.468116084153455
7693,ZNF134,True,False,7.7100452821894745,ZNF134,True,False,4.186995095604548
7695,ZNF136,True,False,9.786854792809677,ZNF136,True,False,3.1079688800994774
7699,ZNF140,True,False,5.936064679232453,ZNF140,True,False,3.561659442178807
7700,ZNF141,True,False,7.871937967242191,ZNF141,True,False,3.052365593512214
7703,PCGF2,True,False,6.59245998950927,PCGF2,True,False,2.4753058551239002
7704,ZBTB16,True,False,7.423069252797543,ZBTB16,True,False,3.1063652203768166
7707,ZNF148,True,False,5.869134996967693,ZNF148,True,False,3.3747260987244645
7711,ZNF155,True,False,8.085741946722212,ZNF155,True,False,3.287044584368977
7718,ZNF165,True,False,8.04817188858555,ZNF165,True,False,2.998137860352576
7727,ZNF174,True,False,7.651488051878814,ZNF174,True,False,3.322564858551157
7728,ZNF175,True,False,7.255528312383893,ZNF175,True,False,3.0847558174131664
7730,ZNF177,True,False,11.003383147892363,ZNF177,True,False,2.586473727851695
7733,ZNF180,True,False,6.417130896901844,ZNF180,True,False,2.9641487847614774
7737,RNF113A,True,False,7.072408143503515,RNF113A,True,False,14.661485226141853
7741,ZSCAN26,True,False,7.460864849927584,ZSCAN26,True,False,2.4285231123549846
7743,ZNF189,True,False,7.156688766664,ZNF189,True,False,2.824437217511752
7745,ZKSCAN8,True,False,7.1018301556425065,ZKSCAN8,True,False,4.186455636539784
7746,ZSCAN9,True,False,5.784909090275265,ZSCAN9,True,False,4.2445746356778535
7753,ZNF202,True,False,7.4523187108837465,ZNF202,True,False,3.283784855452573
7756,ZNF207,True,False,7.715018739886282,ZNF207,True,False,7.163465816539087
7760,ZNF213,True,False,7.290132679003282,ZNF213,True,False,3.6357448343211805
7761,ZNF214,True,False,6.210188712594583,ZNF214,True,False,3.5856109412165496
7762,ZNF215,True,False,6.960998371171936,ZNF215,True,False,4.118440318320387
7763,ZFAND5,True,False,5.227088809224245,ZFAND5,True,False,3.288895934487139
7764,ZNF217,True,False,6.819661074401326,ZNF217,True,False,5.710500922634064
7767,ZNF224,True,False,5.985124440916031,ZNF224,True,False,5.045343683265056
7770,ZNF227,True,False,8.72305169222515,ZNF227,True,False,3.1468895002949067
7773,ZNF230,True,False,5.710368490831857,ZNF230,True,False,2.566861233889903
7775,ZNF232,True,False,6.6764905737120035,ZNF232,True,False,2.8592333779912233
7779,SLC30A1,True,False,6.775277721558309,SLC30A1,True,False,4.078230431011479
7780,SLC30A2,True,False,9.650480131293508,SLC30A2,True,False,2.8711812149756017
7782,SLC30A4,True,False,7.9547228084687225,SLC30A4,True,False,2.656704099495134
7786,MAP3K12,True,False,6.905067348157271,MAP3K12,True,False,2.9927346312294896
7803,PTP4A1,True,False,7.014322976783557,PTP4A1,True,False,4.508664784161517
7809,BSND,True,False,7.154243080942619,BSND,True,False,3.0466667221346233
7818,DAP3,True,False,9.734199458990265,DAP3,True,False,4.196981369105514
7827,NPHS2,True,False,6.830177855033062,NPHS2,True,False,4.637661485646952
7841,MOGS,True,False,10.532698190270837,MOGS,True,False,3.1627579104795642
7849,PAX8,True,False,9.405587743633886,PAX8,True,False,3.736329943916627
7850,IL1R2,True,False,7.423313195670188,IL1R2,True,False,4.034807875705354
7852,CXCR4,True,False,8.164656682115655,CXCR4,True,False,3.43909566884514
7855,FZD5,True,False,9.445402607959826,FZD5,True,False,2.6392539200507676
7862,BRPF1,True,False,8.108450821170331,BRPF1,True,False,2.809452227281854
7867,MAPKAPK3,True,False,8.051910137208324,MAPKAPK3,True,False,3.685708078190695
7879,RAB7A,True,False,6.61502198287871,RAB7A,True,False,4.832425449697091
7881,KCNAB1,True,False,6.738583937425139,KCNAB1,True,False,3.6967512772962094
7903,ST8SIA4,True,False,6.120815773321372,ST8SIA4,True,False,2.7359001669354477
7913,DEK,True,False,7.7048576839769645,DEK,True,False,3.0210034109291186
7919,DDX39B,True,False,6.820328636916712,DDX39B,True,False,7.205898564716094
7920,ABHD16A,True,False,8.810094645070611,ABHD16A,True,False,2.611052549729268
7923,HSD17B8,True,False,7.163193351858782,HSD17B8,True,False,2.5247265257606544
7941,PLA2G7,True,False,6.594838652297478,PLA2G7,True,False,3.2619739586325074
7942,TFEB,True,False,11.173949449053982,TFEB,True,False,2.574069887646352
7957,EPM2A,True,False,6.9571152743158535,EPM2A,True,False,3.2295801344150514
7979,SEM1,True,False,6.297133577433549,SHFM1,True,False,4.682127310918351
7980,TFPI2,True,False,14.38960593189199,TFPI2,True,False,2.6332609113535272
7991,TUSC3,True,False,6.016844895984955,TUSC3,True,False,2.251949022861043
8001,GLRA3,True,False,6.27556711780775,GLRA3,True,False,2.977103715310811
8019,BRD3,True,False,15.92276939967955,BRD3,True,False,2.4149206525133504
8028,MLLT10,True,False,8.07940120081146,MLLT10,True,False,2.6874574229561032
8031,NCOA4,True,False,7.809813836369983,NCOA4,True,False,4.276570648847189
8034,SLC25A16,True,False,7.593072474828338,SLC25A16,True,False,2.9780682032075356
8050,PDHX,True,False,6.395200870059383,PDHX,True,False,2.8046799987798
8061,FOSL1,True,False,11.03012483275369,FOSL1,True,False,4.129316884652941
8065,CUL5,True,False,7.7794137623675494,CUL5,True,False,3.4186263427446173
8073,PTP4A2,True,False,7.3307053642881,PTP4A2,True,False,2.8381641723026605
8078,USP5,True,False,7.279488942680532,USP5,True,False,3.1856645109517374
8089,YEATS4,True,False,7.976327852473345,YEATS4,True,False,4.146156252855242
8092,ALX1,True,False,8.691438045393785,ALX1,True,False,3.2299537672123813
8111,GPR68,True,False,10.079617855953332,GPR68,True,False,3.037267808510012
8128,ST8SIA2,True,False,7.073444145314195,ST8SIA2,True,False,2.838705685914362
8148,TAF15,True,False,5.53400732215792,TAF15,True,False,3.060264518589438
8153,RND2,True,False,6.264057106849819,RND2,True,False,3.3381371153243466
8170,SLC14A2,True,False,7.389094332913117,SLC14A2,True,False,2.745714667182063
8178,ELL,True,False,7.0269417299061505,ELL,True,False,6.602336439683176
8193,DPF1,True,False,6.702389533526177,DPF1,True,False,2.7719397202830844
8200,GDF5,True,False,7.20956585021962,GDF5,True,False,3.0121545112757997
8202,NCOA3,True,False,6.464216938195657,NCOA3,True,False,2.666584203497623
8216,LZTR1,True,False,6.810155161188786,LZTR1,True,False,3.6029505797228225
8226,PUDP,True,False,6.770066848106848,PUDP,True,False,3.0174664978419687
8228,PNPLA4,True,False,10.08111452375915,PNPLA4,True,False,2.6022291413276433
8237,USP11,True,False,9.00045920790178,USP11,True,False,2.9272852588411724
8260,NAA10,True,False,7.137995827293685,NAA10,True,False,6.177991651930223
8266,UBL4A,True,False,8.580750277526104,UBL4A,True,False,4.002094043714994
8277,TKTL1,True,False,8.221085553492225,TKTL1,True,False,2.668622124455009
8309,ACOX2,True,False,6.491616578278738,ACOX2,True,False,3.203469615215978
8310,ACOX3,True,False,6.04184103452236,ACOX3,True,False,2.167488607274056
8314,BAP1,True,False,7.274579289808696,BAP1,True,False,3.3736220650791595
8317,CDC7,True,False,7.3213442699314175,CDC7,True,False,6.643007681460727
8322,FZD4,True,False,7.320341287654451,FZD4,True,False,2.8399851826613376
8323,FZD6,True,False,7.144982162462161,FZD6,True,False,3.325864356075868
8324,FZD7,True,False,6.778951261205949,FZD7,True,False,3.8285991087198123
8372,HYAL3,True,False,6.387955637366556,HYAL3,True,False,3.0140221920294255
8382,NME5,True,False,6.8430461450391915,NME5,True,False,3.0186698838624526
8383,OR1A1,True,False,5.723491669699682,OR1A1,True,False,3.1383305471379495
8394,PIP5K1A,True,False,13.705083609640482,PIP5K1A,True,False,7.419596663328114
8395,PIP5K1B,True,False,6.687258640860993,PIP5K1B,True,False,3.663261777949821
8396,PIP4K2B,True,False,5.9985540124124155,PIP4K2B,True,False,3.8770773738301254
8402,SLC25A11,True,False,7.001834969703674,SLC25A11,True,False,2.6272780011362142
8403,SOX14,True,False,9.486977494607421,SOX14,True,False,2.568033973628687
8416,ANXA9,True,False,5.767681153123895,ANXA9,True,False,3.8327232779871823
8424,BBOX1,True,False,5.745362787785884,BBOX1,True,False,3.54521795550187
8428,STK24,True,False,6.523251194683503,STK24,True,False,2.4013966504301676
8431,NR0B2,True,False,7.179727021453183,NR0B2,True,False,2.7469697902927375
8440,NCK2,True,False,12.84297280073265,NCK2,True,False,2.604404237019891
8444,DYRK3,True,False,6.6816799177082675,DYRK3,True,False,2.408651356460182
8445,DYRK2,True,False,16.63665641798016,DYRK2,True,False,3.6255635193017
8449,DHX16,True,False,6.050834189250535,DHX16,True,False,3.3427728575056768
8452,CUL3,True,False,10.324956320543786,CUL3,True,False,14.662469122307831
8453,CUL2,True,False,8.13643842974359,CUL2,True,False,4.9379019888197675
8454,CUL1,True,False,6.5917533180414996,CUL1,True,False,6.803961742335209
8458,TTF2,True,False,6.607880161236356,TTF2,True,False,2.7640411977339827
8459,TPST2,True,False,7.185714988777247,TPST2,True,False,2.699143744748719
8460,TPST1,True,False,7.55206521715338,TPST1,True,False,3.2128640228375422
8463,TEAD2,True,False,6.7641066059870045,TEAD2,True,False,2.768008314290839
8464,SUPT3H,True,False,7.866927562368966,SUPT3H,True,False,2.8258566978298245
8467,SMARCA5,True,False,7.306348177205238,SMARCA5,True,False,4.097407513466416
8468,FKBP6,True,False,6.072745538720666,FKBP6,True,False,3.510555058887386
8477,GPR65,True,False,7.305936540464246,GPR65,True,False,3.0609137911877085
8480,RAE1,True,False,7.584351190494865,RAE1,True,False,6.1243241211314805
8491,MAP4K3,True,False,10.509226810999792,MAP4K3,True,False,2.584539058344732
8493,PPM1D,True,False,5.924302719047405,PPM1D,True,False,10.483752954188752
8495,PPFIBP2,True,False,8.962485902019665,PPFIBP2,True,False,3.0275913323945707
8500,PPFIA1,True,False,7.253641070112755,PPFIA1,True,False,7.434573007884881
8503,PIK3R3,True,False,8.896249043090926,PIK3R3,True,False,2.8591310253218643
8507,ENC1,True,False,6.375655757309612,ENC1,True,False,2.891742661802292
8509,NDST2,True,False,8.726707956676655,NDST2,True,False,4.714276359886602
8510,MMP23B,True,False,11.324533465085759,MMP23B,True,False,2.264006623901905
8513,LIPF,True,False,7.960412198699832,LIPF,True,False,1.8805141483199803
8514,KCNAB2,True,False,13.206977283174258,KCNAB2,True,False,2.6310883619895042
8517,IKBKG,True,False,11.140099059872812,IKBKG,True,False,3.1560678642525675
8520,HAT1,True,False,7.786892639897964,HAT1,True,False,3.3321037546498
8521,GCM1,True,False,20.40132240686544,GCM1,True,False,2.740929298665962
8522,GAS7,True,False,7.9601510862273726,GAS7,True,False,2.5735660614527824
8526,DGKE,True,False,5.045717712700591,DGKE,True,False,2.8852360559682446
8529,CYP4F2,True,False,6.119670013016546,CYP4F2,True,False,2.805796940299002
8530,CST7,True,False,7.012963158042752,CST7,True,False,2.9580058007537824
8532,CPZ,True,False,8.47009462188439,CPZ,True,False,3.49325546638358
8535,CBX4,True,False,14.81248065130497,CBX4,True,False,2.625752806370482
8536,CAMK1,True,False,6.556528017978645,CAMK1,True,False,2.619288116989411
8542,APOL1,True,False,6.231045599305297,APOL1,True,False,2.884273084558988
8543,LMO4,True,False,7.15893342373755,LMO4,True,False,2.2160687668538666
8545,CGGBP1,True,False,17.062013780889423,CGGBP1,True,False,2.7426721024458365
8548,BLZF1,True,False,6.907084447554957,BLZF1,True,False,3.2877816211138384
8549,LGR5,True,False,6.026910530409183,LGR5,True,False,2.481543251779573
8550,MAPKAPK5,True,False,15.461514906075477,MAPKAPK5,True,False,3.519094618770963
8554,PIAS1,True,False,7.390785334232245,PIAS1,True,False,3.643317282908296
8556,CDC14A,True,False,9.145057838001883,CDC14A,True,False,2.656412677196522
8558,CDK10,True,False,6.0520353562976394,CDK10,True,False,2.2656324207596454
8560,DEGS1,True,False,6.256026633563971,DEGS1,True,False,3.586856415788944
8565,YARS1,True,False,6.985731909191082,YARS,True,False,4.777055788237309
8566,PDXK,True,False,6.475699669555545,PDXK,True,False,2.721473043580471
8567,MADD,True,False,9.516095835824682,MADD,True,False,3.9463106127384346
8569,MKNK1,True,False,5.664855480003694,MKNK1,True,False,3.046689045092691
8573,CASK,True,False,7.235971714926527,CASK,True,False,2.3259730326423504
8574,AKR7A2,True,False,6.077946523848973,AKR7A2,True,False,3.132740257044934
8576,STK16,True,False,6.7582342275590275,STK16,True,False,3.5024112937288505
8607,RUVBL1,True,False,9.310077234003273,RUVBL1,True,False,6.973319007928141
8609,KLF7,True,False,6.180030761361823,KLF7,True,False,3.342381147362745
8611,PLPP1,True,False,6.616157774638574,PLPP1,True,False,3.4416730086793432
8612,PLPP2,True,False,9.69216120485806,PLPP2,True,False,3.216826781672653
8613,PLPP3,True,False,7.7387397337148025,PLPP3,True,False,3.831451525306637
8621,CDK13,True,False,5.109795395733578,CDK13,True,False,2.818903921013558
8625,RFXANK,True,False,7.773394960903773,RFXANK,True,False,4.045832198729598
8626,TP63,True,False,9.077350088974908,TP63,True,False,2.5654481351856244
8630,HSD17B6,True,False,6.373840375539859,HSD17B6,True,False,2.597494141655685
8634,RTCA,True,False,6.917968659465763,RTCA,True,False,3.6733184857006846
8635,RNASET2,True,False,6.74097917053348,RNASET2,True,False,2.5828908118082996
8638,OASL,True,False,8.297050902902896,OASL,True,False,3.0249853024011584
8639,AOC3,True,False,6.6474648151350895,AOC3,True,False,2.9936426478796268
8644,AKR1C3,True,False,5.8762792858482635,AKR1C3,True,False,2.972553737374233
8645,KCNK5,True,False,7.089255045124282,KCNK5,True,False,2.5203682858592904
8649,LAMTOR3,True,False,6.6037840363373075,LAMTOR3,True,False,3.3831083214926223
8655,DYNLL1,True,False,7.9383357358041575,DYNLL1,True,False,7.993748437580837
8659,ALDH4A1,True,False,6.82037420468631,ALDH4A1,True,False,2.746208544867549
8664,EIF3D,True,False,17.206274236521477,EIF3D,True,False,9.793474328386926
8665,EIF3F,True,False,6.777280646241421,EIF3F,True,False,4.390841434644942
8666,EIF3G,True,False,7.020948228886679,EIF3G,True,False,13.641408054561634
8667,EIF3H,True,False,7.569918626395942,EIF3H,True,False,3.1748113249151704
8668,EIF3I,True,False,6.489088780658393,EIF3I,True,False,11.12784741910513
8669,EIF3J,True,False,8.220177627396074,EIF3J,True,False,3.375036158385802
8682,PEA15,True,False,8.132096356954444,PEA15,True,False,4.498116520272218
8685,MARCO,True,False,12.325877931968343,MARCO,True,False,4.583894390536954
8692,HYAL2,True,False,7.12554271151293,HYAL2,True,False,2.540400463303324
8693,GALNT4,True,False,7.080477404413483,GALNT4,True,False,2.7864730013182633
8697,CDC23,True,False,6.64272278485666,CDC23,True,False,13.118687251439951
8698,S1PR4,True,False,5.753437418808207,S1PR4,True,False,2.695975567438576
8702,B4GALT4,True,False,7.923375618799971,B4GALT4,True,False,3.248030503641914
8703,B4GALT3,True,False,8.6906736055029,B4GALT3,True,False,3.7124294471254453
8704,B4GALT2,True,False,6.580019868147663,B4GALT2,True,False,4.0038762302771795
8705,B3GALT4,True,False,6.353663757298029,B3GALT4,True,False,3.283824611448555
8706,B3GALNT1,True,False,6.724774487397119,B3GALNT1,True,False,3.6234645406781554
8707,B3GALT2,True,False,10.734783464200117,B3GALT2,True,False,3.31633443584228
8708,B3GALT1,True,False,7.777555610580743,B3GALT1,True,False,3.7620517193979226
8720,MBTPS1,True,False,6.9284731413474105,MBTPS1,True,False,3.764191277971345
8721,EDF1,True,False,6.595163686508985,EDF1,True,False,2.8526804361479194
8731,RNMT,True,False,9.224806365235231,RNMT,True,False,3.087267092767009
8732,RNGTT,True,False,7.925195806848964,RNGTT,True,False,4.771588917279311
8733,GPAA1,True,False,6.83880324913257,GPAA1,True,False,3.2189039496468914
8737,RIPK1,True,False,6.716166477030637,RIPK1,True,False,3.3091565997215246
8743,TNFSF10,True,False,5.528268358461316,TNFSF10,True,False,2.933579910889726
8747,ADAM21,True,False,6.515327142325715,ADAM21,True,False,2.4906140310743554
8748,ADAM20,True,False,7.955684471829109,ADAM20,True,False,2.3143592852401746
8749,ADAM18,True,False,5.925328780206588,ADAM18,True,False,2.6472594496894333
8756,ADAM7,True,False,7.557444908480048,ADAM7,True,False,2.1883657101021785
8760,CDS2,True,False,9.595579550737037,CDS2,True,False,3.2507400073913804
8764,TNFRSF14,True,False,10.459547663000063,TNFRSF14,True,False,2.8237695384230532
8766,RAB11A,True,False,6.885109875378208,RAB11A,True,False,3.20941846377684
8767,RIPK2,True,False,6.772914110937044,RIPK2,True,False,3.1002281135720646
8772,FADD,True,False,45.056147631838236,FADD,True,False,4.587729523593383
8780,RIOK3,True,False,7.517904220666305,RIOK3,True,False,3.1594891990646223
8787,RGS9,True,False,5.729173267456796,RGS9,True,False,2.7420518815123294
8789,FBP2,True,False,6.396046021877268,FBP2,True,False,2.3546529452170524
8790,FPGT,True,False,5.982384983208314,FPGT,True,False,2.9734341702596727
8793,TNFRSF10D,True,False,7.663693375933974,TNFRSF10D,True,False,2.5114443461374716
8794,TNFRSF10C,True,False,8.050952000703644,TNFRSF10C,True,False,2.3547851935107813
8795,TNFRSF10B,True,False,42.98338013591605,TNFRSF10B,True,False,2.4149582972839374
8796,SCEL,True,False,7.419714743509065,SCEL,True,False,2.5737474681224453
8798,DYRK4,True,False,7.246574375635605,DYRK4,True,False,3.3849549774014163
8802,SUCLG1,True,False,11.16695828409808,SUCLG1,True,False,2.828596763817492
8803,SUCLA2,True,False,10.686200212130377,SUCLA2,True,False,2.8999789169235743
8807,IL18RAP,True,False,7.917788993978093,IL18RAP,True,False,3.472976110676376
8808,IL1RL2,True,False,7.252054677950517,IL1RL2,True,False,2.7353174964841673
8813,DPM1,True,False,9.076633930585396,DPM1,True,False,2.591275934685091
8814,CDKL1,True,False,9.033610938071734,CDKL1,True,False,2.4598052700446207
8820,HESX1,True,False,7.429209158968966,HESX1,True,False,3.071598332108908
8821,INPP4B,True,False,6.226383111739254,INPP4B,True,False,3.1617545118693955
8822,FGF17,True,False,15.348028631192134,FGF17,True,False,2.459021968159182
8828,NRP2,True,False,6.724465643259915,NRP2,True,False,3.9289865515151914
8829,NRP1,True,False,7.793351584564389,NRP1,True,False,3.8393703264684684
8835,SOCS2,True,False,10.635657187009958,SOCS2,True,False,3.9899874162876676
8836,GGH,True,False,7.995448983210582,GGH,True,False,2.9455934368101118
8837,CFLAR,True,False,6.539828746905315,CFLAR,True,False,2.6356007300657165
8838,CCN6,True,False,13.604629614193064,WISP3,True,False,3.6824665679817876
8839,CCN5,True,False,5.883446058478735,WISP2,True,False,2.6516365991203013
8841,HDAC3,True,False,7.575175160304428,HDAC3,True,False,3.7639902739637363
8844,KSR1,True,False,9.13737237841245,KSR1,True,False,3.4419381617897487
8846,ALKBH1,True,False,7.92468201802074,ALKBH1,True,False,4.377604845012013
8848,TSC22D1,True,False,11.335731560629721,TSC22D1,True,False,3.6205918248874416
8851,CDK5R1,True,False,8.784485462523934,CDK5R1,True,False,3.5824477465926226
8854,ALDH1A2,True,False,7.344343413498318,ALDH1A2,True,False,3.2810234207498206
8856,NR1I2,True,False,7.36446147069357,NR1I2,True,False,3.1901263421670216
8858,PROZ,True,False,6.350126153615159,PROZ,True,False,2.6921105224630764
8859,STK19,True,False,5.94590441380201,STK19,True,False,2.6663247241416173
8869,ST3GAL5,True,False,8.232256034488238,ST3GAL5,True,False,2.6753993244494345
8874,ARHGEF7,True,False,7.380064439634484,ARHGEF7,True,False,2.3256316068963225
8875,VNN2,True,False,8.812282493648649,VNN2,True,False,2.5745432704959565
8876,VNN1,True,False,6.737753455714388,VNN1,True,False,2.486116640783906
8877,SPHK1,True,False,7.470677675862525,SPHK1,True,False,3.4126484688925154
8879,SGPL1,True,False,9.070546705063597,SGPL1,True,False,2.9494878876193793
8883,NAE1,True,False,5.7140038047173585,NAE1,True,False,3.386571994281707
8884,SLC5A6,True,False,7.080891964398819,SLC5A6,True,False,3.399875714309141
8886,DDX18,True,False,5.70239571333163,DDX18,True,False,6.58303964570894
8890,EIF2B4,True,False,10.388719477108552,EIF2B4,True,False,7.2264692938858435
8892,EIF2B2,True,False,6.572703003781441,EIF2B2,True,False,7.20080663426469
8894,EIF2S2,True,False,8.249517719244094,EIF2S2,True,False,5.911766443531985
8895,CPNE3,True,False,4.537459933560229,CPNE3,True,False,3.1383446430252473
8896,BUD31,True,False,7.5646177711546425,BUD31,True,False,8.03165092672767
8899,PRPF4B,True,False,7.098728388463355,PRPF4B,True,False,5.843320243162045
8908,GYG2,True,False,6.586994204733516,GYG2,True,False,2.7733689241651174
8916,HERC3,True,False,6.929840584983797,HERC3,True,False,3.4652576800217725
8934,RAB29,True,False,5.552102129212906,RAB29,True,False,2.9342119958084707
8939,FUBP3,True,False,5.933753944672764,FUBP3,True,False,3.103003520156025
8940,TOP3B,True,False,7.0082720712699516,TOP3B,True,False,2.9222319414129925
8945,BTRC,True,False,8.081494482372007,BTRC,True,False,2.372970293535643
8973,CHRNA6,True,False,6.542828970165488,CHRNA6,True,False,2.882026367315825
8974,P4HA2,True,False,7.466017128372262,P4HA2,True,False,3.628185188415435
8985,PLOD3,True,False,7.010174464304576,PLOD3,True,False,2.2979810804839325
8986,RPS6KA4,True,False,6.561818689193868,RPS6KA4,True,False,3.184361164424476
8992,ATP6V0E1,True,False,8.948541025416684,ATP6V0E1,True,False,5.0794457394758386
8993,PGLYRP1,True,False,7.213386704709574,PGLYRP1,True,False,3.5025959458821427
9013,TAF1C,True,False,5.42505751575563,TAF1C,True,False,2.957004601801389
9014,TAF1B,True,False,7.585344129094186,TAF1B,True,False,2.5498551920802393
9015,TAF1A,True,False,6.827127187029162,TAF1A,True,False,3.624843726159707
9016,SLC25A14,True,False,7.40622911576667,SLC25A14,True,False,2.764492491725031
9020,MAP3K14,True,False,7.217654576951758,MAP3K14,True,False,4.260560415913475
9021,SOCS3,True,False,8.601346501195197,SOCS3,True,False,4.946603486453178
9022,CLIC3,True,False,9.634673383773263,CLIC3,True,False,3.098147173475217
9023,CH25H,True,False,6.588293059235556,CH25H,True,False,2.744828534146782
9024,BRSK2,True,False,7.3577400688754055,BRSK2,True,False,3.2641269491142406
9025,RNF8,True,False,12.367811463537343,RNF8,True,False,4.797936663907716
9028,RHBDL1,True,False,11.676157955003545,RHBDL1,True,False,2.7657225903408715
9033,PKD2L1,True,False,6.955095160717275,PKD2L1,True,False,3.3662083277374295
9034,CCRL2,True,False,6.57148486841148,CCRL2,True,False,2.8749223851255583
9040,UBE2M,True,False,5.931725507139017,UBE2M,True,False,6.584151639328122
9056,SLC7A7,True,False,13.184756032383413,SLC7A7,True,False,2.901586290667797
9057,SLC7A6,True,False,7.639883126835788,SLC7A6,True,False,2.8798980413917223
9058,SLC13A2,True,False,11.693883928600956,SLC13A2,True,False,3.724486581601931
9060,PAPSS2,True,False,6.3894386782083705,PAPSS2,True,False,2.9525175512008763
9061,PAPSS1,True,False,5.674413341735204,PAPSS1,True,False,2.4795393069909304
9063,PIAS2,True,False,7.0477045929246005,PIAS2,True,False,2.365754913963905
9064,MAP3K6,True,False,5.842592644838231,MAP3K6,True,False,6.422745981647635
9068,ANGPTL1,True,False,7.115161840890364,ANGPTL1,True,False,2.9831050810023427
9070,ASH2L,True,False,7.06082951623101,ASH2L,True,False,4.956533311910841
9077,DIRAS3,True,False,8.574260904653421,DIRAS3,True,False,2.9100781932892565
9086,EIF1AY,True,False,6.222414845418978,EIF1AY,True,False,3.0123391179901824
9088,PKMYT1,True,False,9.186413774151005,PKMYT1,True,False,7.7856596371620945
9096,TBX18,True,False,6.762064400126259,TBX18,True,False,2.915299184174861
9097,USP14,True,False,7.489294150420965,USP14,True,False,3.023644171545542
9098,USP6,True,False,6.686380252640216,USP6,True,False,2.9458321133734366
9100,USP10,True,False,9.026597733295834,USP10,True,False,5.466338241412738
9101,USP8,True,False,5.593752681638945,USP8,True,False,5.583182910323397
9108,MTMR7,True,False,6.001913840600467,MTMR7,True,False,2.575850001314263
9111,NMI,True,False,7.072364216260549,NMI,True,False,2.510084123740867
9112,MTA1,True,False,8.209303773590571,MTA1,True,False,4.301176125127206
9113,LATS1,True,False,6.621013081411199,LATS1,True,False,2.845194856816294
9114,ATP6V0D1,True,False,5.849363129268591,ATP6V0D1,True,False,9.219331127717272
9122,SLC16A4,True,False,6.225126603340049,SLC16A4,True,False,2.9376138611590457
9124,PDLIM1,True,False,9.637183985714419,PDLIM1,True,False,6.191738014066561
9127,P2RX6,True,False,7.525557980324208,P2RX6,True,False,3.1684614775302036
9131,AIFM1,True,False,9.238156292138793,AIFM1,True,False,2.9337211619751065
9134,CCNE2,True,False,6.34194517929768,CCNE2,True,False,2.955724153170171
9139,CBFA2T2,True,False,8.119444188797182,CBFA2T2,True,False,2.6356883648067453
9140,ATG12,True,False,6.586933170999548,ATG12,True,False,3.7510287003741145
9149,DYRK1B,True,False,21.381555104672945,DYRK1B,True,False,1.9967505354599795
9152,SLC6A5,True,False,6.507851725830619,SLC6A5,True,False,2.912991909921824
9153,SLC28A2,True,False,14.07725727063541,SLC28A2,True,False,2.562211143804997
9156,EXO1,True,False,6.996216329687524,EXO1,True,False,3.5114226702526703
9167,COX7A2L,True,False,6.388694578114658,COX7A2L,True,False,4.0450263593134075
9170,LPAR2,True,False,6.0604822300385885,LPAR2,True,False,3.3788179707707817
9173,IL1RL1,True,False,7.856499981667995,IL1RL1,True,False,3.010073222891088
9175,MAP3K13,True,False,5.008278917194318,MAP3K13,True,False,3.038637044429831
9180,OSMR,True,False,7.286256270694931,OSMR,True,False,2.39483167633588
9181,ARHGEF2,True,False,9.696568599221042,ARHGEF2,True,False,3.4776777478795973
9184,BUB3,True,False,6.665647535217053,BUB3,True,False,6.635688571261746
9188,DDX21,True,False,8.990774244468401,DDX21,True,False,9.145323763920796
9194,SLC16A7,True,False,8.70206480000978,SLC16A7,True,False,2.858414245999563
9196,KCNAB3,True,False,6.711488136595129,KCNAB3,True,False,2.5537294879010726
9197,SLC33A1,True,False,7.885722356105367,SLC33A1,True,False,3.5370403990581205
9200,HACD1,True,False,17.610980402089567,HACD1,True,False,2.711252906942418
9208,LRRFIP1,True,False,8.23832745025132,LRRFIP1,True,False,3.3348138847546736
9210,BMP15,True,False,6.404961431655677,BMP15,True,False,3.15729285586823
9212,AURKB,True,False,6.236505203708101,AURKB,True,False,9.892484401915164
9213,XPR1,True,False,13.187292477194381,XPR1,True,False,2.8786774371060813
9219,MTA2,True,False,6.626969388222808,MTA2,True,False,3.9209093952779197
9223,MAGI1,True,False,6.839662681005136,MAGI1,True,False,3.0783775141927636
9227,LRAT,True,False,6.6134340467353105,LRAT,True,False,2.2961404061260375
9230,RAB11B,True,False,7.173393246258856,RAB11B,True,False,3.016825147235237
9232,PTTG1,True,False,7.323190252419261,PTTG1,True,False,6.480222274202317
9242,MSC,True,False,8.16830693830286,MSC,True,False,2.612688299896651
9245,GCNT3,True,False,6.539845607563514,GCNT3,True,False,3.0426693544302337
9246,UBE2L6,True,False,7.182920618762557,UBE2L6,True,False,3.2308997667525796
9247,GCM2,True,False,10.283451128910686,GCM2,True,False,3.049395746460113
9249,DHRS3,True,False,6.135049117950473,DHRS3,True,False,2.228815715410002
9252,RPS6KA5,True,False,6.21060711646551,RPS6KA5,True,False,3.541250913531469
9261,MAPKAPK2,True,False,9.463051766546055,MAPKAPK2,True,False,3.762815454747637
9262,STK17B,True,False,6.651591040434428,STK17B,True,False,2.7361055203430955
9263,STK17A,True,False,8.37097285042266,STK17A,True,False,2.791612742622727
9271,PIWIL1,True,False,7.242220297741506,PIWIL1,True,False,2.46733709652553
9289,ADGRG1,True,False,6.31383418510742,ADGRG1,True,False,2.9128195150518756
9290,GPR55,True,False,18.15612014265452,GPR55,True,False,3.3934332450118325
9293,GPR52,True,False,9.638962192128245,GPR52,True,False,3.6897042736160777
9296,ATP6V1F,True,False,6.8662799202496645,ATP6V1F,True,False,3.87607039028681
9306,SOCS6,True,False,7.633279759869007,SOCS6,True,False,4.320102886926178
9314,KLF4,True,False,15.71949389058072,KLF4,True,False,2.234902467966156
9317,PTER,True,False,5.797946140340887,PTER,True,False,2.3005888687019325
9318,COPS2,True,False,7.769919364685877,COPS2,True,False,9.458824374519757
9319,TRIP13,True,False,7.8125132447868575,TRIP13,True,False,3.1227420189277355
9321,TRIP11,True,False,6.929502616014708,TRIP11,True,False,3.223782042272566
9325,TRIP4,True,False,6.7367648548223125,TRIP4,True,False,2.978850263269419
9326,ZNHIT3,True,False,7.618647219985875,ZNHIT3,True,False,6.210694457236231
9328,GTF3C5,True,False,6.176594614432373,GTF3C5,True,False,5.0263501870606
9329,GTF3C4,True,False,6.6154808648572425,GTF3C4,True,False,2.2884295650805346
9330,GTF3C3,True,False,7.307782403169866,GTF3C3,True,False,4.188186224848084
9331,B4GALT6,True,False,5.8986469427951445,B4GALT6,True,False,3.451726100385272
9333,TGM5,True,False,6.842197699085227,TGM5,True,False,2.6331493384140545
9334,B4GALT5,True,False,6.23914534611009,B4GALT5,True,False,3.6789169059099054
9337,CNOT8,True,False,7.097110989431593,CNOT8,True,False,3.871119079017075
9338,TCEAL1,True,False,5.839640575910578,TCEAL1,True,False,2.8541691697065086
9340,GLP2R,True,False,6.940861379395761,GLP2R,True,False,2.7796328254445406
9343,EFTUD2,True,False,6.3809163677382745,EFTUD2,True,False,5.497589086417899
9348,NDST3,True,False,7.279685843434133,NDST3,True,False,2.378237243364077
9351,SLC9A3R2,True,False,7.6630106887548814,SLC9A3R2,True,False,3.0483059787844766
9352,TXNL1,True,False,6.5188012193574165,TXNL1,True,False,2.9277960304776776
9354,UBE4A,True,False,6.404747780732364,UBE4A,True,False,2.9364476356106457
9356,SLC22A6,True,False,10.544377015581178,SLC22A6,True,False,3.2589533660268732
9360,PPIG,True,False,6.729081390986019,PPIG,True,False,3.7490797335658503
9363,RAB33A,True,False,6.8245474496437755,RAB33A,True,False,2.9913607583226542
9364,RAB28,True,False,7.403986084433296,RAB28,True,False,3.028563882057848
9367,RAB9A,True,False,5.819521488039955,RAB9A,True,False,2.11743392423437
9373,PLAA,True,False,6.002492321820346,PLAA,True,False,3.311134184789319
9377,COX5A,True,False,5.8401450959335035,COX5A,True,False,3.6830650794228545
9388,LIPG,True,False,6.404965338987018,LIPG,True,False,3.548493289816393
9392,TGFBRAP1,True,False,6.979420971430099,TGFBRAP1,True,False,2.9992035483641892
9394,HS6ST1,True,False,6.6882842023724205,HS6ST1,True,False,3.0804055753639985
9397,NMT2,True,False,7.8968236583929325,NMT2,True,False,2.280760670985167
9404,LPXN,True,False,6.564861443503432,LPXN,True,False,2.659423115747457
9406,ZRANB2,True,False,10.134892920883564,ZRANB2,True,False,6.594093683032676
9412,MED21,True,False,7.8085837984633875,MED21,True,False,9.249061314427438
9415,FADS2,True,False,6.956029542122714,FADS2,True,False,4.194122135517894
9416,DDX23,True,False,6.755385776108463,DDX23,True,False,9.986831246567352
9420,CYP7B1,True,False,6.692940900269486,CYP7B1,True,False,2.855823453978144
9421,HAND1,True,False,7.3302281993277125,HAND1,True,False,2.8558700836567996
9424,KCNK6,True,False,5.965784971428222,KCNK6,True,False,3.6276082730631467
9437,NCR1,True,False,6.5130678056723275,NCR1,True,False,2.636929492864854
9440,MED17,True,False,5.890347960727295,MED17,True,False,9.205752739083314
9441,MED26,True,False,7.1172147230619,MED26,True,False,6.987447928885643
9443,MED7,True,False,7.001885043128378,MED7,True,False,9.073733101783024
9446,GSTO1,True,False,6.391778206046217,GSTO1,True,False,3.1934234655584866
9448,MAP4K4,True,False,10.724742260848858,MAP4K4,True,False,4.25171264542894
9457,FHL5,True,False,6.537224962659414,FHL5,True,False,3.116959220443216
9459,ARHGEF6,True,False,6.433229553396834,ARHGEF6,True,False,2.2636344691611483
9464,HAND2,True,False,9.566516792797497,HAND2,True,False,2.543125709699553
9466,IL27RA,True,False,7.135697052380523,IL27RA,True,False,2.1719085177314095
9468,PCYT1B,True,False,17.520687307544517,PCYT1B,True,False,3.032736343629526
9470,EIF4E2,True,False,8.214247270149759,EIF4E2,True,False,2.9484319886257673
9474,ATG5,True,False,6.995252095512623,ATG5,True,False,2.9887374662378035
9475,ROCK2,True,False,5.266939939049413,ROCK2,True,False,4.899100788268507
9476,NAPSA,True,False,9.942351030280914,NAPSA,True,False,3.4047229500467
9477,MED20,True,False,7.336495800669595,MED20,True,False,5.057808792216415
9481,SLC25A27,True,False,6.736165259476382,SLC25A27,True,False,3.268821245505571
9486,CHST10,True,False,6.682206523582044,CHST10,True,False,2.839313770948448
9488,PIGB,True,False,7.961566660260599,PIGB,True,False,2.4606434760066556
9495,AKAP5,True,False,7.015971405536909,AKAP5,True,False,3.19977088608005
9496,TBX4,True,False,9.693528886603758,TBX4,True,False,3.0832541265515028
9498,SLC4A8,True,False,7.160683506345423,SLC4A8,True,False,3.4839087515924305
9507,ADAMTS4,True,False,6.543344143670124,ADAMTS4,True,False,2.760772993675023
9510,ADAMTS1,True,False,6.077552824961856,ADAMTS1,True,False,3.1805664279062906
9512,PMPCB,True,False,18.682817453074637,PMPCB,True,False,3.980976383048968
9516,LITAF,True,False,6.257465334276069,LITAF,True,False,4.837357037695986
9517,SPTLC2,True,False,7.828397405772677,SPTLC2,True,False,3.851155009558053
9518,GDF15,True,False,8.557984114835083,GDF15,True,False,3.198948464247786
9519,TBPL1,True,False,8.367820441886526,TBPL1,True,False,3.7564356673227457
9520,NPEPPS,True,False,6.601687277223435,NPEPPS,True,False,3.9246516115762793
9521,EEF1E1,True,False,8.035654090908066,EEF1E1,True,False,2.818345997507899
9522,SCAMP1,True,False,8.576373791917925,SCAMP1,True,False,2.630936792021772
9527,GOSR1,True,False,7.147124759538786,GOSR1,True,False,4.293336340639165
9529,BAG5,True,False,7.73171316426898,BAG5,True,False,2.878185740424511
9530,BAG4,True,False,8.107549600236142,BAG4,True,False,2.3677101460165977
9531,BAG3,True,False,6.907311115042098,BAG3,True,False,3.0691486083210275
9532,BAG2,True,False,6.710179595836815,BAG2,True,False,3.2732067623730674
9533,POLR1C,True,False,5.892892251986565,POLR1C,True,False,4.732765376900446
9536,PTGES,True,False,9.767593589270813,PTGES,True,False,2.9780364896012443
9540,TP53I3,True,False,7.081362959556033,TP53I3,True,False,4.97519737897858
9541,CIR1,True,False,8.892152112598769,CIR1,True,False,2.9021463261523075
9545,RAB3D,True,False,9.502912734373082,RAB3D,True,False,3.0209625885423645
9546,APBA3,True,False,8.555733022162785,APBA3,True,False,2.4957387652192558
9550,ATP6V1G1,True,False,5.816101764351907,ATP6V1G1,True,False,8.047675973467236
9557,CHD1L,True,False,6.34536364104441,CHD1L,True,False,3.0653891885617437
9562,MINPP1,True,False,6.960383041294364,MINPP1,True,False,2.3432737842191433
9568,GABBR2,True,False,7.5687302645675985,GABBR2,True,False,4.080788321604782
9570,GOSR2,True,False,6.990023176792533,GOSR2,True,False,5.157312650627424
9575,CLOCK,True,False,10.751474025413012,CLOCK,True,False,2.6426297528503193
9581,PREPL,True,False,7.597987566077702,PREPL,True,False,1.8961769897505725
9582,APOBEC3B,True,False,6.964732990152452,APOBEC3B,True,False,2.6589160733879607
9583,ENTPD4,True,False,6.709328358028952,ENTPD4,True,False,2.4566092833211695
9584,RBM39,True,False,6.296303447121616,RBM39,True,False,14.137946891258192
9586,CREB5,True,False,6.555583905157479,CREB5,True,False,3.3138016215835817
9588,PRDX6,True,False,6.546503091484206,PRDX6,True,False,2.7556900917564655
9592,IER2,True,False,11.491702931874354,IER2,True,False,2.9736002583368966
9601,PDIA4,True,False,8.031508023445564,PDIA4,True,False,3.833920116134162
9603,NFE2L3,True,False,6.9721359588481535,NFE2L3,True,False,2.8015476010208658
9604,RNF14,True,False,7.3125170233348555,RNF14,True,False,2.0330695906158573
9615,GDA,True,False,7.7067546978471775,GDA,True,False,1.7795822061360531
9616,RNF7,True,False,10.852142230980288,RNF7,True,False,3.161817673908997
9617,MTRF1,True,False,6.508843347417388,MTRF1,True,False,2.454316836128738
9618,TRAF4,True,False,7.663311041744803,TRAF4,True,False,4.165866239945075
9622,KLK4,True,False,6.333829612057913,KLK4,True,False,2.5521617517831716
9626,GUCA1C,True,False,7.860597105606875,GUCA1C,True,False,3.4868237418611603
9628,RGS6,True,False,7.62545421539683,RGS6,True,False,2.92851779323641
9630,GNA14,True,False,5.81206710054971,GNA14,True,False,2.5640269012618644
9635,CLCA2,True,False,5.92419192711898,CLCA2,True,False,2.813302008358115
9639,ARHGEF10,True,False,7.595218232422175,ARHGEF10,True,False,2.8876875215712277
9641,IKBKE,True,False,5.992809996788111,IKBKE,True,False,2.913673122498207
9645,MICAL2,True,False,6.596605726292499,MICAL2,True,False,2.9881261447409977
9647,PPM1F,True,False,7.868626835857865,PPM1F,True,False,2.8448025605158813
9653,HS2ST1,True,False,7.628183606294886,HS2ST1,True,False,2.8894011659731835
9654,TTLL4,True,False,9.003373577509194,TTLL4,True,False,3.132137284142824
9655,SOCS5,True,False,7.469225436312006,SOCS5,True,False,4.507380701044619
9666,DZIP3,True,False,7.0553774633304585,DZIP3,True,False,2.854832096359966
9669,EIF5B,True,False,9.638714373685346,EIF5B,True,False,5.94695416837828
9673,SLC25A44,True,False,14.809537164422805,SLC25A44,True,False,3.231820748562218
9677,PPIP5K1,True,False,10.264938772722603,PPIP5K1,True,False,1.9962421435983437
9678,PHF14,True,False,7.122348691537366,PHF14,True,False,3.124387877077628
9689,BZW1,True,False,6.6771008321096685,BZW1,True,False,2.9314214348561274
9690,UBE3C,True,False,5.893011284203737,UBE3C,True,False,2.9016311375377946
9706,ULK2,True,False,6.785498520597684,ULK2,True,False,2.84012654130273
9718,ECE2,True,False,8.260476235981548,ECE2,True,False,2.1028103486297884
9753,ZSCAN12,True,False,7.073532431498793,ZSCAN12,True,False,2.732448952217057
9767,JADE3,True,False,7.525545200035641,JADE3,True,False,2.756697728107834
9771,RAPGEF5,True,False,6.460199445891351,RAPGEF5,True,False,4.033526405656317
9775,EIF4A3,True,False,6.430542145616526,EIF4A3,True,False,34.078898837215064
9780,PIEZO1,True,False,7.006297522855788,PIEZO1,True,False,2.6709987294296273
9781,RNF144A,True,False,5.81901915374405,RNF144A,True,False,2.964202721897549
9785,DHX38,True,False,7.105499682809534,DHX38,True,False,7.372775480470364
9791,PTDSS1,True,False,17.272260626902625,PTDSS1,True,False,3.1769965438208194
9805,SCRN1,True,False,6.640467676550595,SCRN1,True,False,2.5644963787466857
9807,IP6K1,True,False,9.689791708316305,IP6K1,True,False,2.7432900429835683
9810,RNF40,True,False,7.587031286539639,RNF40,True,False,4.34371249205922
9817,KEAP1,True,False,5.815164602139694,KEAP1,True,False,3.627366107200303
9833,MELK,True,False,4.437619382152588,MELK,True,False,2.9441700890172258
9836,LCMT2,True,False,6.459126684313307,LCMT2,True,False,2.7140909257325267
9846,GAB2,True,False,7.382336256373974,GAB2,True,False,2.6746901639844887
9862,MED24,True,False,6.816658655107239,MED24,True,False,4.111314964789964
9867,PJA2,True,False,9.596070865094536,PJA2,True,False,2.856819349434072
9869,SETDB1,True,False,6.116640824438667,SETDB1,True,False,4.500402260544865
9874,TLK1,True,False,6.308145868775057,TLK1,True,False,3.5491335054330064
9886,RHOBTB1,True,False,8.330184669914455,RHOBTB1,True,False,2.2412758348890507
9899,SV2B,True,False,5.962000801616794,SV2B,True,False,3.2089327564603645
9908,G3BP2,True,False,6.885846178090209,G3BP2,True,False,3.138165459106197
9915,ARNT2,True,False,7.165934735409864,ARNT2,True,False,2.138501284964888
9917,FAM20B,True,False,6.315320994863769,FAM20B,True,False,2.5652613670483264
9921,RNF10,True,False,6.461169251530005,RNF10,True,False,3.081641771235811
9926,LPGAT1,True,False,6.785498400404761,LPGAT1,True,False,2.9843332080468827
9928,KIF14,True,False,7.907322772296605,KIF14,True,False,3.2928161780816367
9934,P2RY14,True,False,6.837007472449681,P2RY14,True,False,2.8752446349602345
9935,MAFB,True,False,9.681387801628075,MAFB,True,False,2.395798782447004
9937,DCLRE1A,True,False,6.666630878348136,DCLRE1A,True,False,2.7772968349534795
9941,EXOG,True,False,7.466872928289774,EXOG,True,False,2.543978584458587
9942,XYLB,True,False,7.192744492495095,XYLB,True,False,2.500629815847285
9943,OXSR1,True,False,5.873077796728068,OXSR1,True,False,3.6404583319034294
9945,GFPT2,True,False,8.131976590684552,GFPT2,True,False,2.0708461098526834
9946,CRYZL1,True,False,6.1506217570797,CRYZL1,True,False,3.455662954351248
9953,HS3ST3B1,True,False,9.66900348070781,HS3ST3B1,True,False,2.776872119515926
9955,HS3ST3A1,True,False,6.43480701625926,HS3ST3A1,True,False,2.3857906268929967
9956,HS3ST2,True,False,7.016525753076409,HS3ST2,True,False,2.9942421943355475
9958,USP15,True,False,7.649644630819091,USP15,True,False,3.109565444260814
9960,USP3,True,False,8.156977472413672,USP3,True,False,3.4275503328476487
9962,SLC23A2,True,False,8.5166186017531,SLC23A2,True,False,3.3404701442507667
9963,SLC23A1,True,False,7.220040691821618,SLC23A1,True,False,2.5865375807250293
9965,FGF19,True,False,7.246554929002038,FGF19,True,False,2.8762925998707587
9967,THRAP3,True,False,7.759293575654958,THRAP3,True,False,3.11216744060764
9970,NR1I3,True,False,7.321830293380693,NR1I3,True,False,3.5134521647071537
9971,NR1H4,True,False,7.193052868616357,NR1H4,True,False,2.459111986970306
9975,NR1D2,True,False,7.327432662668793,NR1D2,True,False,3.3163660680827656
9978,RBX1,True,False,7.23650215704039,RBX1,True,False,18.913407153555305
9986,RCE1,True,False,6.895393978111693,RCE1,True,False,3.504172674080817
9988,DMTF1,True,False,6.620490397554088,DMTF1,True,False,5.145773394134612
9992,KCNE2,True,False,7.36260987392341,KCNE2,True,False,2.7337901146214736
10000,AKT3,True,False,6.859604758480351,AKT3,True,False,3.8347499344594995
10002,NR2E3,True,False,6.389686859628288,NR2E3,True,False,2.6172178968967392
10003,NAALAD2,True,False,7.20246153204824,NAALAD2,True,False,2.7158261027100874
10005,ACOT8,True,False,7.012942165485827,ACOT8,True,False,2.606269944428075
10007,GNPDA1,True,False,6.20720588308214,GNPDA1,True,False,2.588720877499001
10008,KCNE3,True,False,6.9019925270675895,KCNE3,True,False,2.3519657021069977
10013,HDAC6,True,False,7.574121579626929,HDAC6,True,False,2.6722984799838883
10016,PDCD6,True,False,6.551909396165911,PDCD6,True,False,2.90625582162544
10017,BCL2L10,True,False,7.659483521782484,BCL2L10,True,False,3.784662783867974
10018,BCL2L11,True,False,35.088696355727656,BCL2L11,True,False,3.995613842105174
10020,GNE,True,False,8.719804566965477,GNE,True,False,3.3277178254557565
10024,TROAP,True,False,5.977667646433485,TROAP,True,False,3.2787767109264276
10026,PIGK,True,False,6.143841226983172,PIGK,True,False,2.3642247634095206
10039,PARP3,True,False,6.641887695150031,PARP3,True,False,3.125344251468767
10043,TOM1,True,False,6.755195955305907,TOM1,True,False,4.373191359093114
10050,SLC17A4,True,False,6.6746780992449155,SLC17A4,True,False,2.9296045357367504
10052,GJC1,True,False,11.15700415408679,GJC1,True,False,2.4408280596218064
10055,SAE1,True,False,6.417208787463167,SAE1,True,False,5.689123552084808
10056,FARSB,True,False,6.291541628270804,FARSB,True,False,4.375743163647626
10058,ABCB6,True,False,7.530399554105748,ABCB6,True,False,3.1555964554617812
10059,DNM1L,True,False,9.753133732717355,DNM1L,True,False,4.753052488076471
10061,ABCF2,True,False,7.963135640314293,ABCF2,True,False,3.0550661845128424
10062,NR1H3,True,False,6.978699997296647,NR1H3,True,False,3.543435415666566
10063,COX17,True,False,6.248078077096075,COX17,True,False,3.9038216842692743
10066,SCAMP2,True,False,14.20126849942763,SCAMP2,True,False,2.520043586574239
10067,SCAMP3,True,False,7.289871588127356,SCAMP3,True,False,3.014839988275085
10072,DPP3,True,False,6.567953206734893,DPP3,True,False,3.4198987504914578
10073,SNUPN,True,False,9.946957586095133,SNUPN,True,False,2.4758979776195362
10076,PTPRU,True,False,5.985206879224892,PTPRU,True,False,3.143267838376846
10084,PQBP1,True,False,6.945658620951803,PQBP1,True,False,3.1196199089006966
10087,CERT1,True,False,14.032550446953026,COL4A3BP,True,False,5.928370643611082
10090,UST,True,False,8.773438003633535,UST,True,False,2.8733571847588992
10093,ARPC4,True,False,6.869719703449798,ARPC4,True,False,4.737405192379071
10094,ARPC3,True,False,8.513857020891558,ARPC3,True,False,5.497125792831276
10101,NUBP2,True,False,9.457109567458339,NUBP2,True,False,2.030057923760522
10106,CTDSP2,True,False,10.812933203886995,CTDSP2,True,False,2.940557617740039
10107,TRIM10,True,False,5.310986419738626,TRIM10,True,False,2.6254288106423114
10110,SGK2,True,False,7.371885945090897,SGK2,True,False,2.6076593337605147
10112,KIF20A,True,False,7.374367538270415,KIF20A,True,False,3.830567040731741
10113,PREB,True,False,6.976771251770114,PREB,True,False,4.26799214675609
10114,HIPK3,True,False,6.197578027452632,HIPK3,True,False,2.004798100608325
10127,ZNF263,True,False,6.199586657077049,ZNF263,True,False,3.949729939028744
10130,PDIA6,True,False,8.118114634046524,PDIA6,True,False,2.7899464117590065
10131,TRAP1,True,False,14.721931765710288,TRAP1,True,False,2.9235166873161353
10135,NAMPT,True,False,6.132273739337974,NAMPT,True,False,3.014945250418969
10136,CELA3A,True,False,7.266433047867346,CELA3A,True,False,2.38551010492524
10138,YAF2,True,False,7.561507310672824,YAF2,True,False,3.274000634626765
10139,ARFRP1,True,False,6.452902574936385,ARFRP1,True,False,4.070924864690892
10140,TOB1,True,False,7.972925635506254,TOB1,True,False,2.7587141836929487
10142,AKAP9,True,False,7.42714163350228,AKAP9,True,False,3.1185734123890594
10146,G3BP1,True,False,6.125315352268038,G3BP1,True,False,3.087501059789023
10148,EBI3,True,False,8.112619321774593,EBI3,True,False,3.2622010626611866
10149,ADGRG2,True,False,5.959702279422365,ADGRG2,True,False,4.210576520073117
10155,TRIM28,True,False,7.083194398389218,TRIM28,True,False,3.7236866490931564
10161,LPAR6,True,False,7.671615533980622,LPAR6,True,False,3.7477825842934043
10164,CHST4,True,False,9.815026490958086,CHST4,True,False,2.8922620646105157
10165,SLC25A13,True,False,7.1571660691228365,SLC25A13,True,False,2.6269434095334594
10166,SLC25A15,True,False,7.272102739554903,SLC25A15,True,False,2.486410615033839
10170,DHRS9,True,False,6.075172915657778,DHRS9,True,False,2.8760492412515033
10171,RCL1,True,False,8.061501491055022,RCL1,True,False,7.601985377078335
10172,ZNF256,True,False,6.141188772436549,ZNF256,True,False,3.990472721331958
10184,LHFPL2,True,False,7.9909079025500205,LHFPL2,True,False,3.1458149673084432
10188,TNK2,True,False,4.107351592485832,TNK2,True,False,2.531914339380828
10193,RNF41,True,False,12.434839025279537,RNF41,True,False,4.358293341159154
10201,NME6,True,False,5.47568932019167,NME6,True,False,3.4706468951392497
10202,DHRS2,True,False,7.580897249049027,DHRS2,True,False,3.4038525625713483
10206,TRIM13,True,False,7.599055033247807,TRIM13,True,False,2.60969320987819
10208,USPL1,True,False,7.995613423569125,USPL1,True,False,14.638165599790634
10212,DDX39A,True,False,6.717398525485044,DDX39A,True,False,3.3809223197954057
10213,PSMD14,True,False,9.897091096301196,PSMD14,True,False,19.506283566835744
10218,ANGPTL7,True,False,5.786252320554645,ANGPTL7,True,False,2.9869688805245374
10221,TRIB1,True,False,9.507401739246367,TRIB1,True,False,3.8947432225835676
10241,CALCOCO2,True,False,9.448378914179127,CALCOCO2,True,False,3.101592568073958
10248,POP7,True,False,6.491515319822316,POP7,True,False,5.146621330604797
10249,GLYAT,True,False,8.729571688403581,GLYAT,True,False,2.929155167722774
10269,ZMPSTE24,True,False,9.730734182032354,ZMPSTE24,True,False,3.9388546141423744
10273,STUB1,True,False,7.522854963349564,STUB1,True,False,3.382958887856476
10280,SIGMAR1,True,False,7.0566051233882625,SIGMAR1,True,False,3.0559830666632064
10283,CWC27,True,False,7.520785252562547,CWC27,True,False,2.9341759993088403
10284,SAP18,True,False,6.6666615551653825,SAP18,True,False,5.007289919486192
10286,BCAS2,True,False,7.5692323207224685,BCAS2,True,False,6.011112864591416
10289,EIF1B,True,False,9.833506362381554,EIF1B,True,False,2.3945149747315684
10290,SPEG,True,False,5.4613848731951125,SPEG,True,False,3.260392832826972
10293,TRAIP,True,False,6.615626449385493,TRAIP,True,False,11.121182249731248
10294,DNAJA2,True,False,7.393577693675141,DNAJA2,True,False,3.8496076239772288
10295,BCKDK,True,False,40.370984056279774,BCKDK,True,False,3.0286782397432073
10298,PAK4,True,False,8.79055448627045,PAK4,True,False,4.473846438679149
10299,MARCHF6,True,False,8.20197765317134,MARCH6,True,False,2.9322609153060526
10302,SNAPC5,True,False,6.736353850929058,SNAPC5,True,False,4.140456176449963
10308,ZNF267,True,False,6.331999085229564,ZNF267,True,False,2.409260204185729
10312,TCIRG1,True,False,5.721943905949918,TCIRG1,True,False,4.98476490147483
10314,LANCL1,True,False,8.173875821006288,LANCL1,True,False,3.6736708453209794
10316,NMUR1,True,False,6.523586130298047,NMUR1,True,False,7.33358482562267
10317,B3GALT5,True,False,9.916264131746429,B3GALT5,True,False,3.0851762753099816
10320,IKZF1,True,False,14.841966769478292,IKZF1,True,False,2.4458517051276845
10327,AKR1A1,True,False,5.960453561965809,AKR1A1,True,False,3.3330172188300464
10331,B3GNT3,True,False,6.363380115402275,B3GNT3,True,False,2.6617709158350378
10336,PCGF3,True,False,7.01474230877483,PCGF3,True,False,2.266540417754384
10350,ABCA9,True,False,5.987064123443011,ABCA9,True,False,2.625272869221182
10351,ABCA8,True,False,6.0890676876282965,ABCA8,True,False,2.4342322844979725
10352,WARS2,True,False,8.007869400389422,WARS2,True,False,2.7882171762800674
10362,HMG20B,True,False,7.229304333897459,HMG20B,True,False,2.695337902796975
10363,HMG20A,True,False,9.310995036471164,HMG20A,True,False,2.7870279564985307
10368,CACNG3,True,False,10.272579620758044,CACNG3,True,False,2.5863728885718253
10369,CACNG2,True,False,7.197242822984527,CACNG2,True,False,3.465187597306568
10379,IRF9,True,False,6.200447655859547,IRF9,True,False,3.0268936801937913
10390,CEPT1,True,False,8.444469930540722,CEPT1,True,False,2.922135019966415
10397,NDRG1,True,False,7.18511006378354,NDRG1,True,False,2.2141740600805715
10399,RACK1,True,False,6.562170398510785,RACK1,True,False,7.66232117471848
10400,PEMT,True,False,6.301937019442104,PEMT,True,False,2.367942258009414
10401,PIAS3,True,False,6.729308294359462,PIAS3,True,False,3.3866844586244804
10420,TESK2,True,False,7.046504844486775,TESK2,True,False,2.9263110123038905
10423,CDIPT,True,False,7.831706620412444,CDIPT,True,False,2.794329231689745
10425,ARIH2,True,False,9.674630492925658,ARIH2,True,False,3.439423798915949
10432,RBM14,True,False,6.949285158043684,RBM14,True,False,5.127588606494224
10434,LYPLA1,True,False,7.132850292327057,LYPLA1,True,False,3.9437335248867487
10437,IFI30,True,False,6.522916445051603,IFI30,True,False,2.7751792240383386
10449,ACAA2,True,False,6.777574894909564,ACAA2,True,False,3.2628191731219087
10450,PPIE,True,False,6.835340483019496,PPIE,True,False,4.767834372661787
10454,TAB1,True,False,6.598322972869822,TAB1,True,False,3.0497381470315887
10455,ECI2,True,False,6.033223074082239,ECI2,True,False,3.428098711944
10458,BAIAP2,True,False,10.239081560107666,BAIAP2,True,False,4.328913974552016
10461,MERTK,True,False,10.455408100286963,MERTK,True,False,3.516281776937963
10472,ZBTB18,True,False,12.205319056715561,ZBTB18,True,False,4.021166555036547
10474,TADA3,True,False,5.634362155013488,TADA3,True,False,4.338489539708075
10476,ATP5PD,True,False,7.589483522635362,ATP5H,True,False,2.8470918035734885
10477,UBE2E3,True,False,6.815902253697195,UBE2E3,True,False,2.6215167136860114
10479,SLC9A6,True,False,9.570475890773505,SLC9A6,True,False,3.2710941463499075
10481,HOXB13,True,False,16.898683532678795,HOXB13,True,False,2.7988903398617846
10482,NXF1,True,False,6.92441361406386,NXF1,True,False,63.812486801937645
10488,CREB3,True,False,7.420257522306975,CREB3,True,False,4.171398598896307
10489,LRRC41,True,False,7.83605316695105,LRRC41,True,False,3.0226723013714767
10494,STK25,True,False,12.684214036469578,STK25,True,False,3.0308312974418166
10517,FBXW10,True,False,7.351798579546158,FBXW10,True,False,2.7113569611982276
10518,CIB2,True,False,6.188721025728204,CIB2,True,False,2.86277627121795
10519,CIB1,True,False,9.748643934907658,CIB1,True,False,2.7526080746268087
10520,ZNF211,True,False,5.860860189655561,ZNF211,True,False,3.394875667698753
10521,DDX17,True,False,8.368662487479092,DDX17,True,False,2.874438778804459
10524,KAT5,True,False,6.142930097212989,KAT5,True,False,4.416961739715479
10531,PITRM1,True,False,6.225918560716269,PITRM1,True,False,3.5453782896103534
10533,ATG7,True,False,12.82122799467876,ATG7,True,False,2.1962510224802343
10536,P3H3,True,False,6.604485219991011,P3H3,True,False,2.905484435635988
10537,UBD,True,False,8.291030417048066,UBD,True,False,3.346600365948585
10538,BATF,True,False,10.438569517789885,BATF,True,False,2.8952221677654904
10539,GLRX3,True,False,7.341320777609252,GLRX3,True,False,3.5668666457535023
10544,PROCR,True,False,7.274706351628995,PROCR,True,False,10.11968070844783
10549,PRDX4,True,False,13.273563206002171,PRDX4,True,False,2.9157729705033177
10553,HTATIP2,True,False,7.127422609885944,HTATIP2,True,False,4.141838963506348
10554,AGPAT1,True,False,9.19300990878677,AGPAT1,True,False,2.944133395356144
10555,AGPAT2,True,False,7.35688704230157,AGPAT2,True,False,2.953986048082352
10558,SPTLC1,True,False,11.7136140748105,SPTLC1,True,False,4.144780417887463
10559,SLC35A1,True,False,7.375562879011719,SLC35A1,True,False,4.353384299427486
10560,SLC19A2,True,False,7.784321698187894,SLC19A2,True,False,2.4977112705490447
10572,SIVA1,True,False,6.260694838370638,SIVA1,True,False,4.392439621828397
10574,CCT7,True,False,5.734513995180654,CCT7,True,False,8.774524476187095
10575,CCT4,True,False,7.072681752320274,CCT4,True,False,10.802237550703492
10576,CCT2,True,False,6.729985307891774,CCT2,True,False,11.89824305138512
10587,TXNRD2,True,False,7.186249632390571,TXNRD2,True,False,3.003729537402845
10588,MTHFS,True,False,6.889452433515381,MTHFS,True,False,2.7254535862199463
10591,DNPH1,True,False,6.458216316195289,DNPH1,True,False,2.8318112707291814
10598,AHSA1,True,False,7.420088011891081,AHSA1,True,False,2.9918181119582683
10599,SLCO1B1,True,False,8.27621563168827,SLCO1B1,True,False,2.801814158796549
10600,USP16,True,False,6.364674237580547,USP16,True,False,2.544506407717113
10605,PAIP1,True,False,6.687470112997593,PAIP1,True,False,3.1902133195728903
10606,PAICS,True,False,8.375556103938017,PAICS,True,False,3.688538599900915
10608,MXD4,True,False,7.085491890013905,MXD4,True,False,2.5182820718470587
10610,ST6GALNAC2,True,False,13.81831580202767,ST6GALNAC2,True,False,2.834509289348468
10612,TRIM3,True,False,6.430214695753344,TRIM3,True,False,2.8513488640084446
10614,HEXIM1,True,False,8.098398715117646,HEXIM1,True,False,4.091576953353077
10616,RBCK1,True,False,5.968138070450248,RBCK1,True,False,2.3617578875536847
10620,ARID3B,True,False,5.549627948110415,ARID3B,True,False,3.147236422680892
10626,TRIM16,True,False,7.906237049463668,TRIM16,True,False,2.544509166988661
10629,TAF6L,True,False,7.93499035009021,TAF6L,True,False,4.118242358895796
10633,RASL10A,True,False,6.650708144647694,RASL10A,True,False,2.924963563968883
10653,SPINT2,True,False,6.671611802087219,SPINT2,True,False,4.13956727583503
10654,PMVK,True,False,5.5804053634131225,PMVK,True,False,3.166890063362122
10663,CXCR6,True,False,7.161660421391956,CXCR6,True,False,2.813364471548513
10664,CTCF,True,False,8.643668464911359,CTCF,True,False,5.321196619494779
10668,CGRRF1,True,False,6.571501367245854,CGRRF1,True,False,2.7142545170710655
10670,RRAGA,True,False,7.976710708456263,RRAGA,True,False,4.262390787005714
10672,GNA13,True,False,6.429160690493096,GNA13,True,False,3.699792490698546
10678,B3GNT2,True,False,16.779410520045456,B3GNT2,True,False,5.1492031173886215
10682,EBP,True,False,10.199983284637892,EBP,True,False,2.7818393470818368
10686,CLDN16,True,False,6.4023915016765,CLDN16,True,False,2.5133521377002817
10690,FUT9,True,False,11.518496355189484,FUT9,True,False,3.250159824420131
10691,GMEB1,True,False,29.39447495025602,GMEB1,True,False,2.474026957400216
10693,CCT6B,True,False,6.243881540601974,CCT6B,True,False,3.3208095560694333
10713,USP39,True,False,6.924103218741535,USP39,True,False,5.992817909398386
10716,TBR1,True,False,8.54741903938418,TBR1,True,False,2.7654148919504875
10723,SLC12A7,True,False,6.3274680795709415,SLC12A7,True,False,4.109453549793589
10724,OGA,True,False,6.826945358022297,MGEA5,True,False,5.5646979243431405
10728,PTGES3,True,False,8.448848477645212,PTGES3,True,False,4.086923981247248
10733,PLK4,True,False,5.936966950162445,PLK4,True,False,6.85491459513083
10735,STAG2,True,False,8.150659137781053,STAG2,True,False,3.0706110101847175
10736,SIX2,True,False,7.14388108349685,SIX2,True,False,3.1118479925714775
10738,RFPL3,True,False,7.396097771957662,RFPL3,True,False,4.949908427812852
10739,RFPL2,True,False,7.13583705234937,RFPL2,True,False,3.1244380126427655
10743,RAI1,True,False,7.385990402600003,RAI1,True,False,2.884023069710025
10745,PHTF1,True,False,5.581705584346387,PHTF1,True,False,3.080008251875263
10746,MAP3K2,True,False,25.918454891411518,MAP3K2,True,False,3.774012237613631
10749,KIF1C,True,False,7.836287596873209,KIF1C,True,False,3.032239713563931
10753,CAPN9,True,False,6.149810499221728,CAPN9,True,False,2.7935121327992873
10758,TRAF3IP2,True,False,8.080235775105244,TRAF3IP2,True,False,3.0342857445990017
10767,HBS1L,True,False,6.583423537720505,HBS1L,True,False,2.4756982897786712
10768,AHCYL1,True,False,7.626065458817827,AHCYL1,True,False,3.655863620475109
10769,PLK2,True,False,7.224277877023273,PLK2,True,False,2.86728596843718
10771,ZMYND11,True,False,6.8745559763398445,ZMYND11,True,False,3.2572746046345062
10775,POP4,True,False,6.127112919043044,POP4,True,False,5.447295755246318
10776,ARPP19,True,False,7.5489383142597575,ARPP19,True,False,2.9776513779257425
10782,ZNF274,True,False,7.300322904241611,ZNF274,True,False,3.3770682316584866
10783,NEK6,True,False,7.986593388585431,NEK6,True,False,2.3020755307427088
10786,SLC17A3,True,False,6.1164808044225945,SLC17A3,True,False,2.227230608294387
10797,MTHFD2,True,False,5.958193947793848,MTHFD2,True,False,3.179913261895237
10800,CYSLTR1,True,False,7.1981513632000445,CYSLTR1,True,False,2.6176730490261266
10801,SEPTIN9,True,False,12.304932653004773,SEPT9,True,False,2.4948248521328282
10803,CCR9,True,False,9.864585038668066,CCR9,True,False,3.0519066844171188
10804,GJB6,True,False,13.041648178642202,GJB6,True,False,2.5067813828564205
10808,HSPH1,True,False,8.770308833986656,HSPH1,True,False,3.6623821043338607
10840,ALDH1L1,True,False,6.572256083476543,ALDH1L1,True,False,2.4828549406171856
10844,TUBGCP2,True,False,6.094864816295016,TUBGCP2,True,False,5.245554566327532
10855,HPSE,True,False,7.997860460962869,HPSE,True,False,2.870757368547351
10856,RUVBL2,True,False,6.549057950290251,RUVBL2,True,False,6.453914680108293
10857,PGRMC1,True,False,6.2851795248051845,PGRMC1,True,False,3.379963860508334
10858,CYP46A1,True,False,9.284875973930374,CYP46A1,True,False,3.0981422586543834
10859,LILRB1,True,False,5.945959714171557,LILRB1,True,False,5.263478618329757
10864,SLC22A7,True,False,6.686475458070963,SLC22A7,True,False,2.658752067159599
10865,ARID5A,True,False,7.025495842527789,ARID5A,True,False,3.2673632097327996
10871,CD300C,True,False,7.544185137655909,CD300C,True,False,2.7625275475178768
10875,FGL2,True,False,6.783824745163999,FGL2,True,False,2.6459310735438124
10884,MRPS30,True,False,6.1974397726544295,MRPS30,True,False,3.3779906618917077
10887,PROKR1,True,False,6.2559491266463665,PROKR1,True,False,2.882004865151716
10888,GPR83,True,False,6.848758616741362,GPR83,True,False,3.1505406834434275
10901,DHRS4,True,False,6.265555429106177,DHRS4,True,False,2.4194204425894785
10902,BRD8,True,False,7.729252512686526,BRD8,True,False,3.7995142995893616
10907,TXNL4A,True,False,7.716722819671159,TXNL4A,True,False,4.700525408552871
10908,PNPLA6,True,False,9.761479555302394,PNPLA6,True,False,4.020733823244724
10912,GADD45G,True,False,18.292624598468432,GADD45G,True,False,2.7709637183615308
10919,EHMT2,True,False,7.9798025773589565,EHMT2,True,False,2.640612338930559
10922,FASTK,True,False,7.238024998755491,FASTK,True,False,2.238495382013736
10923,SUB1,True,False,6.8122031740542655,SUB1,True,False,3.7589258205442118
10924,SMPDL3A,True,False,6.310652577589797,SMPDL3A,True,False,2.4029975643598727
10926,DBF4,True,False,6.651885348269667,DBF4,True,False,3.308731387613711
10928,RALBP1,True,False,7.432521271656329,RALBP1,True,False,3.659102622971587
10935,PRDX3,True,False,7.682489106832603,PRDX3,True,False,2.9533661629551307
10942,PRSS21,True,False,7.47098642328609,PRSS21,True,False,3.2308158377113507
10943,MSL3,True,False,6.365413489501054,MSL3,True,False,2.7966805068267453
10954,PDIA5,True,False,6.8223014287584425,PDIA5,True,False,2.327548234849244
10955,SERINC3,True,False,8.468937979676104,SERINC3,True,False,2.76175051098643
10965,ACOT2,True,False,6.296880967597438,ACOT2,True,False,2.33343350017279
10966,RAB40B,True,False,13.120364644930076,RAB40B,True,False,3.7069595880699353
10971,YWHAQ,True,False,6.754976495004756,YWHAQ,True,False,3.004597340919369
10972,TMED10,True,False,7.633398757598572,TMED10,True,False,3.0568229748232167
10973,ASCC3,True,False,6.1407728009074685,ASCC3,True,False,4.726155882139123
10975,UQCR11,True,False,7.575092956348689,UQCR11,True,False,2.796563142342012
10980,COPS6,True,False,5.64061011140647,COPS6,True,False,5.58307067574162
10981,RAB32,True,False,5.841699815517423,RAB32,True,False,2.924866311404776
10983,CCNI,True,False,6.151190771751637,CCNI,True,False,3.094805912113029
10987,COPS5,True,False,6.287614516839171,COPS5,True,False,5.567318494890693
10990,LILRB5,True,False,6.499571571952655,LILRB5,True,False,3.02252709896177
10993,SDS,True,False,6.249438263029325,SDS,True,False,3.2592204649194896
10999,SLC27A4,True,False,6.177408523720052,SLC27A4,True,False,3.7291519634345094
11000,SLC27A3,True,False,13.649532309605823,SLC27A3,True,False,3.2481423682934785
11001,SLC27A2,True,False,7.443571379638305,SLC27A2,True,False,2.195204067171294
11004,KIF2C,True,False,16.635584595968943,KIF2C,True,False,3.8556789733546717
11006,LILRB4,True,False,8.122529891730014,LILRB4,True,False,3.066678835343813
11011,TLK2,True,False,7.239691213233342,TLK2,True,False,4.5217200402979145
11012,KLK11,True,False,8.24148183240689,KLK11,True,False,2.7019137839810856
11014,KDELR2,True,False,7.387991562564174,KDELR2,True,False,2.657016077574654
11015,KDELR3,True,False,6.486866033018045,KDELR3,True,False,2.9993748321290155
11016,ATF7,True,False,6.432583166763193,ATF7,True,False,3.397423134782543
11019,LIAS,True,False,7.064984818358276,LIAS,True,False,2.399226350099294
11020,IFT27,True,False,6.392634852143509,IFT27,True,False,2.4869430059876363
11031,RAB31,True,False,7.600045937399293,RAB31,True,False,2.87653161499591
11035,RIPK3,True,False,6.215085804793156,RIPK3,True,False,2.705349138757682
11036,GTF2A1L,True,False,8.193215266369979,GTF2A1L,True,False,2.127357445431289
11040,PIM2,True,False,6.7811550882051,PIM2,True,False,3.152455290284177
11041,B4GAT1,True,False,9.461546725786464,B4GAT1,True,False,3.4326801467420163
11043,MID2,True,False,8.24914523777667,MID2,True,False,2.617371039812602
11044,TENT4A,True,False,6.263424889086728,PAPD7,True,False,2.8222565520584135
11054,OGFR,True,False,6.1711677333685095,OGFR,True,False,2.646580145172552
11056,DDX52,True,False,6.61987435591657,DDX52,True,False,4.278739082820655
11059,WWP1,True,False,6.725023396975583,WWP1,True,False,3.0208421747991894
11060,WWP2,True,False,6.98572423255568,WWP2,True,False,2.5936778030620267
11068,CYB561D2,True,False,9.950465586309734,CYB561D2,True,False,3.0537584101701833
11072,DUSP14,True,False,7.169354539416896,DUSP14,True,False,7.356885667936625
11073,TOPBP1,True,False,7.456604514389397,TOPBP1,True,False,6.390349150497985
11074,TRIM31,True,False,7.704064681009088,TRIM31,True,False,2.7052866440401266
11082,ESM1,True,False,7.175382675644827,ESM1,True,False,2.831358060747641
11083,DIDO1,True,False,8.390356841522644,DIDO1,True,False,5.737848706969882
11085,ADAM30,True,False,7.683772077949886,ADAM30,True,False,2.6724494594221735
11096,ADAMTS5,True,False,6.557884972761787,ADAMTS5,True,False,2.758420603047965
11098,PRSS23,True,False,8.924440162111907,PRSS23,True,False,2.135616117369922
11104,KATNA1,True,False,7.076298556264823,KATNA1,True,False,3.33700891919848
11107,PRDM5,True,False,5.517738986859137,PRDM5,True,False,1.8156269160284089
11108,PRDM4,True,False,6.250319115287745,PRDM4,True,False,3.2563875024411355
11126,CD160,True,False,7.656586888594889,CD160,True,False,2.6375103885884608
11127,KIF3A,True,False,7.256558585640166,KIF3A,True,False,2.521230332247509
11131,CAPN11,True,False,6.423622517950537,CAPN11,True,False,3.1202353120759287
11136,SLC7A9,True,False,29.187427585867834,SLC7A9,True,False,2.823536642541348
11142,PKIG,True,False,8.198067850142296,PKIG,True,False,2.0339730040390593
11143,KAT7,True,False,5.79285200082978,KAT7,True,False,3.922704638812893
11144,DMC1,True,False,7.978622343072925,DMC1,True,False,3.1545029953961365
11156,PTP4A3,True,False,7.160090079168113,PTP4A3,True,False,2.8361638122716952
11158,RABL2B,True,False,6.962982901993264,RABL2B,True,False,2.676462419056935
11159,RABL2A,True,False,6.518737906395993,RABL2A,True,False,2.772942809395638
11162,NUDT6,True,False,10.002357487835384,NUDT6,True,False,2.938739576134784
11163,NUDT4,True,False,7.565773159840246,NUDT4,True,False,2.9108778045201373
11164,NUDT5,True,False,7.60640153248025,NUDT5,True,False,2.892251670029873
11165,NUDT3,True,False,6.710570837737066,NUDT3,True,False,3.1160603814833063
11179,ZNF277,True,False,5.550309401001966,ZNF277,True,False,2.4424242497596724
11181,TREH,True,False,6.844190153098807,TREH,True,False,3.675215235608304
11182,SLC2A6,True,False,7.275697714038741,SLC2A6,True,False,2.333366262126088
11183,MAP4K5,True,False,8.200224254815259,MAP4K5,True,False,3.226783862771479
11184,MAP4K1,True,False,14.010710812135496,MAP4K1,True,False,3.7611982395563768
11185,INMT,True,False,7.008940003047891,INMT,True,False,2.8861214278107346
11188,NISCH,True,False,7.783173336204601,NISCH,True,False,2.735599703761483
11189,CELF3,True,False,15.46737101736906,CELF3,True,False,3.183165341679726
11194,ABCB8,True,False,6.532026192136503,ABCB8,True,False,3.1208699076691677
11200,CHEK2,True,False,6.049586724105731,CHEK2,True,False,3.0452283600110515
11202,KLK8,True,False,5.521145571003084,KLK8,True,False,2.8925474236517412
11211,FZD10,True,False,6.478523067871327,FZD10,True,False,2.3859806228836575
11212,PLPBP,True,False,9.180420334080425,PROSC,True,False,3.0951182102209116
11213,IRAK3,True,False,7.468894567131371,IRAK3,True,False,2.5551469493882544
11214,AKAP13,True,False,6.208171576690874,AKAP13,True,False,2.8096001061363114
11218,DDX20,True,False,6.298428884501907,DDX20,True,False,3.147823839973293
11221,DUSP10,True,False,11.805978739582928,DUSP10,True,False,3.075464188324349
11226,GALNT6,True,False,8.044775279559616,GALNT6,True,False,2.542031663632476
11227,GALNT5,True,False,12.364592646630209,GALNT5,True,False,2.8996883946639738
11231,SEC63,True,False,9.327337223860173,SEC63,True,False,3.86473862344411
11232,POLG2,True,False,6.920976070740191,POLG2,True,False,3.118869277162195
11236,RNF139,True,False,9.35819272922629,RNF139,True,False,3.5388567429350344
11237,RNF24,True,False,8.314970828313205,RNF24,True,False,4.060750187656452
11238,CA5B,True,False,7.101805140536805,CA5B,True,False,2.6862966457730453
11245,GPR176,True,False,20.199667205510714,GPR176,True,False,3.6904162811203673
11250,GPR45,True,False,7.229117271280155,GPR45,True,False,4.236320429564996
11252,PACSIN2,True,False,7.039272916207066,PACSIN2,True,False,2.7647937283044723
11253,MAN1B1,True,False,6.35559055948821,MAN1B1,True,False,3.5882988465988106
11254,SLC6A14,True,False,6.157451008644263,SLC6A14,True,False,2.692945311765612
11266,DUSP12,True,False,6.900195375128156,DUSP12,True,False,3.046025018013761
11269,DDX19B,True,False,7.54211513561809,DDX19B,True,False,2.4769641658465584
11274,USP18,True,False,6.263563956230665,USP18,True,False,2.8721408582609347
11277,TREX1,True,False,6.753412268592143,TREX1,True,False,3.134127045887666
11278,KLF12,True,False,8.790505759944054,KLF12,True,False,3.1359555766372043
11282,MGAT4B,True,False,7.00477159379044,MGAT4B,True,False,3.0477219740251056
11284,PNKP,True,False,9.945334573138465,PNKP,True,False,3.4357499708077968
11285,B4GALT7,True,False,6.691148692667271,B4GALT7,True,False,2.829595623599818
11309,SLCO2B1,True,False,7.7465628172483045,SLCO2B1,True,False,2.337522678509088
11318,GPR182,True,False,6.310765776230518,GPR182,True,False,2.331290680702129
11319,ECD,True,False,7.146830920747845,ECD,True,False,6.793355173554351
11322,TMC6,True,False,6.142063630195816,TMC6,True,False,3.140615087547724
11328,FKBP9,True,False,7.258962625228816,FKBP9,True,False,2.6869950118004433
11329,STK38,True,False,11.760672453107334,STK38,True,False,3.3539566556037244
11330,CTRC,True,False,10.348958353149197,CTRC,True,False,4.955154768274417
11331,PHB2,True,False,7.229982256731351,PHB2,True,False,5.700011343862251
11332,ACOT7,True,False,7.727176152618358,ACOT7,True,False,2.9378220805159425
11337,GABARAP,True,False,7.3094575468418315,GABARAP,True,False,3.218962914721107
11340,EXOSC8,True,False,7.13676219328021,EXOSC8,True,False,6.042208462963919
11342,RNF13,True,False,7.458338290927735,RNF13,True,False,3.201225822043569
11343,MGLL,True,False,10.737791041380802,MGLL,True,False,1.674067919404972
11344,TWF2,True,False,9.152119630667022,TWF2,True,False,3.478204958909516
11345,GABARAPL2,True,False,7.068564722588564,GABARAPL2,True,False,2.858408396615698
22802,CLCA4,True,False,8.123409322563061,CLCA4,True,False,2.5442637340679575
22803,XRN2,True,False,6.895625257802879,XRN2,True,False,4.912723337822648
22806,IKZF3,True,False,10.530823867392312,IKZF3,True,False,3.206621823251909
22807,IKZF2,True,False,8.030179193655442,IKZF2,True,False,3.069240102172603
22808,MRAS,True,False,7.548369138718333,MRAS,True,False,2.7991293944588747
22809,ATF5,True,False,7.5579728869964455,ATF5,True,False,6.478482393846115
22821,RASA3,True,False,12.051025985168918,RASA3,True,False,2.0102853901170756
22823,MTF2,True,False,6.073503700794287,MTF2,True,False,2.1516635356127556
22824,HSPA4L,True,False,5.660788082476609,HSPA4L,True,False,2.398692220814961
22829,NLGN4Y,True,False,7.736728916795436,NLGN4Y,True,False,2.0757625531220985
22836,RHOBTB3,True,False,6.280414682407412,RHOBTB3,True,False,2.9430341057547964
22845,DOLK,True,False,8.84720846398407,DOLK,True,False,2.807773206524041
22848,AAK1,True,False,6.600387431960424,AAK1,True,False,3.759759599024393
22853,LMTK2,True,False,6.890143177242648,LMTK2,True,False,3.216595908383187
22858,CILK1,True,False,4.925518045843053,ICK,True,False,3.2764636172644166
22868,FASTKD2,True,False,7.2683126412614145,FASTKD2,True,False,3.5505210625821535
22877,MLXIP,True,False,6.734826311262257,MLXIP,True,False,3.210221642972108
22888,UBOX5,True,False,5.997624324107829,UBOX5,True,False,2.863419782715508
22890,ZBTB1,True,False,6.962004858152453,ZBTB1,True,False,2.494539124561949
22900,CARD8,True,False,7.342377525707261,CARD8,True,False,4.822542274072885
22901,ARSG,True,False,7.659754619462139,ARSG,True,False,3.3106864743004416
22907,DHX30,True,False,6.492759285009354,DHX30,True,False,2.65304873951276
22908,SACM1L,True,False,25.580453448446754,SACM1L,True,False,3.947832637974063
22918,CD93,True,False,7.573851713735663,CD93,True,False,2.7759806199039145
22920,KIFAP3,True,False,7.211280909590458,KIFAP3,True,False,2.6046562331768888
22924,MAPRE3,True,False,24.84509213701333,MAPRE3,True,False,3.558711525093986
22926,ATF6,True,False,6.300534180475592,ATF6,True,False,2.6899362472177946
22928,SEPHS2,True,False,7.144645620079986,SEPHS2,True,False,3.9323324381961267
22929,SEPHS1,True,False,7.0169673742302,SEPHS1,True,False,4.0075062629397955
22933,SIRT2,True,False,6.4423357190957296,SIRT2,True,False,2.364793753557542
22934,RPIA,True,False,6.8180511464712925,RPIA,True,False,2.8907627678910344
22938,SNW1,True,False,6.028590256377142,SNW1,True,False,10.666789469975816
22948,CCT5,True,False,7.015574202812953,CCT5,True,False,11.064772659654315
22953,P2RX2,True,False,10.08951426764331,P2RX2,True,False,3.214138046012862
22954,TRIM32,True,False,7.050582019159394,TRIM32,True,False,1.927744499095596
22955,SCMH1,True,False,9.116244266484888,SCMH1,True,False,3.7865758591322636
22977,AKR7A3,True,False,5.942943158936394,AKR7A3,True,False,3.634120613518081
22983,MAST1,True,False,4.861797520105797,MAST1,True,False,3.1735530391282984
23012,STK38L,True,False,7.699909772443261,STK38L,True,False,4.313174938028336
23014,FBXO21,True,False,7.848287435814013,FBXO21,True,False,2.3955081887207124
23016,EXOSC7,True,False,6.018737272764707,EXOSC7,True,False,4.830975575336699
23028,KDM1A,True,False,7.329736699484976,KDM1A,True,False,6.356132849901544
23032,USP33,True,False,6.495043205106894,USP33,True,False,3.696801486383153
23034,SAMD4A,True,False,6.195533221144194,SAMD4A,True,False,2.278921044567794
23046,KIF21B,True,False,7.896258435435652,KIF21B,True,False,3.304646082619474
23057,NMNAT2,True,False,7.211399349605359,NMNAT2,True,False,2.987601227319005
23071,ERP44,True,False,6.87400439265246,ERP44,True,False,3.393911596475721
23087,TRIM35,True,False,6.292893573297702,TRIM35,True,False,3.020385039394146
23090,ZNF423,True,False,6.330306850735303,ZNF423,True,False,3.939921929606715
23097,CDK19,True,False,6.2334525922063175,CDK19,True,False,3.050495401097952
23126,POGZ,True,False,6.567962715664054,POGZ,True,False,3.003685267519471
23133,PHF8,True,False,9.11464840114456,PHF8,True,False,3.506283932626026
23139,MAST2,True,False,14.745234050374911,MAST2,True,False,3.374208147620237
23142,DCUN1D4,True,False,5.801401760501004,DCUN1D4,True,False,3.327845884615006
23157,SEPTIN6,True,False,8.197901742091945,SEPT6,True,False,3.075622371639226
23169,SLC35D1,True,False,11.290336663126121,SLC35D1,True,False,4.053018602415131
23173,METAP1,True,False,6.676554129207128,METAP1,True,False,3.8862192938449196
23193,GANAB,True,False,7.42994820073237,GANAB,True,False,3.216893611854266
23194,FBXL7,True,False,5.6736280091981435,FBXL7,True,False,2.7144791903115535
23200,ATP11B,True,False,6.245852507007048,ATP11B,True,False,2.6307121432628744
23203,PMPCA,True,False,6.935105773592459,PMPCA,True,False,3.430099542871089
23205,ACSBG1,True,False,5.8224275253014275,ACSBG1,True,False,2.5280340653085465
23210,JMJD6,True,False,5.864730062131683,JMJD6,True,False,3.529376951653162
23213,SULF1,True,False,6.397648275047547,SULF1,True,False,2.538015003170612
23219,FBXO28,True,False,7.185223445059508,FBXO28,True,False,2.728552840312027
23220,DTX4,True,False,6.504824253927685,DTX4,True,False,3.321143908939148
23221,RHOBTB2,True,False,6.796861007946771,RHOBTB2,True,False,2.592533485261206
23228,PLCL2,True,False,6.846223988176833,PLCL2,True,False,2.4625271990914777
23236,PLCB1,True,False,8.22197437024756,PLCB1,True,False,3.1518854499206945
23252,OTUD3,True,False,7.049476401665333,OTUD3,True,False,1.7518420296341064
23258,DENND5A,True,False,7.394512506952913,DENND5A,True,False,3.0655148591542485
23262,PPIP5K2,True,False,6.030842837356148,PPIP5K2,True,False,2.1788141445211933
23287,AGTPBP1,True,False,5.575550718013016,AGTPBP1,True,False,3.2370532114727095
23291,FBXW11,True,False,10.059816420713675,FBXW11,True,False,2.9112874362896637
23295,MGRN1,True,False,7.040822799800381,MGRN1,True,False,3.7100469143497903
23304,UBR2,True,False,6.146686830369851,UBR2,True,False,3.5366483818258523
23305,ACSL6,True,False,6.54630934874422,ACSL6,True,False,3.8639962499670775
23314,SATB2,True,False,12.761112013993483,SATB2,True,False,3.0300074299924606
23318,TUT4,True,False,6.859219487687622,ZCCHC11,True,False,4.36454665897604
23321,TRIM2,True,False,12.500375966470955,TRIM2,True,False,2.442500913063407
23324,MAN2B2,True,False,6.359731229811527,MAN2B2,True,False,2.819099091611855
23326,USP22,True,False,6.279972321146347,USP22,True,False,4.995237854183146
23338,JADE2,True,False,7.702120765571353,JADE2,True,False,2.64874114694211
23368,PPP1R13B,True,False,7.485132131001328,PPP1R13B,True,False,3.346902382897966
23370,ARHGEF18,True,False,6.644928546616781,ARHGEF18,True,False,4.02723631315283
23373,CRTC1,True,False,6.695363301835366,CRTC1,True,False,3.112724373832938
23382,AHCYL2,True,False,7.295886567686744,AHCYL2,True,False,2.759008671575457
23387,SIK3,True,False,5.891831750289955,SIK3,True,False,3.35658321512882
23395,LARS2,True,False,12.995448761627305,LARS2,True,False,3.0822817606867887
23398,PPWD1,True,False,6.221714793148316,PPWD1,True,False,4.6835085545104524
23403,FBXO46,True,False,23.123646977460822,FBXO46,True,False,2.425540190926452
23408,SIRT5,True,False,6.4542841846588335,SIRT5,True,False,3.3710816173711637
23410,SIRT3,True,False,9.866296567996427,SIRT3,True,False,2.6437038187640707
23411,SIRT1,True,False,6.193067726673616,SIRT1,True,False,2.6950585418563855
23413,NCS1,True,False,9.654427175584512,NCS1,True,False,3.3558046191422397
23417,MLYCD,True,False,8.275782605201618,MLYCD,True,False,2.9655382444942515
23428,SLC7A8,True,False,10.01800271922176,SLC7A8,True,False,2.829362463016921
23432,GPR161,True,False,9.10436878157603,GPR161,True,False,2.960804836505195
23433,RHOQ,True,False,6.4311111425004945,RHOQ,True,False,4.14310182277242
23435,TARDBP,True,False,6.909412183078932,TARDBP,True,False,4.298994756626656
23436,CELA3B,True,False,7.671887498570246,CELA3B,True,False,2.5463713638776366
23438,HARS2,True,False,6.416120883490374,HARS2,True,False,2.610028666593956
23439,ATP1B4,True,False,6.767576638453685,ATP1B4,True,False,2.2431513411552717
23443,SLC35A3,True,False,7.658151881416927,SLC35A3,True,False,2.6886004678643483
23452,ANGPTL2,True,False,8.55218044342517,ANGPTL2,True,False,3.2637191445925278
23457,ABCB9,True,False,6.724606540255017,ABCB9,True,False,2.995736264863201
23462,HEY1,True,False,7.651717280916655,HEY1,True,False,2.1967132307667545
23463,ICMT,True,False,6.6898795503811135,ICMT,True,False,3.344908958440298
23464,GCAT,True,False,11.174501578194024,GCAT,True,False,2.531115159660439
23475,QPRT,True,False,5.814793764887194,QPRT,True,False,2.825907903894017
23476,BRD4,True,False,12.739898576943679,BRD4,True,False,3.287044229047061
23478,SEC11A,True,False,7.96377678345391,SEC11A,True,False,2.9623806009773457
23483,TGDS,True,False,6.202343090063004,TGDS,True,False,3.1687576789632144
23491,CES3,True,False,8.462414287587787,CES3,True,False,2.026355369026939
23492,CBX7,True,False,6.640046499371109,CBX7,True,False,2.518576621951232
23493,HEY2,True,False,8.352604922015821,HEY2,True,False,3.7596633346409716
23495,TNFRSF13B,True,False,7.342409067402739,TNFRSF13B,True,False,3.103966216190355
23498,HAAO,True,False,6.218490654449836,HAAO,True,False,2.8050803941699622
23507,LRRC8B,True,False,7.502608851360982,LRRC8B,True,False,3.0794359431248566
23509,POFUT1,True,False,9.475602457899283,POFUT1,True,False,5.355231333536805
23526,ARHGAP45,True,False,10.736401044755544,HMHA1,True,False,3.048204476125462
23528,ZNF281,True,False,11.520076242440402,ZNF281,True,False,3.6209950724035753
23530,NNT,True,False,6.465182026920497,NNT,True,False,3.1817207640968843
23533,PIK3R5,True,False,5.9829661547822415,PIK3R5,True,False,2.7649315685268645
23536,ADAT1,True,False,6.590933325476974,ADAT1,True,False,2.7674294365155174
23543,RBFOX2,True,False,9.387241297110963,RBFOX2,True,False,4.622173419502817
23549,DNPEP,True,False,7.136950761872023,DNPEP,True,False,2.8828492868286824
23552,CDK20,True,False,5.802994278596183,CDK20,True,False,4.6387819944099915
23553,HYAL4,True,False,7.2567879718191515,HYAL4,True,False,2.725720120770495
23556,PIGN,True,False,11.09710683352248,PIGN,True,False,2.756407484024178
23563,CHST5,True,False,8.362684259378842,CHST5,True,False,3.1422771943480425
23564,DDAH2,True,False,7.716592349378418,DDAH2,True,False,2.3858642373162056
23566,LPAR3,True,False,5.520947979219662,LPAR3,True,False,4.672890450078912
23569,PADI4,True,False,6.319771335305626,PADI4,True,False,3.1631276561262727
23581,CASP14,True,False,5.917878042590274,CASP14,True,False,3.313753526605392
23583,SMUG1,True,False,7.951354848404432,SMUG1,True,False,2.6675599401857886
23590,PDSS1,True,False,6.6606191828966255,PDSS1,True,False,2.786047689047511
23596,OPN3,True,False,7.491692787189298,OPN3,True,False,3.324395242656808
23597,ACOT9,True,False,5.887273873865979,ACOT9,True,False,2.2944359325576964
23598,PATZ1,True,False,9.128200192476648,PATZ1,True,False,2.770987302144902
23600,AMACR,True,False,6.484926813643186,AMACR,True,False,3.1818582780502846
23604,DAPK2,True,False,6.132656047589353,DAPK2,True,False,3.8089399344689667
23609,MKRN2,True,False,6.300648446343148,MKRN2,True,False,3.1158654695333077
23617,TSSK2,True,False,8.418257682380418,TSSK2,True,False,2.7560718353679206
23624,CBLC,True,False,6.528710589698562,CBLC,True,False,2.9114217400673015
23626,SPO11,True,False,6.581237675344306,SPO11,True,False,3.420567424953479
23632,CA14,True,False,8.6400054985839,CA14,True,False,2.5847431694340477
23633,KPNA6,True,False,10.415571320896987,KPNA6,True,False,3.180069772147861
23635,SSBP2,True,False,6.25004768615295,SSBP2,True,False,6.174373702204266
23646,PLD3,True,False,8.05551239846363,PLD3,True,False,6.53974821591777
23648,SSBP3,True,False,7.671171713284166,SSBP3,True,False,5.719659419619112
23649,POLA2,True,False,7.555202686851943,POLA2,True,False,9.108032816898806
23650,TRIM29,True,False,7.858787425080433,TRIM29,True,False,2.7072469881135937
23657,SLC7A11,True,False,7.222704836649605,SLC7A11,True,False,3.48855646831971
23659,PLA2G15,True,False,7.116251037514207,PLA2G15,True,False,3.003297910477363
23660,ZKSCAN5,True,False,7.132585097531757,ZKSCAN5,True,False,2.9775994617299517
23678,SGK3,True,False,7.122429911073195,SGK3,True,False,3.598190650164547
23683,PRKD3,True,False,5.737935070580986,PRKD3,True,False,3.0041783561770847
23704,KCNE4,True,False,6.60796471417256,KCNE4,True,False,3.0994198450158454
23708,GSPT2,True,False,9.32786808105195,GSPT2,True,False,3.1176267333497636
23729,SHPK,True,False,6.730239330176938,SHPK,True,False,4.606088446326016
23741,EID1,True,False,6.416656382997866,EID1,True,False,4.283573237452715
23743,BHMT2,True,False,6.504865169585375,BHMT2,True,False,2.9434214058568426
23746,AIPL1,True,False,6.432249173592441,AIPL1,True,False,2.7260468580371686
23759,PPIL2,True,False,6.533591527483656,PPIL2,True,False,4.830342614346317
23761,PISD,True,False,8.578220132406823,PISD,True,False,2.477495505385551
23764,MAFF,True,False,7.312797666383704,MAFF,True,False,3.2868357050894383
23779,ARHGAP8,True,False,118.26801088601175,ARHGAP8,True,False,2.622564752608899
23786,BCL2L13,True,False,9.881524368138262,BCL2L13,True,False,2.5651034329701186
24140,FTSJ1,True,False,6.299116005231764,FTSJ1,True,False,2.6061878049924005
24145,PANX1,True,False,9.374955484585564,PANX1,True,False,1.8788586663744953
25778,DSTYK,True,False,6.451426541072277,DSTYK,True,False,2.8591113147198803
25788,RAD54B,True,False,6.5283850396095815,RAD54B,True,False,3.092373731208418
25793,FBXO7,True,False,6.632892678723927,FBXO7,True,False,3.1371266734516894
25796,PGLS,True,False,7.322410218652212,PGLS,True,False,3.23314116308298
25797,QPCT,True,False,7.031691092807966,QPCT,True,False,2.259425152035213
25803,SPDEF,True,False,9.106297956031206,SPDEF,True,False,2.475843058458609
25806,VAX2,True,False,8.561831606310166,VAX2,True,False,2.4127632692265215
25809,TTLL1,True,False,8.408180876178024,TTLL1,True,False,3.6671855336025616
25816,TNFAIP8,True,False,7.609967792107858,TNFAIP8,True,False,3.197645392192718
25818,KLK5,True,False,7.874651342546512,KLK5,True,False,2.999220959278465
25819,NOCT,True,False,6.390971984991336,NOCT,True,False,3.516120964977062
25820,ARIH1,True,False,9.839250109164869,ARIH1,True,False,7.430275496902436
25821,MTO1,True,False,7.439316659470707,MTO1,True,False,3.4498080362036427
25824,PRDX5,True,False,7.1148894606330115,PRDX5,True,False,3.7173987198181675
25828,TXN2,True,False,6.6967608997775345,TXN2,True,False,3.418053721716223
25830,SULT4A1,True,False,10.792213756620294,SULT4A1,True,False,2.757294606951958
25834,MGAT4C,True,False,5.897059493173968,MGAT4C,True,False,2.6348000267125697
25837,RAB26,True,False,6.17345050659856,RAB26,True,False,3.1286689365818745
25839,COG4,True,False,7.036190421868828,COG4,True,False,5.644818025193721
25842,ASF1A,True,False,6.598491995488274,ASF1A,True,False,2.7623816697126733
25850,ZNF345,True,False,8.146550638050767,ZNF345,True,False,2.93391029484896
25862,USP49,True,False,5.800804539279637,USP49,True,False,2.7401452892700178
25864,ABHD14A,True,False,7.139695855575424,ABHD14A,True,False,2.404594178806986
25865,PRKD2,True,False,11.140587601905509,PRKD2,True,False,3.7344842518022854
25897,RNF19A,True,False,6.930496369922111,RNF19A,True,False,3.433822497223833
25898,RCHY1,True,False,7.117409458491905,RCHY1,True,False,3.3304870687937567
25902,MTHFD1L,True,False,6.762316668756767,MTHFD1L,True,False,2.5805959059501435
25913,POT1,True,False,6.149528198672065,POT1,True,False,2.6743089717301385
25930,PTPN23,True,False,6.194777001808628,PTPN23,True,False,3.5573400553051706
25932,CLIC4,True,False,7.977936176950945,CLIC4,True,False,3.6743926361093404
25937,WWTR1,True,False,12.49331361599284,WWTR1,True,False,4.080724498260071
25939,SAMHD1,True,False,7.312883800035385,SAMHD1,True,False,3.0670243688724885
25942,SIN3A,True,False,6.346228007633211,SIN3A,True,False,9.269382129339933
25945,NECTIN3,True,False,6.496035750149909,NECTIN3,True,False,2.964004509628782
25953,PNKD,True,False,8.619513554258152,PNKD,True,False,3.0691211671040417
25961,NUDT13,True,False,6.104041514613769,NUDT13,True,False,2.967053828324
25988,HINFP,True,False,7.139945095123303,HINFP,True,False,10.408963184763852
25989,ULK3,True,False,6.460771520747671,ULK3,True,False,2.601761223097016
26001,RNF167,True,False,8.017390937696996,RNF167,True,False,3.8985042441246827
26002,MOXD1,True,False,5.917924576043923,MOXD1,True,False,2.7409064019809675
26007,TKFC,True,False,6.348363638580226,TKFC,True,False,3.2533542934025683
26027,ACOT11,True,False,6.992341876298569,ACOT11,True,False,2.9316307072329
26039,SS18L1,True,False,14.708705999375221,SS18L1,True,False,2.924700120166226
26046,LTN1,True,False,6.548759524081948,LTN1,True,False,4.966917585087189
26051,PPP1R16B,True,False,17.432528238821018,PPP1R16B,True,False,2.999060507815537
26052,DNM3,True,False,5.870608854678368,DNM3,True,False,3.7030973224559345
26054,SENP6,True,False,7.545491756684471,SENP6,True,False,7.551181943474441
26061,HACL1,True,False,5.859609305515486,HACL1,True,False,2.397779228771214
26063,DECR2,True,False,6.051506559575479,DECR2,True,False,2.5951480804771148
26064,RAI14,True,False,6.8513039793180965,RAI14,True,False,3.338785351153007
26085,KLK13,True,False,6.848496999617319,KLK13,True,False,3.225714337825629
26090,ABHD12,True,False,8.877830242171557,ABHD12,True,False,2.5237880481718276
26091,HERC4,True,False,7.745764923701918,HERC4,True,False,3.168528888587505
26119,LDLRAP1,True,False,7.996026250093404,LDLRAP1,True,False,3.516783669802817
26133,TRPC4AP,True,False,7.921749528854427,TRPC4AP,True,False,2.12741998859915
26137,ZBTB20,True,False,9.498542933222566,ZBTB20,True,False,3.8146980858564166
26140,TTLL3,True,False,8.207332354745382,TTLL3,True,False,3.0284711695089577
26145,IRF2BP1,True,False,7.316775401981792,IRF2BP1,True,False,2.4776064428867177
26147,PHF19,True,False,6.3409722068282734,PHF19,True,False,2.6129549035674957
26153,KIF26A,True,False,5.438146508355983,KIF26A,True,False,3.2115417506467083
26190,FBXW2,True,False,6.46945413680324,FBXW2,True,False,2.9525281702285833
26224,FBXL3,True,False,5.5835615286489615,FBXL3,True,False,3.109929897177013
26232,FBXO2,True,False,6.372580697116848,FBXO2,True,False,3.0152286707119655
26234,FBXL5,True,False,6.404174120420531,FBXL5,True,False,2.9042588616694522
26235,FBXL4,True,False,5.386107514853646,FBXL4,True,False,3.0557472037518822
26260,FBXO25,True,False,7.959567566634309,FBXO25,True,False,3.3051455212257883
26261,FBXO24,True,False,7.60323763091168,FBXO24,True,False,3.158177041650952
26262,TSPAN17,True,False,7.8921039088755665,TSPAN17,True,False,3.220560392346726
26263,FBXO22,True,False,6.9483609604618595,FBXO22,True,False,3.1740932853604695
26266,SLC13A4,True,False,7.043687092887316,SLC13A4,True,False,2.85116337482922
26268,FBXO9,True,False,5.818655970791666,FBXO9,True,False,4.456439114254294
26269,FBXO8,True,False,5.981048294103759,FBXO8,True,False,3.240873851347289
26270,FBXO6,True,False,8.42806915854228,FBXO6,True,False,2.9728406442718587
26271,FBXO5,True,False,11.204595833956862,FBXO5,True,False,29.864775033759745
26272,FBXO4,True,False,6.64355341927848,FBXO4,True,False,3.26237222025997
26273,FBXO3,True,False,6.268830230924719,FBXO3,True,False,2.9410906065270375
26275,HIBCH,True,False,7.0424874897755405,HIBCH,True,False,2.6560915048968616
26279,PLA2G2D,True,False,7.564732099431753,PLA2G2D,True,False,2.9489397800421546
26284,ERAL1,True,False,7.688183937233137,ERAL1,True,False,3.2170748675742424
26286,ARFGAP3,True,False,7.228241569785057,ARFGAP3,True,False,2.31417374073405
26287,ANKRD2,True,False,7.288872791472765,ANKRD2,True,False,2.6058787557802234
26292,MYCBP,True,False,6.680102731229274,MYCBP,True,False,2.668052041263773
26298,EHF,True,False,12.014413424123799,EHF,True,False,2.9892224896033044
26301,GBGT1,True,False,5.648252128586414,GBGT1,True,False,2.7670585177094016
26353,HSPB8,True,False,6.870175304880345,HSPB8,True,False,3.573161102374132
26468,LHX6,True,False,7.272850807224571,LHX6,True,False,2.4750244641892993
26469,PTPN18,True,False,6.197854278229847,PTPN18,True,False,2.9873929890486957
26470,SEZ6L2,True,False,6.245937028452068,SEZ6L2,True,False,2.960914312467087
26471,NUPR1,True,False,6.426842371318734,NUPR1,True,False,8.346141001803801
26502,NARF,True,False,6.371608685161815,NARF,True,False,2.9618940382239636
26508,HEYL,True,False,7.463624331523409,HEYL,True,False,2.936566589689619
26512,INTS6,True,False,5.673296615810507,INTS6,True,False,4.8186031961212565
26523,AGO1,True,False,6.793124092266157,AGO1,True,False,3.324117342541823
26524,LATS2,True,False,6.137479119374877,LATS2,True,False,3.306176667824014
26525,IL36RN,True,False,8.535678891349933,IL36RN,True,False,2.8799510079614365
26574,AATF,True,False,6.218835562971575,AATF,True,False,5.100229163975362
26575,RGS17,True,False,8.036014812732615,RGS17,True,False,2.536496774309288
26576,SRPK3,True,False,7.371411776423424,SRPK3,True,False,3.1396282600038083
26750,RPS6KC1,True,False,5.344664416369039,RPS6KC1,True,False,3.0850232496595082
26762,HAVCR1,True,False,6.581010668647469,HAVCR1,True,False,6.461089071231175
26959,HBP1,True,False,6.864053831638023,HBP1,True,False,5.524788802395207
26994,RNF11,True,False,8.665078296401731,RNF11,True,False,3.0541165417288303
26996,GPR160,True,False,7.6240612253757645,GPR160,True,False,2.693573906484802
27010,TPK1,True,False,7.366657923237963,TPK1,True,False,3.1643050168485574
27020,NPTN,True,False,9.850887431768104,NPTN,True,False,2.5442716048556346
27023,FOXB1,True,False,16.36462170281346,FOXB1,True,False,3.090438993492933
27030,MLH3,True,False,5.815214790603339,MLH3,True,False,2.5707098911822537
27033,ZBTB32,True,False,6.611894396879839,ZBTB32,True,False,3.7478920807486547
27039,PKD2L2,True,False,6.721492321716727,PKD2L2,True,False,2.6463773350254787
27063,ANKRD1,True,False,8.437563339238926,ANKRD1,True,False,2.701940980853369
27068,PPA2,True,False,6.7244804998086956,PPA2,True,False,2.918565588054004
27072,VPS41,True,False,6.5196673366335425,VPS41,True,False,3.643318012022033
27079,RPUSD2,True,False,8.013880961831045,RPUSD2,True,False,2.7570486556392995
27086,FOXP1,True,False,7.285755829097454,FOXP1,True,False,2.8953850489652506
27090,ST6GALNAC4,True,False,10.492907894947262,ST6GALNAC4,True,False,2.710913198219659
27091,CACNG5,True,False,6.929053250229995,CACNG5,True,False,3.336509966668574
27092,CACNG4,True,False,5.7881973528321735,CACNG4,True,False,2.4888471597648887
27097,TAF5L,True,False,6.215415349889188,TAF5L,True,False,5.463442222567224
27102,EIF2AK1,True,False,9.554180480625353,EIF2AK1,True,False,3.1628957381931397
27124,INPP5J,True,False,8.172696798805296,INPP5J,True,False,2.6088664372682837
27125,AFF4,True,False,6.965132336248403,AFF4,True,False,3.47273413628756
27127,SMC1B,True,False,8.428968213110311,SMC1B,True,False,2.7894609272366298
27132,CPNE7,True,False,5.816551466060014,CPNE7,True,False,2.934458196714764
27136,MORC1,True,False,9.170205764975591,MORC1,True,False,3.4906795070078176
27143,PALD1,True,False,6.522689942684693,PALD1,True,False,2.3232072636521712
27148,STK36,True,False,6.562366788146414,STK36,True,False,2.659687064507486
27154,BRPF3,True,False,6.596350684851827,BRPF3,True,False,2.886596963918996
27158,NDOR1,True,False,6.886094143969351,NDOR1,True,False,3.0782944931399925
27159,CHIA,True,False,6.7647600745647996,CHIA,True,False,2.635469872018102
27161,AGO2,True,False,7.390472527355878,AGO2,True,False,2.9011789769628433
27163,NAAA,True,False,6.690092601010643,NAAA,True,False,1.8693187205057178
27173,SLC39A1,True,False,6.7303734839173925,SLC39A1,True,False,4.957024684720095
27177,IL36B,True,False,5.806886679101541,IL36B,True,False,2.726952060722476
27179,IL36A,True,False,5.83993925565029,IL36A,True,False,2.997951133843817
27198,HCAR1,True,False,10.669768773304256,HCAR1,True,False,3.155681074971679
27199,OXGR1,True,False,9.00064621752789,OXGR1,True,False,2.315461658691757
27231,NMRK2,True,False,7.261531027018899,NMRK2,True,False,2.347775369864923
27232,GNMT,True,False,6.565831729581026,GNMT,True,False,2.5212968948073136
27233,SULT1C4,True,False,9.407471731383122,SULT1C4,True,False,3.062184734250009
27239,GPR162,True,False,7.7233755078000765,GPR162,True,False,2.692702822432037
27246,RNF115,True,False,6.415676736653511,RNF115,True,False,2.985363904321374
27283,TINAG,True,False,7.203890040083781,TINAG,True,False,2.237081098320183
27284,SULT1B1,True,False,7.469244857199371,SULT1B1,True,False,3.046849033946911
27287,VENTX,True,False,9.623029140181199,VENTX,True,False,3.0588866033598396
27289,RND1,True,False,7.25828989829659,RND1,True,False,3.7299488398937135
27292,DIMT1,True,False,7.113451549261597,DIMT1,True,False,5.180302074191719
27293,SMPDL3B,True,False,5.904569070578856,SMPDL3B,True,False,4.171806056182122
27294,DHDH,True,False,5.773185744475846,DHDH,True,False,3.1887990762212985
27301,APEX2,True,False,8.15608212175056,APEX2,True,False,2.7766034693792423
27304,MOCS3,True,False,6.191127635810769,MOCS3,True,False,2.9553891488942674
27314,RAB30,True,False,9.245077764138724,RAB30,True,False,2.7137349009915455
27329,ANGPTL3,True,False,6.101796552557908,ANGPTL3,True,False,2.364077476309224
27330,RPS6KA6,True,False,11.558032700678389,RPS6KA6,True,False,2.6212122161999365
27334,P2RY10,True,False,5.969264982458859,P2RY10,True,False,2.938988057662212
27335,EIF3K,True,False,6.125589514467235,EIF3K,True,False,3.7402080567640192
27336,HTATSF1,True,False,6.231346759284368,HTATSF1,True,False,4.185636516181351
27338,UBE2S,True,False,7.556541203205357,UBE2S,True,False,4.426729101029484
27339,PRPF19,True,False,6.301152919283057,PRPF19,True,False,6.8513975351656295
27342,RABGEF1,True,False,7.64885252564537,RABGEF1,True,False,3.0260377903500952
27343,POLL,True,False,13.648169475628993,POLL,True,False,2.4494763399840425
27349,MCAT,True,False,15.657556476058197,MCAT,True,False,3.243640635247337
27350,APOBEC3C,True,False,8.18990430455594,APOBEC3C,True,False,3.021774130642806
27429,HTRA2,True,False,6.349607223975562,HTRA2,True,False,3.45143740108521
27430,MAT2B,True,False,6.287154696547564,MAT2B,True,False,3.383699660086253
28231,SLCO4A1,True,False,6.865294558813205,SLCO4A1,True,False,2.6911514398496363
28232,SLCO3A1,True,False,5.968024674670812,SLCO3A1,True,False,2.3409985096736707
28511,NKIRAS2,True,False,7.092190115349196,NKIRAS2,True,False,3.195859046322356
28951,TRIB2,True,False,5.770646033863404,TRIB2,True,False,4.436354672467445
28954,REM1,True,False,6.252837400621559,REM1,True,False,2.681790132633261
28960,DCPS,True,False,12.259861219104069,DCPS,True,False,3.969279527788176
28962,OSTM1,True,False,7.223226140394158,OSTM1,True,False,2.575837499446527
28965,SLC27A6,True,False,6.689538351543783,SLC27A6,True,False,3.2344792585579967
28969,BZW2,True,False,6.434633301236197,BZW2,True,False,2.7476762719134284
28976,ACAD9,True,False,7.960434185216821,ACAD9,True,False,3.1665463900854123
28983,TMPRSS11E,True,False,10.39959489127088,TMPRSS11E,True,False,2.633411727822158
28996,HIPK2,True,False,6.874291490735841,HIPK2,True,False,2.2825995904578145
28999,KLF15,True,False,36.2753808227329,KLF15,True,False,3.6559029901522
29028,ATAD2,True,False,5.854068806269494,ATAD2,True,False,3.2360235333329035
29074,MRPL18,True,False,6.032129773792779,MRPL18,True,False,3.4937258474670654
29079,MED4,True,False,6.222390040068737,MED4,True,False,5.674330705659356
29085,PHPT1,True,False,7.087223387973021,PHPT1,True,False,3.4074029359779328
29089,UBE2T,True,False,7.959123888479046,UBE2T,True,False,5.402754012240244
29107,NXT1,True,False,6.438086771980956,NXT1,True,False,3.3510526983437483
29110,TBK1,True,False,6.668839635236143,TBK1,True,False,3.511480516961331
29115,SAP30BP,True,False,6.08679899379945,SAP30BP,True,False,5.55134898460297
29121,CLEC2D,True,False,7.721275166662901,CLEC2D,True,False,2.7449259032008455
29122,PRSS50,True,False,12.889850556304552,PRSS50,True,False,2.8287787607366113
29124,LGALS13,True,False,6.707503545485892,LGALS13,True,False,2.6075573445790794
29761,USP25,True,False,7.26806049738538,USP25,True,False,2.9672093332306697
29763,PACSIN3,True,False,10.386555043913747,PACSIN3,True,False,3.1571847543338816
29777,ABT1,True,False,6.910025467847264,ABT1,True,False,6.4739077374953835
29785,CYP2S1,True,False,8.16839889601139,CYP2S1,True,False,2.9871319438822352
29841,GRHL1,True,False,7.856613576237216,GRHL1,True,False,2.399369891232067
29843,SENP1,True,False,6.957098685829076,SENP1,True,False,2.827596540375938
29880,ALG5,True,False,14.075569613776066,ALG5,True,False,3.1984010273099006
29883,CNOT7,True,False,7.992400084535045,CNOT7,True,False,3.0472202000203246
29889,GNL2,True,False,7.569726538814006,GNL2,True,False,9.82947813259502
29904,EEF2K,True,False,6.685002292141184,EEF2K,True,False,3.0495516719009235
29906,ST8SIA5,True,False,10.144985089679372,ST8SIA5,True,False,2.7372998952003393
29909,GPR171,True,False,7.063009952939939,GPR171,True,False,3.208866145680909
29915,HCFC2,True,False,6.3683486936390965,HCFC2,True,False,4.236047350444534
29920,PYCR2,True,False,9.056641186746399,PYCR2,True,False,2.9686497146305695
29922,NME7,True,False,6.321938909248167,NME7,True,False,3.1306149325031476
29925,GMPPB,True,False,6.732783073774658,GMPPB,True,False,2.763849290116045
29926,GMPPA,True,False,7.073852814826707,GMPPA,True,False,3.469060926268809
29943,PADI1,True,False,5.82225426590161,PADI1,True,False,3.093795747435631
29946,SERTAD3,True,False,6.984130159667529,SERTAD3,True,False,3.85764703121413
29950,SERTAD1,True,False,8.17345439458323,SERTAD1,True,False,3.140086551128337
29952,DPP7,True,False,8.1311795452689,DPP7,True,False,2.5009881997027663
29953,TRHDE,True,False,7.3252264332667725,TRHDE,True,False,3.2721639344681583
29954,POMT2,True,False,6.256028772086199,POMT2,True,False,2.8681684541848274
29956,CERS2,True,False,6.5756166794277675,CERS2,True,False,5.280886140999705
29959,NRBP1,True,False,11.752229372798306,NRBP1,True,False,4.943284086349611
29960,MRM2,True,False,14.608267536844645,MRM2,True,False,2.8922428199207055
29964,PRICKLE4,True,False,6.767024079161484,PRICKLE4,True,False,3.522959334902146
29968,PSAT1,True,False,5.499865179133252,PSAT1,True,False,3.6021202642019836
29982,NRBF2,True,False,7.602917991445858,NRBF2,True,False,2.832056807932201
29984,RHOD,True,False,6.573149490043674,RHOD,True,False,2.7469985290328705
29985,SLC39A3,True,False,7.069026754497074,SLC39A3,True,False,3.3009730786685236
29986,SLC39A2,True,False,7.60349519395893,SLC39A2,True,False,2.7457950931752215
29993,PACSIN1,True,False,8.827648573424014,PACSIN1,True,False,2.9465829743023644
29994,BAZ2B,True,False,5.868335447866654,BAZ2B,True,False,2.6365503961045778
30000,TNPO2,True,False,8.428234215525858,TNPO2,True,False,3.29027482817161
30001,ERO1A,True,False,8.663804905827844,ERO1A,True,False,2.8330106728078306
30012,TLX3,True,False,6.045097166676553,TLX3,True,False,2.5213633332914624
30061,SLC40A1,True,False,9.522975265657818,SLC40A1,True,False,2.570493314796102
30813,VSX1,True,False,8.178129483338418,VSX1,True,False,2.6864127177705366
30815,ST6GALNAC6,True,False,7.998133406529538,ST6GALNAC6,True,False,2.5695118233940213
30819,KCNIP2,True,False,9.852653345813605,KCNIP2,True,False,2.7001738530203294
30820,KCNIP1,True,False,6.64514752989365,KCNIP1,True,False,2.7791147457865186
30827,CXXC1,True,False,7.99980939242264,CXXC1,True,False,4.507492755306917
30832,ZNF354C,True,False,6.477968456285131,ZNF354C,True,False,3.4166007279830226
30833,NT5C,True,False,6.392879920985225,NT5C,True,False,3.3308611915494044
30834,ZNRD1,True,False,7.14126975805924,ZNRD1,True,False,4.460601078997184
30844,EHD4,True,False,7.486539762354877,EHD4,True,False,4.1479323863323705
30849,PIK3R4,True,False,9.821776149863899,PIK3R4,True,False,8.067043663123735
30851,TAX1BP3,True,False,5.643749933332136,TAX1BP3,True,False,6.390126516632057
43849,KLK12,True,False,9.127174254263998,KLK12,True,False,3.0296398679826804
49854,ZBTB21,True,False,6.639336528892544,ZBTB21,True,False,2.619188857880815
50484,RRM2B,True,False,7.687290770437938,RRM2B,True,False,2.853641476778993
50485,SMARCAL1,True,False,7.061646574578829,SMARCAL1,True,False,3.541147713398217
50488,MINK1,True,False,6.471335047804227,MINK1,True,False,3.061871376981566
50507,NOX4,True,False,8.43033321749332,NOX4,True,False,3.240462534921481
50515,CHST11,True,False,11.862931925707414,CHST11,True,False,2.3778328392028416
50614,GALNT9,True,False,7.336106044547782,GALNT9,True,False,3.333684970368607
50615,IL21R,True,False,6.524443924903292,IL21R,True,False,2.011661707446799
50617,ATP6V0A4,True,False,7.6069799485373295,ATP6V0A4,True,False,3.294688189851616
50640,PNPLA8,True,False,6.187449344831217,PNPLA8,True,False,2.8062475182390307
50674,NEUROG3,True,False,14.577067004706498,NEUROG3,True,False,2.5360172783642
50801,KCNK4,True,False,7.123836642636398,KCNK4,True,False,3.4036735839700856
50805,IRX4,True,False,13.789426380586397,IRX4,True,False,3.853870146817698
50808,AK3,True,False,6.408285645418361,AK3,True,False,2.727812851625786
50814,NSDHL,True,False,7.131073783119429,NSDHL,True,False,3.5001997464775014
50840,TAS2R14,True,False,6.081507689209689,TAS2R14,True,False,2.5792215091328776
50846,DHH,True,False,6.810069019284146,DHH,True,False,2.5328846809546692
50848,F11R,True,False,7.199875000890996,F11R,True,False,3.2872299159704
50862,RNF141,True,False,5.993538670720606,RNF141,True,False,2.412815132590007
50943,FOXP3,True,False,10.758974425712816,FOXP3,True,False,2.592539283153737
50945,TBX22,True,False,8.324856406880388,TBX22,True,False,2.6363539860820167
50964,SOST,True,False,11.4192750954717,SOST,True,False,3.0420258926139807
51004,COQ6,True,False,8.63451189677888,COQ6,True,False,4.025484860888711
51011,FAHD2A,True,False,6.984240534685487,FAHD2A,True,False,3.5445309400741944
51015,ISOC1,True,False,7.196625978571741,ISOC1,True,False,3.1154714041838947
51031,GLOD4,True,False,6.729929808143405,GLOD4,True,False,2.867305808384737
51032,CELA2B,True,False,7.656085348631858,CELA2B,True,False,2.683703330886263
51043,ZBTB7B,True,False,7.876708202478351,ZBTB7B,True,False,3.9110404151616005
51046,ST8SIA3,True,False,11.423098321125266,ST8SIA3,True,False,2.43524669131228
51056,LAP3,True,False,6.816471312124172,LAP3,True,False,2.742384568693234
51060,TXNDC12,True,False,8.036761366958185,TXNDC12,True,False,2.633551422646321
51061,TXNDC11,True,False,8.280985713744801,TXNDC11,True,False,2.9000573141078236
51062,ATL1,True,False,7.743900949444942,ATL1,True,False,2.899119940728954
51070,NOSIP,True,False,6.659191806130696,NOSIP,True,False,4.071796321431648
51075,TMX2,True,False,8.32618001384937,TMX2,True,False,5.012385229882175
51086,TNNI3K,True,False,5.834553517298815,TNNI3K,True,False,2.2587420163997343
51087,YBX2,True,False,6.486021345910876,YBX2,True,False,2.9489852330451805
51095,TRNT1,True,False,7.084357495245015,TRNT1,True,False,2.80823890366101
51099,ABHD5,True,False,5.796651003640593,ABHD5,True,False,3.1676219886881913
51102,MECR,True,False,6.616342459840746,MECR,True,False,2.9252805175599255
51104,ABHD17B,True,False,7.51334541908633,ABHD17B,True,False,2.346739823659423
51105,PHF20L1,True,False,9.503812307657247,PHF20L1,True,False,3.058296784120857
51109,RDH11,True,False,6.9149817479157605,RDH11,True,False,2.5287501203197036
51111,KMT5B,True,False,7.529772960034631,KMT5B,True,False,3.413262021554503
51126,NAA20,True,False,6.642208884845648,NAA20,True,False,3.9854865161132738
51127,TRIM17,True,False,7.957566200996864,TRIM17,True,False,3.232812261858329
51130,ASB3,True,False,9.771807116899861,ASB3,True,False,2.212016620666652
51131,PHF11,True,False,6.726039921600454,PHF11,True,False,2.6977534934843366
51132,RLIM,True,False,5.506988216522429,RLIM,True,False,3.3687939887239278
51135,IRAK4,True,False,4.775298922729558,IRAK4,True,False,4.414335149490301
51136,RNFT1,True,False,6.213014860433316,RNFT1,True,False,3.4178882810376097
51143,DYNC1LI1,True,False,5.681519863217588,DYNC1LI1,True,False,3.5023592012840954
51144,HSD17B12,True,False,6.803329772495909,HSD17B12,True,False,4.580582907197281
51146,A4GNT,True,False,33.89357967438318,A4GNT,True,False,2.6189476528180493
51147,ING4,True,False,7.286792488066992,ING4,True,False,3.502877178251674
51148,CERCAM,True,False,6.589354335704008,CERCAM,True,False,2.7613201052832475
51156,SERPINA10,True,False,9.348270445871712,SERPINA10,True,False,2.6706620682308886
51157,ZNF580,True,False,6.707733162474426,ZNF580,True,False,3.6245613328716715
51163,DBR1,True,False,7.611227525469458,DBR1,True,False,4.838125073159108
51166,AADAT,True,False,7.87127156428963,AADAT,True,False,2.8213807332810443
51167,CYB5R4,True,False,7.2635858991032975,CYB5R4,True,False,2.7938012972889896
51170,HSD17B11,True,False,6.504546904121725,HSD17B11,True,False,2.3936528733649345
51171,HSD17B14,True,False,5.971817517804961,HSD17B14,True,False,2.972559805896228
51172,NAGPA,True,False,12.22410881812763,NAGPA,True,False,2.9071610693189136
51174,TUBD1,True,False,5.881382948609862,TUBD1,True,False,2.4108733281065633
51175,TUBE1,True,False,6.375710186200078,TUBE1,True,False,2.8511868209980884
51176,LEF1,True,False,7.8589647870630674,LEF1,True,False,2.1619148297296653
51179,HAO2,True,False,6.502806565595852,HAO2,True,False,3.0043364393746566
51181,DCXR,True,False,8.5328673032264,DCXR,True,False,3.1717115251504144
51182,HSPA14,True,False,7.089967768206906,HSPA14,True,False,3.405610268018323
51200,CPA4,True,False,7.243156714200178,CPA4,True,False,6.6727450315799075
51202,DDX47,True,False,6.713198889322382,DDX47,True,False,6.37410193946384
51205,ACP6,True,False,8.100633078951828,ACP6,True,False,3.2937916319188574
51206,GP6,True,False,11.342219282840798,GP6,True,False,2.9026566264293265
51209,RAB9B,True,False,6.621181310241562,RAB9B,True,False,2.268765046973389
51222,ZNF219,True,False,6.017867299289596,ZNF219,True,False,3.143169872268169
51224,ELOA2,True,False,7.258622052426362,TCEB3B,True,False,2.875903635511825
51230,PHF20,True,False,5.814556206752399,PHF20,True,False,2.2692390248425043
51231,VRK3,True,False,5.472620491781158,VRK3,True,False,3.623583643563417
51251,NT5C3A,True,False,6.360119412604136,NT5C3A,True,False,2.864834496748218
51257,MARCHF2,True,False,7.026217243019073,MARCH2,True,False,2.8781079272785797
51265,CDKL3,True,False,6.028549078381156,CDKL3,True,False,2.9246984958314624
51266,CLEC1B,True,False,7.646291838926072,CLEC1B,True,False,2.063909008786862
51267,CLEC1A,True,False,17.361489487887336,CLEC1A,True,False,2.6085819966217905
51268,PIPOX,True,False,7.2667758420172035,PIPOX,True,False,3.559882549617202
51270,TFDP3,True,False,6.573986278078976,TFDP3,True,False,5.3887270524026585
51274,KLF3,True,False,59.38059363655337,KLF3,True,False,2.8507002786544975
51277,DNAJC27,True,False,8.700061609111376,DNAJC27,True,False,2.967187960457127
51282,SCAND1,True,False,6.831119867479382,SCAND1,True,False,2.602069914968867
51283,BFAR,True,False,6.676452030819537,BFAR,True,False,2.9615538178496443
51285,RASL12,True,False,6.845516393705396,RASL12,True,False,2.4948503257695873
51291,GMIP,True,False,21.33279332852409,GMIP,True,False,3.103772248729339
51292,GMPR2,True,False,8.297446015059851,GMPR2,True,False,2.775288811370968
51295,ECSIT,True,False,10.234063862299285,ECSIT,True,False,3.0779216000126906
51302,CYP39A1,True,False,6.805674495799012,CYP39A1,True,False,2.410585400767641
51303,FKBP11,True,False,8.052594524501346,FKBP11,True,False,3.116156722525721
51305,KCNK9,True,False,5.957310343738001,KCNK9,True,False,2.686785773460626
51310,SLC22A17,True,False,6.846706771526644,SLC22A17,True,False,2.9722005060373937
51312,SLC25A37,True,False,7.06371462766473,SLC25A37,True,False,3.113621427113359
51314,NME8,True,False,5.345961198678591,NME8,True,False,1.7441004814428807
51317,PHF21A,True,False,6.873845826284811,PHF21A,True,False,2.856228484191451
51321,AMZ2,True,False,6.073185287721104,AMZ2,True,False,3.228345507606285
51347,TAOK3,True,False,11.255573229976237,TAOK3,True,False,3.038099393399519
51348,KLRF1,True,False,6.418896577249149,KLRF1,True,False,2.4744898914087847
51360,MBTPS2,True,False,9.603399593223683,MBTPS2,True,False,2.600893020010014
51363,CHST15,True,False,6.692850456377499,CHST15,True,False,2.843896907778103
51365,PLA1A,True,False,6.172905410051437,PLA1A,True,False,2.4676218973088058
51371,POMP,True,False,7.307859081195703,POMP,True,False,8.7988372639841
51377,UCHL5,True,False,7.068749826382211,UCHL5,True,False,3.3207231748634993
51380,CSAD,True,False,6.188177478968647,CSAD,True,False,2.7931526179062223
51382,ATP6V1D,True,False,7.5836453317044406,ATP6V1D,True,False,4.3090984488588076
51400,PPME1,True,False,14.189816148565521,PPME1,True,False,2.493611526554869
51409,HEMK1,True,False,19.77554823292425,HEMK1,True,False,3.114952384609451
51422,PRKAG2,True,False,6.05041326449116,PRKAG2,True,False,2.6139879182429393
51426,POLK,True,False,7.064703596433252,POLK,True,False,2.7690894011732405
51428,DDX41,True,False,11.082616028391108,DDX41,True,False,7.345417338465399
51433,ANAPC5,True,False,6.019523461607812,ANAPC5,True,False,9.494893710266922
51435,SCARA3,True,False,8.608834270285588,SCARA3,True,False,2.397619973629032
51444,RNF138,True,False,5.979207899487786,RNF138,True,False,3.031088070609067
51447,IP6K2,True,False,10.297690296124136,IP6K2,True,False,3.5494399572852906
51449,PCYOX1,True,False,8.188702681169865,PCYOX1,True,False,2.5533122165831452
51451,LCMT1,True,False,7.591923737808743,LCMT1,True,False,2.84748730579036
51454,GULP1,True,False,7.869869549773532,GULP1,True,False,2.8752504485894583
51465,UBE2J1,True,False,7.757341315574259,UBE2J1,True,False,3.963354947725753
51471,NAT8B,True,False,7.258978109440727,NAT8B,True,False,4.413945374600355
51477,ISYNA1,True,False,7.406884035676514,ISYNA1,True,False,5.213330553729066
51478,HSD17B7,True,False,5.841631658407907,HSD17B7,True,False,2.6345875653878936
51506,UFC1,True,False,6.459379113973997,UFC1,True,False,2.3249019476323243
51512,GTSE1,True,False,7.492921811945724,GTSE1,True,False,3.0240089681765077
51513,ETV7,True,False,7.778001596094734,ETV7,True,False,4.3513584446421305
51529,ANAPC11,True,False,5.556734997673985,ANAPC11,True,False,5.846751445789986
51530,ZC3HC1,True,False,7.948713423954402,ZC3HC1,True,False,4.629633789812125
51533,PHF7,True,False,7.711435617805614,PHF7,True,False,3.1386087340843853
51540,SCLY,True,False,6.91024327616384,SCLY,True,False,2.4201317795154056
51547,SIRT7,True,False,7.671899597897088,SIRT7,True,False,2.7186362731344995
51548,SIRT6,True,False,7.665363593719896,SIRT6,True,False,8.083782119200526
51552,RAB14,True,False,7.417862611563038,RAB14,True,False,3.23174550715176
51560,RAB6B,True,False,6.417594617076322,RAB6B,True,False,3.017621118111964
51564,HDAC7,True,False,8.023227625794203,HDAC7,True,False,5.18438931480417
51573,GDE1,True,False,7.600334552505043,GDE1,True,False,8.002551911479742
51582,AZIN1,True,False,9.391938567868676,AZIN1,True,False,4.5551970004382145
51588,PIAS4,True,False,9.516249172863311,PIAS4,True,False,3.0147834917149954
51601,LIPT1,True,False,7.142009907444142,LIPT1,True,False,5.102290703549905
51603,EEF1AKNMT,True,False,7.437629352685856,METTL13,True,False,2.6005788003261348
51606,ATP6V1H,True,False,9.550875278430686,ATP6V1H,True,False,4.153774547468547
51611,DPH5,True,False,6.328235045977272,DPH5,True,False,2.5882762300310223
51616,TAF9B,True,False,6.286741273205654,TAF9B,True,False,5.281840611913379
51633,OTUD6B,True,False,6.300327409051493,OTUD6B,True,False,3.107349900406614
51635,DHRS7,True,False,7.503618859461278,DHRS7,True,False,3.049683561510719
51645,PPIL1,True,False,6.5426735263583495,PPIL1,True,False,3.5793362287787724
51654,CDK5RAP1,True,False,6.150379614142223,CDK5RAP1,True,False,2.420657682522702
51655,RASD1,True,False,8.187267837359219,RASD1,True,False,2.50303691420005
51661,FKBP7,True,False,5.977257442259027,FKBP7,True,False,2.474062786613433
51666,ASB4,True,False,8.461597238089377,ASB4,True,False,1.8548806249463647
51676,ASB2,True,False,8.263213192695044,ASB2,True,False,3.1465051525244823
51684,SUFU,True,False,6.536629618025099,SUFU,True,False,3.1320974823279437
51686,OAZ3,True,False,6.246252697051132,OAZ3,True,False,4.709385693579405
51699,VPS29,True,False,6.545767377270093,VPS29,True,False,4.408384056166046
51700,CYB5R2,True,False,6.560960254731644,CYB5R2,True,False,3.067734110505802
51701,NLK,True,False,10.716651640886639,NLK,True,False,3.2830432388701114
51702,PADI3,True,False,8.223807876633538,PADI3,True,False,2.1343865644520474
51703,ACSL5,True,False,7.241976515314114,ACSL5,True,False,2.5022875054295066
51704,GPRC5B,True,False,16.734065450945828,GPRC5B,True,False,3.7314256486266464
51706,CYB5R1,True,False,8.25725688315205,CYB5R1,True,False,2.8794974342549335
51715,RAB23,True,False,6.1054854603578885,RAB23,True,False,2.825905798854235
51725,FBXO40,True,False,6.947958323242731,FBXO40,True,False,2.6306034954924145
51727,CMPK1,True,False,6.014904332636488,CMPK1,True,False,2.9109696819307116
51728,POLR3K,True,False,6.755847260192096,POLR3K,True,False,3.720455885895648
51733,UPB1,True,False,6.5477742030263295,UPB1,True,False,2.693752770904814
51734,MSRB1,True,False,6.1598995238600835,MSRB1,True,False,3.2668104294892313
51735,RAPGEF6,True,False,7.164400018686831,RAPGEF6,True,False,4.437737077186825
51741,WWOX,True,False,6.383962814449954,WWOX,True,False,3.305391789376814
51744,CD244,True,False,9.193971183161114,CD244,True,False,2.6409672054599174
51752,ERAP1,True,False,6.552604613462299,ERAP1,True,False,2.6196596443449316
51762,RAB8B,True,False,6.437591862237907,RAB8B,True,False,2.525949973950251
51763,INPP5K,True,False,6.8152467340441385,INPP5K,True,False,2.923700165623982
51765,STK26,True,False,7.264077771894555,STK26,True,False,3.0316342666013503
51776,MAP3K20,True,False,7.202603221309351,ZAK,True,False,2.9383091589071557
51804,SIX4,True,False,7.9074883299554175,SIX4,True,False,2.7741701887632075
51805,COQ3,True,False,6.392174776027689,COQ3,True,False,2.426961782156679
51809,GALNT7,True,False,7.09667138196979,GALNT7,True,False,3.140350971428807
51816,ADA2,True,False,6.538443242129642,CECR1,True,False,3.0502082119590397
53343,NUDT9,True,False,6.598353350673092,NUDT9,True,False,2.524203685275622
53354,PANK1,True,False,4.012493526900673,PANK1,True,False,4.009776268765576
53373,TPCN1,True,False,6.90852598540534,TPCN1,True,False,3.7920150735879274
53405,CLIC5,True,False,13.175807723175348,CLIC5,True,False,2.755842190182439
53407,STX18,True,False,7.001171583110936,STX18,True,False,15.70413617150906
53616,ADAM22,True,False,6.895463380383372,ADAM22,True,False,3.2220934325265844
53630,BCO1,True,False,7.096399862128967,BCO1,True,False,3.077595105616435
53632,PRKAG3,True,False,7.887677485597071,PRKAG3,True,False,2.8315321635898383
53637,S1PR5,True,False,5.672617638003703,S1PR5,True,False,3.06599956009144
53822,FXYD7,True,False,5.571197211716795,FXYD7,True,False,3.4240792490002754
53826,FXYD6,True,False,6.698590670092052,FXYD6,True,False,2.8699604964568746
53829,P2RY13,True,False,6.195680281667184,P2RY13,True,False,3.3146262004743545
53831,GPR84,True,False,6.163034956975366,GPR84,True,False,3.7104236278223675
53832,IL20RA,True,False,6.985676173648266,IL20RA,True,False,2.392721230908276
53834,FGFRL1,True,False,9.27734354552102,FGFRL1,True,False,3.112534401314495
53836,GPR87,True,False,7.542883481747194,GPR87,True,False,2.8456778022727485
53919,SLCO1C1,True,False,7.211660165091074,SLCO1C1,True,False,2.6037602102973816
53938,PPIL3,True,False,5.894290847537182,PPIL3,True,False,3.2876183273944366
53944,CSNK1G1,True,False,5.924795690749538,CSNK1G1,True,False,3.1752294974605446
53947,A4GALT,True,False,10.730810711468644,A4GALT,True,False,3.4790677929098197
54014,BRWD1,True,False,6.595510984208781,BRWD1,True,False,3.5372327072491556
54033,RBM11,True,False,7.676820079921166,RBM11,True,False,2.3378121556999094
54107,POLE3,True,False,6.8945854507615945,POLE3,True,False,2.398699416601264
54108,CHRAC1,True,False,6.877668175639882,CHRAC1,True,False,2.7414339726494212
54165,DCUN1D1,True,False,6.72783723181741,DCUN1D1,True,False,3.0712514642449738
54187,NANS,True,False,6.981979009988106,NANS,True,False,2.237013127948303
54205,CYCS,True,False,8.619831431818973,CYCS,True,False,7.826395836620339
54210,TREM1,True,False,9.229882290960354,TREM1,True,False,2.7146864287211474
54328,GPR173,True,False,10.236274689471442,GPR173,True,False,2.7183931294611776
54329,GPR85,True,False,7.207084715033272,GPR85,True,False,2.7161543967142863
54332,GDAP1,True,False,10.851344137676397,GDAP1,True,False,3.8507444090816407
54363,HAO1,True,False,6.076554717067987,HAO1,True,False,3.1102366467577554
54407,SLC38A2,True,False,8.667294647775561,SLC38A2,True,False,4.077688119856074
54413,NLGN3,True,False,6.664602393021764,NLGN3,True,False,2.40949147875764
54431,DNAJC10,True,False,7.203306022279332,DNAJC10,True,False,3.7864404648291883
54434,SSH1,True,False,6.7766673972911855,SSH1,True,False,3.0718394670131164
54438,GFOD1,True,False,6.720748901656451,GFOD1,True,False,2.978348767124409
54455,FBXO42,True,False,8.967999525634118,FBXO42,True,False,3.0621295549160665
54457,TAF7L,True,False,9.79014339387919,TAF7L,True,False,2.866445710382459
54461,FBXW5,True,False,5.916447296920723,FBXW5,True,False,2.6885396775258092
54469,ZFAND6,True,False,9.432929832163774,ZFAND6,True,False,3.1906585054178107
54475,NLE1,True,False,5.932136677952182,NLE1,True,False,5.861814650393684
54476,RNF216,True,False,6.6191668645804205,RNF216,True,False,4.650948142276118
54480,CHPF2,True,False,6.08132403073631,CHPF2,True,False,2.532192114894389
54498,SMOX,True,False,8.207217641682675,SMOX,True,False,3.5190088913792623
54503,ZDHHC13,True,False,6.4323372006081865,ZDHHC13,True,False,2.841156469399006
54504,CPVL,True,False,7.651549206182065,CPVL,True,False,2.710880247939547
54505,DHX29,True,False,6.695835679807153,DHX29,True,False,2.866303316254926
54509,RHOF,True,False,6.090710863041878,RHOF,True,False,3.4244261976080352
54511,HMGCLL1,True,False,6.225667798421294,HMGCLL1,True,False,2.5165765476854607
54512,EXOSC4,True,False,6.1328960068370995,EXOSC4,True,False,5.172939881562738
54516,MTRF1L,True,False,6.7174671507192505,MTRF1L,True,False,3.121757236723232
54532,USP53,True,False,6.954508214340222,USP53,True,False,3.064751655061293
54542,RC3H2,True,False,5.885039858486666,RC3H2,True,False,4.02965815996414
54555,DDX49,True,False,6.934912130981063,DDX49,True,False,4.158451917848916
54556,ING3,True,False,6.402505500408216,ING3,True,False,6.235328665004432
54575,UGT1A10,True,False,6.762543473349982,UGT1A10,True,False,3.1295428047677336
54578,UGT1A6,True,False,7.395989917639237,UGT1A6,True,False,3.034970281986397
54585,LZTFL1,True,False,6.873897673477154,LZTFL1,True,False,2.7307745771213994
54600,UGT1A9,True,False,9.34358442939961,UGT1A9,True,False,3.6259426586665873
54620,FBXL19,True,False,9.131264173719307,FBXL19,True,False,2.6405909323271897
54626,HES2,True,False,6.244219378578626,HES2,True,False,2.8280415739728175
54657,UGT1A4,True,False,10.885952188894647,UGT1A4,True,False,2.7189146985338577
54658,UGT1A1,True,False,7.721581389063869,UGT1A1,True,False,2.8910014883788744
54676,GTPBP2,True,False,6.2109279874586,GTPBP2,True,False,3.544331022580195
54677,CROT,True,False,6.585861754773552,CROT,True,False,3.4821209474319956
54700,RRN3,True,False,11.52045754571634,RRN3,True,False,12.009269925731724
54704,PDP1,True,False,6.6788007035102215,PDP1,True,False,3.1318095055747994
54708,MARCHF5,True,False,14.397773401024484,MARCH5,True,False,3.192719953358671
54716,SLC6A20,True,False,6.254113284832768,SLC6A20,True,False,2.577784989954153
54757,FAM20A,True,False,8.245740246146552,FAM20A,True,False,2.9501841475766732
54760,PCSK4,True,False,7.8079129082459096,PCSK4,True,False,4.017394359063127
54765,TRIM44,True,False,6.8858300165018775,TRIM44,True,False,4.376655602189235
54769,DIRAS2,True,False,6.482402693824141,DIRAS2,True,False,2.3628406682240652
54776,PPP1R12C,True,False,9.050153705733942,PPP1R12C,True,False,3.2252860252877817
54778,RNF111,True,False,7.559073987361169,RNF111,True,False,3.5846757303779984
54802,TRIT1,True,False,5.998527050768435,TRIT1,True,False,3.0258541180546046
54814,QPCTL,True,False,10.30085264698814,QPCTL,True,False,4.130436596125457
54815,GATAD2A,True,False,7.642451749555717,GATAD2A,True,False,4.261400707367935
54822,TRPM7,True,False,5.1084893942491245,TRPM7,True,False,2.2409310613562954
54840,APTX,True,False,5.8273410682333955,APTX,True,False,3.1410931864812954
54850,FBXL12,True,False,26.136952237717825,FBXL12,True,False,3.060402092550686
54851,ANKRD49,True,False,6.433652960013069,ANKRD49,True,False,3.958381469475546
54857,GDPD2,True,False,7.041442482422339,GDPD2,True,False,3.0977411216679798
54858,PGPEP1,True,False,6.511243140965164,PGPEP1,True,False,2.4792996517864827
54861,SNRK,True,False,7.153015704759422,SNRK,True,False,4.186240443670811
54878,DPP8,True,False,5.849298644458226,DPP8,True,False,2.866513464235565
54880,BCOR,True,False,7.436727078167016,BCOR,True,False,3.939235232698942
54899,PXK,True,False,6.65594271933266,PXK,True,False,3.106094452070804
54904,NSD3,True,False,5.430157937803905,WHSC1L1,True,False,3.6677159696634516
54905,CYP2W1,True,False,8.737764504826439,CYP2W1,True,False,2.5018083260057837
54925,ZSCAN32,True,False,6.999011481864,ZSCAN32,True,False,2.495616436428875
54926,UBE2R2,True,False,14.922034930379294,UBE2R2,True,False,4.554393942028091
54927,CHCHD3,True,False,8.079527105747973,CHCHD3,True,False,4.0280279912515
54928,IMPAD1,True,False,8.566031765579293,IMPAD1,True,False,3.920319304538752
54933,RHBDL2,True,False,5.667773261657058,RHBDL2,True,False,3.1644132380530787
54935,DUSP23,True,False,8.602608594655107,DUSP23,True,False,4.089458248514817
54936,ADPRHL2,True,False,7.585365145664765,ADPRHL2,True,False,4.871218973229713
54937,SOHLH2,True,False,6.371596289996558,SOHLH2,True,False,2.461169149694096
54938,SARS2,True,False,9.928624058515396,SARS2,True,False,3.3529649756558557
54941,RNF125,True,False,7.287423937193333,RNF125,True,False,2.8983724684494496
54946,SLC41A3,True,False,8.09688700062176,SLC41A3,True,False,2.3923679476119637
54961,SSH3,True,False,7.057682574817989,SSH3,True,False,3.744772208518061
54981,NMRK1,True,False,6.24675213657205,NMRK1,True,False,2.8619549813435237
54986,ULK4,True,False,7.939508160330481,ULK4,True,False,2.6100556220316027
54993,ZSCAN2,True,False,6.646005561486355,ZSCAN2,True,False,3.0591527547831547
54998,AURKAIP1,True,False,5.910610140740592,AURKAIP1,True,False,3.6649188646745308
55008,HERC6,True,False,6.356431722238302,HERC6,True,False,2.783221288850809
55030,FBXO34,True,False,10.232354732125133,FBXO34,True,False,3.215260797320418
55031,USP47,True,False,6.3470024012313795,USP47,True,False,2.679700502631298
55033,FKBP14,True,False,7.257088590721144,FKBP14,True,False,2.2892302057995826
55034,MOCOS,True,False,7.646336811702825,MOCOS,True,False,3.081691676332159
55065,SLC52A1,True,False,6.569093780502896,SLC52A1,True,False,2.6642865275509586
55072,RNF31,True,False,6.498741513084817,RNF31,True,False,3.4033930230999685
55079,FEZF2,True,False,10.828911171126359,FEZF2,True,False,3.794171503857598
55081,IFT57,True,False,7.577920049139238,IFT57,True,False,2.6178158387338013
55089,SLC38A4,True,False,9.735676851943984,SLC38A4,True,False,3.376288101984948
55103,RALGPS2,True,False,6.410583040177744,RALGPS2,True,False,2.1840767030073875
55106,SLFN12,True,False,9.446849124086516,SLFN12,True,False,5.334165746832967
55117,SLC6A15,True,False,7.557665165525171,SLC6A15,True,False,2.688585245983969
55124,PIWIL2,True,False,6.40662505294952,PIWIL2,True,False,2.437101027053788
55139,ANKZF1,True,False,6.383688788857943,ANKZF1,True,False,2.805719524584625
55144,LRRC8D,True,False,7.8897383288937855,LRRC8D,True,False,3.0799967185193418
55151,TMEM38B,True,False,6.709355866788195,TMEM38B,True,False,2.4890657826505715
55159,RFWD3,True,False,6.836735028180495,RFWD3,True,False,3.2500021223535582
55163,PNPO,True,False,6.370758694560827,PNPO,True,False,3.2436926736853984
55167,MSL2,True,False,6.61465711925928,MSL2,True,False,4.66361015447906
55170,PRMT6,True,False,6.0146611677859445,PRMT6,True,False,3.180371736322102
55178,MRM3,True,False,9.96833945201109,MRM3,True,False,2.888006445383131
55186,SLC25A36,True,False,6.648398062788674,SLC25A36,True,False,3.8532596490793565
55190,NUDT11,True,False,6.913125825553946,NUDT11,True,False,3.8685922934478474
55208,DCUN1D2,True,False,6.570548299578312,DCUN1D2,True,False,3.1999616329867457
55214,P3H2,True,False,6.598327202411685,P3H2,True,False,3.30652878947599
55217,TMLHE,True,False,7.273864045175168,TMLHE,True,False,2.513625081608806
55223,TRIM62,True,False,7.773757901798619,TRIM62,True,False,2.8086584265584684
55224,ETNK2,True,False,6.913204080745462,ETNK2,True,False,4.400237846218365
55226,NAT10,True,False,6.219041307720515,NAT10,True,False,5.5510839952818305
55229,PANK4,True,False,6.716563478468776,PANK4,True,False,3.0427914775528873
55236,UBA6,True,False,7.817751189682376,UBA6,True,False,3.0181118945650187
55238,SLC38A7,True,False,6.463167281228813,SLC38A7,True,False,3.186755414416948
55240,STEAP3,True,False,10.971536769803787,STEAP3,True,False,2.82452350967633
55251,PCMTD2,True,False,7.4295255221327094,PCMTD2,True,False,2.8431415910109896
55256,ADI1,True,False,6.602557202023855,ADI1,True,False,3.958174371338811
55270,NUDT15,True,False,6.972642854035424,NUDT15,True,False,2.9123052499105224
55274,PHF10,True,False,6.515969496035705,PHF10,True,False,2.3058407558922926
55276,PGM2,True,False,7.019921821957873,PGM2,True,False,2.672545908710014
55277,FGGY,True,False,5.9219183091874354,FGGY,True,False,1.869531772877397
55278,QRSL1,True,False,8.021690595917615,QRSL1,True,False,2.670525854280228
55283,MCOLN3,True,False,13.342333923415946,MCOLN3,True,False,2.9509245815499283
55284,UBE2W,True,False,7.047661348850675,UBE2W,True,False,3.5508921446804815
55288,RHOT1,True,False,12.117640466083287,RHOT1,True,False,3.9265117747759075
55290,BRF2,True,False,8.539149195040741,BRF2,True,False,11.091502164626327
55293,UEVLD,True,False,5.7640384371972395,UEVLD,True,False,3.154860667646315
55294,FBXW7,True,False,8.916138119951421,FBXW7,True,False,3.3785784650791197
55300,PI4K2B,True,False,6.468488474770049,PI4K2B,True,False,2.5123178593914925
55301,OLAH,True,False,5.8856798048487535,OLAH,True,False,2.9722858006040305
55308,DDX19A,True,False,7.1421222145763235,DDX19A,True,False,2.850396990657476
55311,ZNF444,True,False,8.032174099106525,ZNF444,True,False,2.4803602543811856
55312,RFK,True,False,5.85676011391462,RFK,True,False,5.47379626410283
55313,CPPED1,True,False,6.4531803358926725,CPPED1,True,False,3.1207800901058915
55315,SLC29A3,True,False,10.619843763198288,SLC29A3,True,False,2.8599406851350064
55324,ABCF3,True,False,6.957178733108682,ABCF3,True,False,2.816908348131821
55325,UFSP2,True,False,6.476159314250924,UFSP2,True,False,7.020351022640367
55331,ACER3,True,False,6.733247157158933,ACER3,True,False,2.670730410618995
55336,FBXL8,True,False,7.580428140642721,FBXL8,True,False,4.039939325135088
55343,SLC35C1,True,False,11.427542367600147,SLC35C1,True,False,3.7979591946635947
55347,ABHD10,True,False,6.5522804402630515,ABHD10,True,False,2.8623181162286766
55351,STK32B,True,False,7.211919228512889,STK32B,True,False,2.5453397931783592
55356,SLC22A15,True,False,7.884866945759786,SLC22A15,True,False,5.033277137130856
55361,PI4K2A,True,False,10.318002968475547,PI4K2A,True,False,3.1395347040197352
55437,STRADB,True,False,4.37848005557277,STRADB,True,False,3.627138520647177
55454,CSGALNACT2,True,False,6.5700271518388345,CSGALNACT2,True,False,3.2648666727576146
55466,DNAJA4,True,False,7.5401625093445155,DNAJA4,True,False,2.654237529188248
55486,PARL,True,False,6.963632894865282,PARL,True,False,2.7300389862020173
55500,ETNK1,True,False,7.732279409848704,ETNK1,True,False,2.527412523840721
55501,CHST12,True,False,5.929374959190773,CHST12,True,False,2.961319449179041
55502,HES6,True,False,8.4013657138422,HES6,True,False,3.019073839786806
55503,TRPV6,True,False,7.092731352120699,TRPV6,True,False,2.4450720665629997
55504,TNFRSF19,True,False,7.810532101267702,TNFRSF19,True,False,2.787802349266112
55507,GPRC5D,True,False,8.60716653864504,GPRC5D,True,False,3.4677521102428437
55509,BATF3,True,False,8.27021620365703,BATF3,True,False,3.178507682176451
55510,DDX43,True,False,8.707404727581682,DDX43,True,False,2.496053131562806
55512,SMPD3,True,False,8.468337332109257,SMPD3,True,False,3.432017016814143
55515,ASIC4,True,False,6.701624033394881,ASIC4,True,False,4.094171667545329
55520,ELAC1,True,False,6.242658499381795,ELAC1,True,False,3.029756403536463
55521,TRIM36,True,False,5.8145900900591965,TRIM36,True,False,3.360440671163567
55526,DHTKD1,True,False,11.466297406761635,DHTKD1,True,False,2.9572508422716184
55530,SVOP,True,False,6.95405563860158,SVOP,True,False,2.9107931465554335
55534,MAML3,True,False,6.033394912773966,MAML3,True,False,2.747340069822098
55554,KLK15,True,False,8.188883318456583,KLK15,True,False,2.47275142213563
55558,PLXNA3,True,False,5.998144852858104,PLXNA3,True,False,3.5128300574318483
55561,CDC42BPG,True,False,10.895690250531114,CDC42BPG,True,False,4.429983382646715
55565,ZNF821,True,False,6.989841947752545,ZNF821,True,False,2.6721056125098666
55568,GALNT10,True,False,7.476698990316567,GALNT10,True,False,2.538620555013485
55577,NAGK,True,False,5.888140617049035,NAGK,True,False,3.1969172383232896
55578,SUPT20H,True,False,7.7161213071204635,SUPT20H,True,False,2.8073398045132794
55584,CHRNA9,True,False,9.884209154484495,CHRNA9,True,False,2.81734015684712
55585,UBE2Q1,True,False,7.167404381951475,UBE2Q1,True,False,3.0309543958017144
55586,MIOX,True,False,6.445349403692811,MIOX,True,False,3.01451191180724
55589,BMP2K,True,False,6.3436965892638435,BMP2K,True,False,4.809916820305056
55608,ANKRD10,True,False,6.396124177818969,ANKRD10,True,False,2.539052474570903
55611,OTUB1,True,False,7.921417147999262,OTUB1,True,False,2.9026376821471804
55614,KIF16B,True,False,6.526927232006766,KIF16B,True,False,3.321120782302422
55621,TRMT1,True,False,7.031790657896404,TRMT1,True,False,3.2268491381304476
55630,SLC39A4,True,False,5.987806151084342,SLC39A4,True,False,2.5988442122526143
55632,G2E3,True,False,8.067113214582953,G2E3,True,False,2.86819812364869
55634,KRBOX4,True,False,7.481431453394206,KRBOX4,True,False,2.7437574985907625
55647,RAB20,True,False,6.0053799168167155,RAB20,True,False,3.460088520726367
55657,ZNF692,True,False,9.929353953324995,ZNF692,True,False,3.170362584316476
55658,RNF126,True,False,7.08834437541921,RNF126,True,False,3.4016415685623054
55661,DDX27,True,False,6.768746165408132,DDX27,True,False,5.033841770639236
55662,HIF1AN,True,False,7.726468463996799,HIF1AN,True,False,2.46405706802296
55663,ZNF446,True,False,10.104984205281566,ZNF446,True,False,3.5822133236013785
55669,MFN1,True,False,22.050274319967553,MFN1,True,False,3.6981213578851566
55681,SCYL2,True,False,8.431524584637293,SCYL2,True,False,3.1300813841008335
55687,TRMU,True,False,9.742364647494071,TRMU,True,False,2.8941315645499985
55695,NSUN5,True,False,7.233664621279767,NSUN5,True,False,4.123550962107849
55718,POLR3E,True,False,6.193095301949393,POLR3E,True,False,3.8289945861511447
55728,N4BP2,True,False,4.971742479323482,N4BP2,True,False,2.726864168271917
55729,ATF7IP,True,False,5.654178456693067,ATF7IP,True,False,3.5095731313752467
55733,HHAT,True,False,8.803940627724453,HHAT,True,False,2.590172887714397
55738,ARFGAP1,True,False,7.186038210578468,ARFGAP1,True,False,2.7313921142221345
55748,CNDP2,True,False,5.694660569538178,CNDP2,True,False,3.21916840790587
55750,AGK,True,False,5.732334338784737,AGK,True,False,2.794670890809366
55752,SEPTIN11,True,False,9.914646141265647,SEPT11,True,False,3.785082149973074
55753,OGDHL,True,False,9.554978190845512,OGDHL,True,False,2.895143814023023
55757,UGGT2,True,False,6.767909169625699,UGGT2,True,False,2.795034671654486
55760,DHX32,True,False,8.786919361385772,DHX32,True,False,4.385766739870277
55768,NGLY1,True,False,6.728900951914523,NGLY1,True,False,2.4717001139162806
55769,ZNF83,True,False,6.466893553039603,ZNF83,True,False,3.394011389971389
55781,RIOK2,True,False,5.691059072921598,RIOK2,True,False,7.169978722266748
55790,CSGALNACT1,True,False,9.501572862575877,CSGALNACT1,True,False,3.2786662441548997
55794,DDX28,True,False,11.185540774816346,DDX28,True,False,3.6629487336934528
55799,CACNA2D3,True,False,7.3413328600954015,CACNA2D3,True,False,4.325092054477408
55800,SCN3B,True,False,7.123096269777064,SCN3B,True,False,3.3221003957375874
55808,ST6GALNAC1,True,False,10.274277364344565,ST6GALNAC1,True,False,4.236205983102994
55810,FOXJ2,True,False,7.700930292265818,FOXJ2,True,False,4.088779523863654
55819,RNF130,True,False,9.318085631372929,RNF130,True,False,3.243885577489329
55821,ALLC,True,False,6.550809069547121,ALLC,True,False,3.12782964198645
55823,VPS11,True,False,6.614947234385422,VPS11,True,False,5.08453433712125
55825,PECR,True,False,6.328121327332085,PECR,True,False,2.8996222913829115
55830,GLT8D1,True,False,7.37915229845095,GLT8D1,True,False,3.316196710005574
55844,PPP2R2D,True,False,12.724151352990622,PPP2R2D,True,False,2.7842826599656267
55856,ACOT13,True,False,7.907142493238593,ACOT13,True,False,2.8504962262433486
55867,SLC22A11,True,False,6.785758975866118,SLC22A11,True,False,4.627012001500636
55869,HDAC8,True,False,7.250360065922382,HDAC8,True,False,2.964118862033261
55872,PBK,True,False,5.979935084594178,PBK,True,False,2.7450573326669883
55879,GABRQ,True,False,8.116584799813191,GABRQ,True,False,2.988412697844036
55884,WSB2,True,False,7.923768055146078,WSB2,True,False,2.6567117423335214
55890,GPRC5C,True,False,6.85448932795572,GPRC5C,True,False,3.050890979762172
55892,MYNN,True,False,9.479170257179332,MYNN,True,False,4.641489613198837
55897,MESP1,True,False,8.920861988232279,MESP1,True,False,2.9026343761991718
55900,ZNF302,True,False,5.783742743742377,ZNF302,True,False,4.611457411086927
55902,ACSS2,True,False,7.203067813865541,ACSS2,True,False,2.776337677426258
55904,KMT2E,True,False,7.398009676637166,KMT2E,True,False,3.8043323458171225
55905,RNF114,True,False,6.810415431710306,RNF114,True,False,3.228865798264608
55907,CMAS,True,False,7.435899010436428,CMAS,True,False,11.520277494196499
55916,NXT2,True,False,6.70219690984633,NXT2,True,False,3.108403955521579
55922,NKRF,True,False,8.131895611159262,NKRF,True,False,3.128656083589482
55930,MYO5C,True,False,6.014789106127999,MYO5C,True,False,2.4121599047237754
55959,SULF2,True,False,9.271177917519692,SULF2,True,False,3.3135623955083267
55964,SEPTIN3,True,False,15.441921148029992,SEPT3,True,False,3.046263938825271
55967,NDUFA12,True,False,5.5134401177890275,NDUFA12,True,False,2.44838787102581
55973,BCAP29,True,False,12.233945436799434,BCAP29,True,False,2.6577534880456066
56000,NXF3,True,False,7.203660973771916,NXF3,True,False,2.9561718476811953
56005,MYDGF,True,False,5.942828693735081,MYDGF,True,False,3.2711105790875434
56033,BARX1,True,False,7.354686631515633,BARX1,True,False,4.146267082650711
56052,ALG1,True,False,6.601938779440975,ALG1,True,False,4.120870770935717
56242,ZNF253,True,False,7.799005724738506,ZNF253,True,False,3.0617616076087733
56254,RNF20,True,False,7.49434445797054,RNF20,True,False,3.776978081073407
56255,TMX4,True,False,14.038128363603478,TMX4,True,False,3.187250289580512
56257,MEPCE,True,False,6.469898096307873,MEPCE,True,False,6.5509096749446805
56267,KYAT3,True,False,6.382675884559378,KYAT3,True,False,2.863161428700059
56301,SLC7A10,True,False,7.276354376288482,SLC7A10,True,False,2.4192052828857324
56302,TRPV5,True,False,6.308288139267777,TRPV5,True,False,2.561562175496841
56341,PRMT8,True,False,7.189808732541077,PRMT8,True,False,2.3200434759920276
56342,PPAN,True,False,6.9101450657792185,PPAN,True,False,9.187510804817082
56474,CTPS2,True,False,6.786626778656028,CTPS2,True,False,2.7584004138909806
56478,EIF4ENIF1,True,False,11.646671085623144,EIF4ENIF1,True,False,3.3863603330623095
56547,MMP26,True,False,6.585562513949909,MMP26,True,False,2.5461106908305258
56603,CYP26B1,True,False,9.06175661534742,CYP26B1,True,False,2.70571741703202
56606,SLC2A9,True,False,7.97055788590918,SLC2A9,True,False,2.6868261707572407
56616,DIABLO,True,False,7.237359399869361,DIABLO,True,False,3.06889847721019
56623,INPP5E,True,False,6.342468563244708,INPP5E,True,False,3.0398353489493766
56624,ASAH2,True,False,5.638431623141272,ASAH2,True,False,2.7673306619211564
56648,EIF5A2,True,False,6.780860381872735,EIF5A2,True,False,2.352126190234569
56649,TMPRSS4,True,False,7.675531059389841,TMPRSS4,True,False,2.420667289449726
56652,TWNK,True,False,6.526687460441321,C10orf2,True,False,3.1618054127318964
56655,POLE4,True,False,7.319006831218772,POLE4,True,False,2.5582332192766355
56658,TRIM39,True,False,6.852396925752983,TRIM39,True,False,3.2862318132489436
56659,KCNK13,True,False,7.5927765378530285,KCNK13,True,False,2.8977090513528827
56670,SUCNR1,True,False,7.354507382996238,SUCNR1,True,False,2.5177249813483322
56848,SPHK2,True,False,8.751330152803579,SPHK2,True,False,2.814208256014663
56853,CELF4,True,False,6.644789782194217,CELF4,True,False,2.9500176391662127
56894,AGPAT3,True,False,6.459552244959517,AGPAT3,True,False,2.688386195592968
56896,DPYSL5,True,False,6.861565011662268,DPYSL5,True,False,2.0772500960729334
56898,BDH2,True,False,6.001476078362386,BDH2,True,False,2.7504372023319013
56901,NDUFA4L2,True,False,9.142432693180671,NDUFA4L2,True,False,4.219038972112747
56903,PAPOLB,True,False,6.766040214060237,PAPOLB,True,False,2.899002792702335
56915,EXOSC5,True,False,6.920320823220165,EXOSC5,True,False,3.054603425807449
56916,SMARCAD1,True,False,7.854390300540732,SMARCAD1,True,False,2.9127331245200976
56919,DHX33,True,False,6.125321853344025,DHX33,True,False,3.3910473047476644
56922,MCCC1,True,False,12.998733624262673,MCCC1,True,False,3.3102399029900846
56923,NMUR2,True,False,8.851325488575222,NMUR2,True,False,2.069101378844269
56924,PAK6,True,False,11.505897897095519,PAK6,True,False,3.352055032124209
56926,NCLN,True,False,6.68951545464671,NCLN,True,False,2.9602972357077633
56927,GPR108,True,False,7.979870618697087,GPR108,True,False,3.3582274886144994
56934,CA10,True,False,6.2596790397133875,CA10,True,False,2.8485789964227344
56938,ARNTL2,True,False,7.065500404410805,ARNTL2,True,False,2.571381487927749
56940,DUSP22,True,False,6.739646749895789,DUSP22,True,False,2.828062098563923
56952,PRTFDC1,True,False,5.862015615840527,PRTFDC1,True,False,2.7845282706978924
56954,NIT2,True,False,7.007295480214225,NIT2,True,False,2.770331080157249
56956,LHX9,True,False,8.63386240118634,LHX9,True,False,2.9653922156983006
56987,BBX,True,False,7.756637621413205,BBX,True,False,2.6150176543500554
56990,CDC42SE2,True,False,16.599433356436613,CDC42SE2,True,False,4.907005348519756
56994,CHPT1,True,False,9.31904038294681,CHPT1,True,False,3.0799712675729767
56996,SLC12A9,True,False,8.453926040792224,SLC12A9,True,False,3.2370917851305507
56997,COQ8A,True,False,15.83900573376456,ADCK3,True,False,3.1814144482567355
57016,AKR1B10,True,False,6.51324741101329,AKR1B10,True,False,2.3495671492638954
57038,RARS2,True,False,8.172823680073938,RARS2,True,False,3.0969975224046493
57048,PLSCR3,True,False,5.7807660117289466,PLSCR3,True,False,3.1355154544321295
57057,TBX20,True,False,6.680610470714212,TBX20,True,False,3.4418233443922133
57088,PLSCR4,True,False,6.256982911671189,PLSCR4,True,False,2.7758817722590408
57089,ENTPD7,True,False,10.341650207997596,ENTPD7,True,False,2.2964045439205307
57094,CPA6,True,False,6.48869134245175,CPA6,True,False,2.777120107299567
57097,PARP11,True,False,5.906429373188633,PARP11,True,False,2.3969852318643046
57103,TIGAR,True,False,7.770377563890084,TIGAR,True,False,2.473003788736364
57105,CYSLTR2,True,False,5.398028756168924,CYSLTR2,True,False,2.3772563308591543
57110,PLAAT1,True,False,7.069776123859371,HRASLS,True,False,2.6784188386984056
57111,RAB25,True,False,6.627809238229338,RAB25,True,False,2.875353065061675
57113,TRPC7,True,False,6.757389985697967,TRPC7,True,False,2.632815730260404
57115,PGLYRP4,True,False,11.173375292368325,PGLYRP4,True,False,3.07190586653009
57117,INTS12,True,False,6.731898203893947,INTS12,True,False,4.704993256070732
57118,CAMK1D,True,False,7.607801299373731,CAMK1D,True,False,2.8780991120645525
57120,GOPC,True,False,7.74175688391649,GOPC,True,False,2.7900134416610203
57121,LPAR5,True,False,6.180239767315779,LPAR5,True,False,2.742792422031823
57130,ATP13A1,True,False,6.541709588548429,ATP13A1,True,False,3.1746922090793013
57143,ADCK1,True,False,6.112690602152381,ADCK1,True,False,4.3989749060682755
57144,PAK5,True,False,8.75059152327971,PAK7,True,False,3.18024201660477
57147,SCYL3,True,False,5.50465591734623,SCYL3,True,False,3.004360568875293
57151,LYZL6,True,False,6.698939674655529,LYZL6,True,False,2.821986761765708
57161,PELI2,True,False,7.69896217454834,PELI2,True,False,2.8136525911734966
57162,PELI1,True,False,6.924110701212162,PELI1,True,False,2.519570578345381
57167,SALL4,True,False,7.230528015288004,SALL4,True,False,2.6982757679095135
57168,ASPHD2,True,False,6.639791167700695,ASPHD2,True,False,2.6002258013131376
57171,DOLPP1,True,False,6.469844531543828,DOLPP1,True,False,2.7033038626414707
57172,CAMK1G,True,False,8.104548914714663,CAMK1G,True,False,2.727622460181672
57192,MCOLN1,True,False,8.64398583075953,MCOLN1,True,False,3.597224424694347
57205,ATP10D,True,False,7.017396992720522,ATP10D,True,False,2.1462906735688216
57211,ADGRG6,True,False,8.004819877923927,ADGRG6,True,False,2.5884937653778253
57215,THAP11,True,False,7.331820906165115,THAP11,True,False,4.753588185213586
57326,PBXIP1,True,False,7.723760375292925,PBXIP1,True,False,2.523625993141976
57332,CBX8,True,False,7.51835406516519,CBX8,True,False,2.713740147993631
57336,ZNF287,True,False,7.060144922415954,ZNF287,True,False,2.42851819350526
57338,JPH3,True,False,7.682368394386812,JPH3,True,False,2.846319146503258
57348,TTYH1,True,False,7.609584557508914,TTYH1,True,False,3.34819209220514
57369,GJD2,True,False,6.810843254994815,GJD2,True,False,2.945745806332849
57379,AICDA,True,False,6.810845020290414,AICDA,True,False,2.6345340313773713
57381,RHOJ,True,False,9.5406517377965,RHOJ,True,False,3.1707033248251735
57396,CLK4,True,False,5.019541609812386,CLK4,True,False,2.733593322552389
57404,CYP20A1,True,False,7.373392405002612,CYP20A1,True,False,3.0705762623570703
57410,SCYL1,True,False,5.05565979824739,SCYL1,True,False,3.8104242029992212
57414,RHBDD2,True,False,7.697430855458122,RHBDD2,True,False,2.8342989320116336
57447,NDRG2,True,False,5.924358038757708,NDRG2,True,False,2.1701238326590633
57452,GALNT16,True,False,7.697107619212821,GALNT16,True,False,2.840923041940413
57459,GATAD2B,True,False,7.123743617792493,GATAD2B,True,False,3.163483383619286
57473,ZNF512B,True,False,11.464808999865063,ZNF512B,True,False,2.5610736754457952
57484,RNF150,True,False,7.0807968092822,RNF150,True,False,2.6231278528275164
57486,NLN,True,False,10.528615221815093,NLN,True,False,3.6245882318212197
57496,MRTFB,True,False,8.148310901729255,MKL2,True,False,3.1698915558082477
57541,ZNF398,True,False,8.804184409226561,ZNF398,True,False,2.989225718599264
57544,TXNDC16,True,False,6.5002639573163545,TXNDC16,True,False,2.7196617533246306
57546,PDP2,True,False,6.104800676926355,PDP2,True,False,2.9050883987461518
57552,NCEH1,True,False,10.187374864863928,NCEH1,True,False,1.7307365976436069
57559,STAMBPL1,True,False,5.820735652568864,STAMBPL1,True,False,5.761224660748216
57594,HOMEZ,True,False,7.037977465442789,HOMEZ,True,False,2.674306905274851
57602,USP36,True,False,8.404230826069654,USP36,True,False,2.986518159218591
57615,ZNF492,True,False,8.37303709242911,ZNF492,True,False,2.7246669575118077
57616,TSHZ3,True,False,9.151133318439742,TSHZ3,True,False,3.3171161040478365
57628,DPP10,True,False,6.103937542279091,DPP10,True,False,2.979348717990668
57646,USP28,True,False,6.039803032824931,USP28,True,False,2.83643572508325
57647,DHX37,True,False,6.355023790588812,DHX37,True,False,6.778165068700861
57657,HCN3,True,False,6.338174999075244,HCN3,True,False,4.558738578093688
57663,USP29,True,False,6.415286923628544,USP29,True,False,2.9809744979554598
57674,RNF213,True,False,7.266099509253252,RNF213,True,False,3.706389250212422
57678,GPAM,True,False,6.7248135822004365,GPAM,True,False,2.9704374762978074
57687,VAT1L,True,False,7.492079984036777,VAT1L,True,False,2.8456485315728663
57693,ZNF317,True,False,7.603080867251744,ZNF317,True,False,3.2895675695498805
57695,USP37,True,False,6.258518441875243,USP37,True,False,3.207086161910628
57696,DDX55,True,False,8.803608995226407,DDX55,True,False,3.631859297927649
57697,FANCM,True,False,5.923455183269563,FANCM,True,False,13.293102482219872
57704,GBA2,True,False,6.793223869246481,GBA2,True,False,3.5673159654826825
57720,GPR107,True,False,7.914264125185778,GPR107,True,False,3.8594395681009646
57761,TRIB3,True,False,7.116960209918294,TRIB3,True,False,2.091879904882026
57787,MARK4,True,False,5.003305594485214,MARK4,True,False,3.926690000860691
57799,RAB40C,True,False,10.681687286862777,RAB40C,True,False,2.8195997278259264
57804,POLD4,True,False,6.513209694686295,POLD4,True,False,2.7323633539849133
57818,G6PC2,True,False,7.482366981536316,G6PC2,True,False,3.010497486681051
57820,CCNB1IP1,True,False,7.819658077002297,CCNB1IP1,True,False,3.8917301827247934
57822,GRHL3,True,False,7.034939409710022,GRHL3,True,False,2.6089821364293724
57826,RAP2C,True,False,6.8920499651419505,RAP2C,True,False,2.5136865538028372
57834,CYP4F11,True,False,10.513879948367608,CYP4F11,True,False,2.422068359747503
57835,SLC4A5,True,False,6.689191629925845,SLC4A5,True,False,2.981981939918556
57864,SLC46A2,True,False,6.673986672818168,SLC46A2,True,False,2.4658947659432484
58158,NEUROD4,True,False,7.201827666352474,NEUROD4,True,False,2.7074289046286752
58191,CXCL16,True,False,7.442467507040786,CXCL16,True,False,2.690369635656465
58472,SQOR,True,False,7.120443576994334,SQRDL,True,False,3.076730785499402
58478,ENOPH1,True,False,8.9081898218491,ENOPH1,True,False,2.4386378423946224
58484,NLRC4,True,False,5.938870651286922,NLRC4,True,False,2.714331869052412
58491,ZNF71,True,False,6.410967023686664,ZNF71,True,False,3.6243133218816777
58495,OVOL2,True,False,16.326884860148017,OVOL2,True,False,2.855885998460813
58497,PRUNE1,True,False,10.542027664674736,PRUNE,True,False,4.135966017721021
58500,ZNF250,True,False,7.654589832380853,ZNF250,True,False,2.7177291150562737
58511,DNASE2B,True,False,9.95856546625446,DNASE2B,True,False,2.344435566465097
58528,RRAGD,True,False,6.0210118610127425,RRAGD,True,False,3.579651606799585
58538,MPP4,True,False,6.769691344086326,MPP4,True,False,2.6879488171621557
58985,IL22RA1,True,False,6.615221213448464,IL22RA1,True,False,3.003722830603411
59084,ENPP5,True,False,6.322360435318373,ENPP5,True,False,2.5978379494447474
59284,CACNG7,True,False,8.549839695892397,CACNG7,True,False,2.616459069977201
59286,UBL5,True,False,6.665235608423942,UBL5,True,False,9.676430730104451
59342,SCPEP1,True,False,9.181631570709104,SCPEP1,True,False,2.8488172893702015
59343,SENP2,True,False,9.035007335258697,SENP2,True,False,3.9634860760090382
59344,ALOXE3,True,False,7.344580652296085,ALOXE3,True,False,2.8709669903492245
59345,GNB4,True,False,6.55629377670151,GNB4,True,False,3.412738747196481
59348,ZNF350,True,False,6.617302643776232,ZNF350,True,False,4.901060947082302
59350,RXFP1,True,False,6.473398188487367,RXFP1,True,False,3.37929167949671
59352,LGR6,True,False,7.067749171917243,LGR6,True,False,2.279858105903376
60385,TSKS,True,False,6.122628386435096,TSKS,True,False,3.089897938728234
60401,EDA2R,True,False,6.4491895062020275,EDA2R,True,False,2.5997659118750978
60436,TGIF2,True,False,5.876406932117157,TGIF2,True,False,2.567551924639996
60482,SLC5A7,True,False,7.645756516944869,SLC5A7,True,False,2.679626409941462
60489,APOBEC3G,True,False,7.822708743038426,APOBEC3G,True,False,2.9810990293908324
60490,PPCDC,True,False,13.294339241284574,PPCDC,True,False,2.726690198754516
60493,FASTKD5,True,False,7.59593201253928,FASTKD5,True,False,3.49100760193019
60496,AASDHPPT,True,False,7.241345168294647,AASDHPPT,True,False,2.5954931622414863
60509,AGBL5,True,False,7.513251040511976,AGBL5,True,False,2.2874294090802167
60528,ELAC2,True,False,10.034790911209313,ELAC2,True,False,3.7501549440885027
60598,KCNK15,True,False,10.571164595988543,KCNK15,True,False,2.504427247845572
60685,ZFAND3,True,False,8.379923004409001,ZFAND3,True,False,3.277949028299565
63027,SLC22A23,True,False,7.223030896537041,SLC22A23,True,False,2.5091595473623416
63036,CELA2A,True,False,7.217739651703614,CELA2A,True,False,2.1760049791860303
63826,SRR,True,False,6.143377972250704,SRR,True,False,2.5610561480106075
63874,ABHD4,True,False,13.068091265563012,ABHD4,True,False,1.9990009585203514
63893,UBE2O,True,False,7.706559230013741,UBE2O,True,False,2.885936564601599
63904,DUSP21,True,False,12.356971043998755,DUSP21,True,False,2.5316376660918047
63908,NAPB,True,False,9.770759088976625,NAPB,True,False,3.042789957743553
63926,ANKEF1,True,False,8.207443886141961,ANKEF1,True,False,3.0054670713765996
63929,XPNPEP3,True,False,7.902719486179509,XPNPEP3,True,False,2.560962849747001
63946,DMRTC2,True,False,5.8863613557081935,DMRTC2,True,False,3.494822434009454
63948,DMRTB1,True,False,7.3199104350079365,DMRTB1,True,False,3.188862852986487
63951,DMRTA1,True,False,6.640293665865644,DMRTA1,True,False,2.800035807150612
63978,PRDM14,True,False,9.134434706456902,PRDM14,True,False,2.0205556850931115
64063,PRSS22,True,False,7.241884914817837,PRSS22,True,False,2.656703435080266
64064,OXCT2,True,False,15.05603169335665,OXCT2,True,False,3.087168205778479
64072,CDH23,True,False,7.144121221361334,CDH23,True,False,3.5059696002398937
64077,LHPP,True,False,7.08954733535563,LHPP,True,False,3.535789876434043
64078,SLC28A3,True,False,7.9108057893526205,SLC28A3,True,False,2.2206098528650573
64080,RBKS,True,False,7.839058267526243,RBKS,True,False,3.0816942932712688
64084,CLSTN2,True,False,7.0792243991905535,CLSTN2,True,False,2.7282669065617906
64087,MCCC2,True,False,6.755067337224673,MCCC2,True,False,3.5408128798776337
64090,GAL3ST2,True,False,10.15773726554282,GAL3ST2,True,False,2.8886235101711333
64106,NPFFR1,True,False,6.333598060315144,NPFFR1,True,False,2.9766405242999894
64122,FN3K,True,False,5.455551239986875,FN3K,True,False,3.318323996739523
64123,ADGRL4,True,False,6.064309776589136,ADGRL4,True,False,3.3569352528599365
64129,TINAGL1,True,False,6.395586548633172,TINAGL1,True,False,2.703446583784892
64135,IFIH1,True,False,6.1590050666664,IFIH1,True,False,3.3552978945217515
64147,KIF9,True,False,6.102581928336353,KIF9,True,False,2.445149288462447
64174,DPEP2,True,False,6.850297776486555,DPEP2,True,False,2.474137431404807
64175,P3H1,True,False,5.563477524798011,P3H1,True,False,2.817603208049065
64180,DPEP3,True,False,6.263313915674203,DPEP3,True,False,2.5975539848574396
64210,MMS19,True,False,6.237362173600947,MMS19,True,False,3.1694270588081555
64219,PJA1,True,False,8.612163789866147,PJA1,True,False,3.282826191445666
64222,TOR3A,True,False,6.512276742267943,TOR3A,True,False,3.256793749806605
64241,ABCG8,True,False,7.3379705323605,ABCG8,True,False,2.572514781305862
64284,RAB17,True,False,8.967740297077418,RAB17,True,False,2.8747459653709724
64285,RHBDF1,True,False,7.939887516030905,RHBDF1,True,False,2.6236799463282776
64288,ZSCAN31,True,False,7.2379849904404425,ZSCAN31,True,False,3.4516849893399155
64320,RNF25,True,False,11.393551391487915,RNF25,True,False,2.553805258804734
64376,IKZF5,True,False,8.516458535692175,IKZF5,True,False,3.378017312341035
64398,MPP5,True,False,8.464343249024697,MPP5,True,False,2.607422327355125
64400,AKTIP,True,False,6.949619717084418,AKTIP,True,False,2.4983554520648106
64409,GALNT17,True,False,7.1874802508537625,WBSCR17,True,False,3.688292530669834
64419,MTMR14,True,False,8.80550977395568,MTMR14,True,False,2.8340915206687427
64421,DCLRE1C,True,False,8.034263014105964,DCLRE1C,True,False,4.4095957648077215
64422,ATG3,True,False,7.014379231771137,ATG3,True,False,4.9258765028479266
64577,ALDH8A1,True,False,7.036801632907865,ALDH8A1,True,False,2.6147004505317932
64651,CSRNP1,True,False,7.604253157638961,CSRNP1,True,False,3.836373949184365
64699,TMPRSS3,True,False,7.848275319303193,TMPRSS3,True,False,3.0752902018860113
64718,UNKL,True,False,6.289359256580929,UNKL,True,False,2.6253464647216576
64748,PLPPR2,True,False,6.042557575935162,PLPPR2,True,False,2.2881395498292623
64754,SMYD3,True,False,8.425446397373253,SMYD3,True,False,2.216912764977223
64764,CREB3L2,True,False,6.035578777110253,CREB3L2,True,False,2.687084197939907
64768,IPPK,True,False,7.202078030536894,IPPK,True,False,3.232933972203239
64794,DDX31,True,False,7.055311608339478,DDX31,True,False,4.014124853524737
64795,RMND5A,True,False,6.092783822939455,RMND5A,True,False,3.173041315351516
64802,NMNAT1,True,False,11.269970511916355,NMNAT1,True,False,2.909530506651235
64805,P2RY12,True,False,7.305541307677304,P2RY12,True,False,2.6128662978717467
64839,FBXL17,True,False,7.959910318435029,FBXL17,True,False,3.399725681346597
64840,PORCN,True,False,7.773991432791971,PORCN,True,False,3.559993657241207
64841,GNPNAT1,True,False,7.176628250778432,GNPNAT1,True,False,2.9795303528346717
64850,ETNPPL,True,False,7.136466743547975,ETNPPL,True,False,2.5170587328262504
64854,USP46,True,False,6.37368991889967,USP46,True,False,2.8015413117733345
64858,DCLRE1B,True,False,7.742430221551213,DCLRE1B,True,False,3.0732142450934603
64895,PAPOLG,True,False,7.462616574596161,PAPOLG,True,False,3.5630901846611223
64924,SLC30A5,True,False,6.95746582890237,SLC30A5,True,False,3.294714251682428
64983,MRPL32,True,False,6.411028150697458,MRPL32,True,False,2.821982302929
65005,MRPL9,True,False,7.75823687337687,MRPL9,True,False,2.4465281319739907
65009,NDRG4,True,False,6.907034793029436,NDRG4,True,False,2.4237136480923107
65018,PINK1,True,False,8.236368395835578,PINK1,True,False,2.545238378326218
65056,GPBP1,True,False,6.736751308367017,GPBP1,True,False,5.435600513123659
65061,CDK15,True,False,6.997291625408056,CDK15,True,False,2.8806206724090453
65078,RTN4R,True,False,8.143563657832326,RTN4R,True,False,2.8358154140806846
65125,WNK1,True,False,5.973396885285966,WNK1,True,False,4.351357662402038
65220,NADK,True,False,7.357447623227644,NADK,True,False,4.613744780095798
65258,MPPE1,True,False,8.568293507707095,MPPE1,True,False,2.4422473488676326
65263,PYCR3,True,False,6.641452285181473,PYCRL,True,False,2.650453496287752
65264,UBE2Z,True,False,6.511438372650352,UBE2Z,True,False,2.8085481787350624
65266,WNK4,True,False,5.694265112581365,WNK4,True,False,2.8514637703451013
65975,STK33,True,False,7.065677198526886,STK33,True,False,2.9732180229788847
65986,ZBTB10,True,False,10.862859973061616,ZBTB10,True,False,3.174699761073398
65997,RASL11B,True,False,8.257997486769417,RASL11B,True,False,2.911490717086801
66002,CYP4F12,True,False,7.619215484155411,CYP4F12,True,False,4.173300724621881
66005,CHID1,True,False,7.63888080601583,CHID1,True,False,2.9860787635020545
66008,TRAK2,True,False,12.866271003727825,TRAK2,True,False,3.1994761819479627
66036,MTMR9,True,False,6.667353933166505,MTMR9,True,False,3.2915432858327223
66037,BOLL,True,False,7.7353122198543955,BOLL,True,False,3.0291414406084662
78990,OTUB2,True,False,6.541750170658639,OTUB2,True,False,3.607114861360929
79001,VKORC1,True,False,8.832372066175267,VKORC1,True,False,3.063921722180798
79009,DDX50,True,False,8.260365586551927,DDX50,True,False,2.8747107705821353
79012,CAMKV,True,False,8.365326274751135,CAMKV,True,False,2.5322751847743405
79039,DDX54,True,False,7.563143685598437,DDX54,True,False,4.742793556205306
79041,TMEM38A,True,False,15.636557717400127,TMEM38A,True,False,2.8711987327928936
79042,TSEN34,True,False,6.462157073307341,TSEN34,True,False,2.8853236339988335
79048,SECISBP2,True,False,6.885144423270341,SECISBP2,True,False,2.9428975451862356
79053,ALG8,True,False,6.2441187988694,ALG8,True,False,2.5820549180947094
79054,TRPM8,True,False,7.850754388812126,TRPM8,True,False,2.873259698289056
79071,ELOVL6,True,False,12.623196757777135,ELOVL6,True,False,2.3027057183249875
79072,FASTKD3,True,False,8.531376062160446,FASTKD3,True,False,2.5204231413624774
79085,SLC25A23,True,False,7.614256691972987,SLC25A23,True,False,3.307552861142871
79087,ALG12,True,False,6.93225637866233,ALG12,True,False,2.408957897301059
79097,TRIM48,True,False,6.418097255323441,TRIM48,True,False,6.052029477661681
79101,TAF1D,True,False,6.848509888322918,TAF1D,True,False,5.033032742784253
79102,RNF26,True,False,6.582688469751938,RNF26,True,False,2.656680350776456
79109,MAPKAP1,True,False,6.01661464721318,MAPKAP1,True,False,3.2622571590938
79142,PHF23,True,False,10.29214943940828,PHF23,True,False,3.139147794738024
79148,MMP28,True,False,8.133366877541375,MMP28,True,False,2.5266892231090985
79149,ZSCAN5A,True,False,8.569773443439367,ZSCAN5A,True,False,3.0300684608110364
79152,FA2H,True,False,8.206852641275592,FA2H,True,False,2.3860533422244137
79153,GDPD3,True,False,5.825706973698872,GDPD3,True,False,2.449106186163175
79154,DHRS11,True,False,7.7005970333322695,DHRS11,True,False,3.4841836173616056
79176,FBXL15,True,False,8.13073361260466,FBXL15,True,False,2.9920220070696213
79178,THTPA,True,False,6.393552203702206,THTPA,True,False,2.676639349442201
79184,BRCC3,True,False,6.446143240670986,BRCC3,True,False,3.887581323576114
79190,IRX6,True,False,9.142603557395729,IRX6,True,False,2.891680829076087
79368,FCRL2,True,False,5.696880734299468,FCRL2,True,False,3.014829082906499
79370,BCL2L14,True,False,6.741169164448788,BCL2L14,True,False,2.4400079383314055
79443,FYCO1,True,False,8.22057929966615,FYCO1,True,False,2.40977837722997
79444,BIRC7,True,False,8.33022930038486,BIRC7,True,False,2.8664836551706703
79575,ABHD8,True,False,7.405197900419539,ABHD8,True,False,2.53529681717434
79585,CORO7,True,False,6.775486596063055,CORO7,True,False,4.237265030845803
79589,RNF128,True,False,7.01742435754389,RNF128,True,False,2.915059455188096
79596,OBI1,True,False,7.162135422786179,RNF219,True,False,2.806915946067136
79603,CERS4,True,False,6.468111452742405,CERS4,True,False,5.3387489610006735
79611,ACSS3,True,False,6.180702386121196,ACSS3,True,False,3.1008484663272196
79612,NAA16,True,False,7.139836046239008,NAA16,True,False,2.6764125740905733
79618,HMBOX1,True,False,7.354535524380823,HMBOX1,True,False,2.932305702704625
79623,GALNT14,True,False,7.710952183114165,GALNT14,True,False,3.3482614220625426
79634,SCRN3,True,False,5.836073076724423,SCRN3,True,False,3.171458193241873
79642,ARSJ,True,False,5.992081135832969,ARSJ,True,False,2.537286543610278
79644,SRD5A3,True,False,6.181561493782093,SRD5A3,True,False,2.7824527769833987
79646,PANK3,True,False,6.804203141492072,PANK3,True,False,4.496134999366513
79651,RHBDF2,True,False,8.335889696672815,RHBDF2,True,False,2.6327444650319327
79654,HECTD3,True,False,6.185602951256648,HECTD3,True,False,2.5338795043175844
79661,NEIL1,True,False,6.436973885173021,NEIL1,True,False,2.725950625489358
79665,DHX40,True,False,6.324946789406916,DHX40,True,False,3.553302522916547
79672,FN3KRP,True,False,5.502148950173112,FN3KRP,True,False,3.106736131049121
79675,FASTKD1,True,False,6.3146127701852475,FASTKD1,True,False,3.0005977180978824
79695,GALNT12,True,False,7.8784094795588,GALNT12,True,False,2.7684860501069894
79701,OGFOD3,True,False,5.545267622307036,OGFOD3,True,False,3.6673679601146185
79717,PPCS,True,False,8.434803057476566,PPCS,True,False,3.366564762093921
79718,TBL1XR1,True,False,7.285703907718719,TBL1XR1,True,False,3.0062659869288098
79722,ANKRD55,True,False,6.670138767089254,ANKRD55,True,False,5.233581866292361
79723,SUV39H2,True,False,8.422550920777608,SUV39H2,True,False,3.332135368921123
79726,WDR59,True,False,7.380203968932587,WDR59,True,False,3.569930660517175
79733,E2F8,True,False,12.982894374885861,E2F8,True,False,3.459909439868708
79746,ECHDC3,True,False,16.723170169904392,ECHDC3,True,False,2.7490359721057924
79751,SLC25A22,True,False,7.26007358845043,SLC25A22,True,False,2.928035056555408
79754,ASB13,True,False,8.043345058272509,ASB13,True,False,3.6731952496314966
79763,ISOC2,True,False,5.833413354713766,ISOC2,True,False,2.63540042112091
79770,TXNDC15,True,False,6.116309552354288,TXNDC15,True,False,3.382931948524858
79799,UGT2A3,True,False,7.587014036200714,UGT2A3,True,False,4.529320239133181
79814,AGMAT,True,False,10.447149922761326,AGMAT,True,False,2.6519743238781124
79820,CATSPERB,True,False,6.920747771533237,CATSPERB,True,False,2.3637279751494886
79828,METTL8,True,False,5.668255520277703,METTL8,True,False,2.6478118360129277
79834,PEAK1,True,False,6.218474847540472,PEAK1,True,False,3.1787111390703364
79836,LONRF3,True,False,7.235043918616682,LONRF3,True,False,4.792481269360488
79837,PIP4K2C,True,False,9.709382439180743,PIP4K2C,True,False,3.0061253290379466
79841,AGBL2,True,False,6.208449487934511,AGBL2,True,False,2.4846654099240895
79852,EPHX3,True,False,7.074505134933945,EPHX3,True,False,2.0536807947184306
79858,NEK11,True,False,6.380148750479916,NEK11,True,False,2.627577781237149
79861,TUBAL3,True,False,7.576203424075083,TUBAL3,True,False,2.5560250827666264
79868,ALG13,True,False,7.630600788498221,ALG13,True,False,3.168907690791926
79876,UBA5,True,False,9.191090151068183,UBA5,True,False,3.621894007077631
79877,DCAKD,True,False,6.862352535811911,DCAKD,True,False,2.8333879041567878
79885,HDAC11,True,False,6.948462615367443,HDAC11,True,False,2.8109979689086693
79888,LPCAT1,True,False,6.992873391894784,LPCAT1,True,False,2.795502007580245
79896,THNSL1,True,False,6.715643225209635,THNSL1,True,False,2.9458259923450165
79903,NAA60,True,False,7.247952728620146,NAA60,True,False,3.3689129388168846
79922,MRM1,True,False,6.219593814623407,MRM1,True,False,2.977197313395101
79934,COQ8B,True,False,7.718067052002924,ADCK4,True,False,3.7775805264972964
79944,L2HGDH,True,False,6.632035832853505,L2HGDH,True,False,2.8431492078512246
79947,DHDDS,True,False,7.0992550052453165,DHDDS,True,False,3.7147012426800776
79956,ERMP1,True,False,6.989953469738088,ERMP1,True,False,3.5804291229961565
79960,JADE1,True,False,8.372447978529928,JADE1,True,False,2.815954671913003
79966,SCD5,True,False,6.664050138397129,SCD5,True,False,2.493797518818557
79977,GRHL2,True,False,6.168508363967866,GRHL2,True,False,2.534105263792477
79982,DNAJB14,True,False,19.282753812063305,DNAJB14,True,False,2.8211597889739313
79998,ANKRD53,True,False,7.047539980177516,ANKRD53,True,False,4.205930027982487
80019,UBTD1,True,False,6.905512817368252,UBTD1,True,False,3.0104170645435477
80021,TMEM62,True,False,7.827240334547708,TMEM62,True,False,2.9816555132848124
80025,PANK2,True,False,8.180149765298488,PANK2,True,False,2.7079899440221604
80028,FBXL18,True,False,6.253312185569257,FBXL18,True,False,3.0209076668489274
80045,GPR157,True,False,6.401320773565696,GPR157,True,False,2.9700880423349907
80122,MAP3K19,True,False,6.2362064473234105,MAP3K19,True,False,2.9863188944704535
80131,LRRC8E,True,False,7.957718654124711,LRRC8E,True,False,3.4411233193395168
80146,UXS1,True,False,7.919326400222916,UXS1,True,False,3.2006845695910844
80149,ZC3H12A,True,False,6.162550430484022,ZC3H12A,True,False,3.7835225555589447
80150,ASRGL1,True,False,6.391965557014952,ASRGL1,True,False,1.8970431501896101
80155,NAA15,True,False,8.201249751211911,NAA15,True,False,2.808929229464024
80168,MOGAT2,True,False,6.919283161588452,MOGAT2,True,False,2.457631082535317
80176,SPSB1,True,False,21.71208203825739,SPSB1,True,False,3.190661134886468
80196,RNF34,True,False,6.757370763608007,RNF34,True,False,3.438621678255323
80198,MUS81,True,False,6.948276967162286,MUS81,True,False,3.58277083090559
80201,HKDC1,True,False,6.307504072937771,HKDC1,True,False,1.8727626239259263
80204,FBXO11,True,False,6.840059752665345,FBXO11,True,False,3.474416368545844
80205,CHD9,True,False,6.990197052676979,CHD9,True,False,3.149215676497097
80207,OPA3,True,False,38.35947360472931,OPA3,True,False,3.3758241555503217
80216,ALPK1,True,False,7.714304450862301,ALPK1,True,False,3.0348638956884657
80218,NAA50,True,False,5.894618803284756,NAA50,True,False,8.0742648342512
80221,ACSF2,True,False,9.374925215970409,ACSF2,True,False,3.650738195949647
80227,PAAF1,True,False,6.21628245560164,PAAF1,True,False,6.325770863999183
80228,ORAI2,True,False,6.034455562465612,ORAI2,True,False,5.183158601648909
80230,RUFY1,True,False,7.119069265989412,RUFY1,True,False,3.8998483852421604
80235,PIGZ,True,False,19.82991488749073,PIGZ,True,False,2.8864325664759454
80237,ELL3,True,False,6.782777617260616,ELL3,True,False,2.759340338996586
80270,HSD3B7,True,False,6.313629133243311,HSD3B7,True,False,2.899856539668965
80308,FLAD1,True,False,6.255702632735166,FLAD1,True,False,3.6112380537182984
80314,EPC1,True,False,6.334271293833765,EPC1,True,False,4.345738329162503
80317,ZKSCAN3,True,False,7.16739217175836,ZKSCAN3,True,False,6.352882783169049
80318,GKAP1,True,False,7.657536453343718,GKAP1,True,False,2.9498804778433545
80320,SP6,True,False,7.50483352437721,SP6,True,False,2.79074374639047
80325,ABTB1,True,False,12.894746819442199,ABTB1,True,False,2.747293629485585
80332,ADAM33,True,False,7.639113139554371,ADAM33,True,False,2.6725667355681764
80333,KCNIP4,True,False,6.836500761131363,KCNIP4,True,False,2.9208194378675287
80345,ZSCAN16,True,False,6.353810943181449,ZSCAN16,True,False,2.857661105972109
80347,COASY,True,False,5.9092171268120035,COASY,True,False,2.874912171503237
80704,SLC19A3,True,False,10.706984213455504,SLC19A3,True,False,2.8105785342022847
80712,ESX1,True,False,15.76202382417925,ESX1,True,False,3.4353645301966766
80714,PBX4,True,False,7.234966077004892,PBX4,True,False,2.6372747932514873
80724,ACAD10,True,False,8.56634879172954,ACAD10,True,False,3.0529703979821314
80727,TTYH3,True,False,7.145343006626966,TTYH3,True,False,4.136778511884904
80745,THUMPD2,True,False,9.736516906641729,THUMPD2,True,False,3.0811947182553583
80746,TSEN2,True,False,11.023898946276281,TSEN2,True,False,2.785161777327632
80778,ZNF34,True,False,6.623036644419603,ZNF34,True,False,2.5954508142475854
80821,DDHD1,True,False,6.666852267372875,DDHD1,True,False,2.9583386539582017
80824,DUSP16,True,False,16.756470323171424,DUSP16,True,False,2.777089033913211
80829,ZFP91,True,False,7.285672518979713,ZFP91,True,False,3.756735433749872
80854,SETD7,True,False,7.2380798612113315,SETD7,True,False,2.4758329012182942
80895,ILKAP,True,False,8.21570261861918,ILKAP,True,False,4.032044379808516
80896,NPL,True,False,5.949190437490625,NPL,True,False,3.038884545749031
80975,TMPRSS5,True,False,7.943337332478951,TMPRSS5,True,False,2.4507739189959272
81027,TUBB1,True,False,8.176481528840927,TUBB1,True,False,2.945001139565527
81033,KCNH6,True,False,8.843540394380767,KCNH6,True,False,2.8390309230044553
81034,SLC25A32,True,False,6.504316530456532,SLC25A32,True,False,2.78861330912357
81491,GPR63,True,False,7.043568022105893,GPR63,True,False,2.452228392425542
81502,HM13,True,False,8.428640890165285,HM13,True,False,4.05234047826216
81539,SLC38A1,True,False,7.684188769908089,SLC38A1,True,False,2.835607102195201
81542,TMX1,True,False,17.030092122183934,TMX1,True,False,2.788233299640163
81545,FBXO38,True,False,7.002081840765587,FBXO38,True,False,3.64183704445985
81559,TRIM11,True,False,7.037767284088859,TRIM11,True,False,3.902919874232838
81566,CSRNP2,True,False,7.439236198257657,CSRNP2,True,False,2.974905077263826
81567,TXNDC5,True,False,6.178110965181619,TXNDC5,True,False,2.5195961882125557
81577,GFOD2,True,False,7.069779113985591,GFOD2,True,False,3.3264672723847197
81579,PLA2G12A,True,False,8.129070433794125,PLA2G12A,True,False,3.0263976907753167
81602,CDADC1,True,False,5.72758941875515,CDADC1,True,False,2.896899452423632
81607,NECTIN4,True,False,8.122053056237185,NECTIN4,True,False,2.2857176516870874
81616,ACSBG2,True,False,6.917969139441912,ACSBG2,True,False,2.972127493247786
81624,DIAPH3,True,False,11.58079562109689,DIAPH3,True,False,3.3133605338207444
81627,TRMT1L,True,False,6.5280963290139145,TRMT1L,True,False,2.7824198704395378
81628,TSC22D4,True,False,6.754605956078587,TSC22D4,True,False,2.8938290185915263
81629,TSSK3,True,False,6.495345997556405,TSSK3,True,False,3.226942993078013
81691,REXO5,True,False,6.389412433601468,LOC81691,True,False,3.357977008857204
81788,NUAK2,True,False,7.396194160590427,NUAK2,True,False,3.7600744487985454
81790,RNF170,True,False,6.043036178677008,RNF170,True,False,2.334153685154859
81792,ADAMTS12,True,False,6.049348089563181,ADAMTS12,True,False,2.3040117883204365
81793,TLR10,True,False,6.974697033621632,TLR10,True,False,2.4458918361651496
81844,TRIM56,True,False,8.136774081654918,TRIM56,True,False,3.422675656751478
81847,RNF146,True,False,6.611268321263195,RNF146,True,False,3.4344936854015202
81849,ST6GALNAC5,True,False,6.311871459535854,ST6GALNAC5,True,False,2.9291570355568988
81876,RAB1B,True,False,7.068083591725809,RAB1B,True,False,2.683023103275017
81888,HYI,True,False,8.436975116288304,HYI,True,False,2.881395835875354
81889,FAHD1,True,False,12.28070686198883,FAHD1,True,False,3.6171404901518796
81890,QTRT1,True,False,6.299198785903377,QTRT1,True,False,3.8959138746483717
81926,ABHD17A,True,False,6.94963191964066,ABHD17A,True,False,2.4962352378817063
81932,HDHD3,True,False,8.144325940820309,HDHD3,True,False,3.240454495283377
83394,PITPNM3,True,False,6.542043450672339,PITPNM3,True,False,2.3524170075271384
83440,ADPGK,True,False,8.838196342872454,ADPGK,True,False,2.0735633743971924
83451,ABHD11,True,False,10.119695957696301,ABHD11,True,False,2.6150244514952363
83452,RAB33B,True,False,6.486311551005906,RAB33B,True,False,2.5426995910538683
83461,CDCA3,True,False,10.561291237730343,CDCA3,True,False,4.720524418632887
83463,MXD3,True,False,11.116304867360693,MXD3,True,False,3.1647433937345832
83468,GLT8D2,True,False,7.464209607303616,GLT8D2,True,False,2.507567768378128
83475,DOHH,True,False,7.129641352178273,DOHH,True,False,3.840886105360638
83479,DDX59,True,False,6.702576639636041,DDX59,True,False,4.6391603579554435
83550,GPR101,True,False,7.397171757152727,GPR101,True,False,3.2896870650376644
83594,NUDT12,True,False,6.758939182469963,NUDT12,True,False,2.9983433439834823
83637,ZMIZ2,True,False,6.39783188316562,ZMIZ2,True,False,2.676871792340423
83657,DYNLRB2,True,False,6.677885819382786,DYNLRB2,True,False,2.818122792360068
83658,DYNLRB1,True,False,8.230973584720374,DYNLRB1,True,False,5.871577704730166
83693,HSDL1,True,False,10.529727898178527,HSDL1,True,False,2.41545087654337
83694,RPS6KL1,True,False,7.102631377525479,RPS6KL1,True,False,2.5648512874003506
83732,RIOK1,True,False,6.429375301407744,RIOK1,True,False,5.117521086832936
83733,SLC25A18,True,False,6.221510055034004,SLC25A18,True,False,2.7653922930806676
83734,ATG10,True,False,7.3762168073757834,ATG10,True,False,2.4379122825369115
83746,L3MBTL2,True,False,6.521421564358887,L3MBTL2,True,False,2.6666344718909127
83752,LONP2,True,False,9.321967785526768,LONP2,True,False,2.993940344643439
83795,KCNK16,True,False,13.461350894268232,KCNK16,True,False,3.546068909138393
83844,USP26,True,False,7.131069997987183,USP26,True,False,3.6204081265082
83852,SETDB2,True,False,6.837569879594321,SETDB2,True,False,2.897394412479017
83853,ROPN1L,True,False,7.558213252247862,ROPN1L,True,False,4.86287769581351
83856,FSD1L,True,False,9.091207360543498,FSD1L,True,False,3.300760675122401
83873,GPR61,True,False,6.3895347590612985,GPR61,True,False,2.923440309539387
83881,MIXL1,True,False,7.740720876259937,MIXL1,True,False,3.2375725758436054
83884,SLC25A2,True,False,6.30388531732728,SLC25A2,True,False,2.57704418953447
83903,HASPIN,True,False,6.3247343876149795,GSG2,True,False,3.285469345261813
83931,STK40,True,False,9.127929222409342,STK40,True,False,4.11945358237636
83933,HDAC10,True,False,6.804665564731163,HDAC10,True,False,3.0311987650052754
83942,TSSK1B,True,False,11.151148999078922,TSSK1B,True,False,2.872748336232728
83943,IMMP2L,True,False,7.338558916779963,IMMP2L,True,False,3.0318738605017503
83983,TSSK6,True,False,8.47912288215154,TSSK6,True,False,2.8064178181523425
83985,SPNS1,True,False,6.426048389742303,SPNS1,True,False,5.558536881123736
83988,NCALD,True,False,6.583256831866638,NCALD,True,False,2.5540340665343324
83990,BRIP1,True,False,7.303431254551528,BRIP1,True,False,2.125843233977905
84000,TMPRSS13,True,False,6.505496455795524,TMPRSS13,True,False,3.193954093294405
84002,B3GNT5,True,False,8.298993978202006,B3GNT5,True,False,2.2824820021991274
84056,KATNAL1,True,False,7.005181164408554,KATNAL1,True,False,2.7139037941247217
84064,HDHD2,True,False,6.0267604244743325,HDHD2,True,False,2.640775853260157
84068,SLC10A7,True,False,6.743893296676774,SLC10A7,True,False,3.069973152228024
84076,TKTL2,True,False,7.161622909803543,TKTL2,True,False,2.4214174959304158
84084,RAB6C,True,False,7.564646712579025,RAB6C,True,False,3.5125583675955525
84085,FBXO30,True,False,6.671068375452022,FBXO30,True,False,2.557242340672347
84102,SLC41A2,True,False,6.505967472421711,SLC41A2,True,False,2.8920212237708536
84105,PCBD2,True,False,6.893344959290229,PCBD2,True,False,2.98235183126076
84108,PCGF6,True,False,7.2141610164174175,PCGF6,True,False,2.61691856382745
84109,QRFPR,True,False,7.537160775605756,QRFPR,True,False,2.8454045601204725
84124,ZNF394,True,False,7.460479985821149,ZNF394,True,False,2.8656191378619695
84129,ACAD11,True,False,5.674946243755003,ACAD11,True,False,2.728557199610262
84132,USP42,True,False,6.158611384781682,USP42,True,False,3.6544850310565393
84152,PPP1R1B,True,False,6.744997614492268,PPP1R1B,True,False,3.3018665447063085
84171,LOXL4,True,False,5.6388395463187715,LOXL4,True,False,3.3483853779045445
84172,POLR1B,True,False,6.8489095750968225,POLR1B,True,False,12.15492958039491
84173,ELMOD3,True,False,6.1029494034720875,ELMOD3,True,False,7.218279404817294
84196,USP48,True,False,7.236992609836228,USP48,True,False,3.1041487219444908
84197,POMK,True,False,6.8560732243476465,POMK,True,False,3.45449775302202
84206,MEX3B,True,False,19.98591272428276,MEX3B,True,False,3.116528139384527
84236,RHBDD1,True,False,9.868397088490713,RHBDD1,True,False,3.376896193664375
84239,ATP13A4,True,False,7.2549851276991815,ATP13A4,True,False,2.3946366491303226
84254,CAMKK1,True,False,7.189629630413883,CAMKK1,True,False,2.9729697490561553
84255,SLC37A3,True,False,8.550785015994219,SLC37A3,True,False,2.651509987457702
84264,HAGHL,True,False,6.044272726150816,HAGHL,True,False,2.9747661439318738
84274,COQ5,True,False,29.30704785426126,COQ5,True,False,2.7334653710580583
84282,RNF135,True,False,7.055561819290021,RNF135,True,False,3.3453359675055614
84286,TMEM175,True,False,6.928967668270881,TMEM175,True,False,2.8375563258987753
84289,ING5,True,False,6.7045449895918,ING5,True,False,3.4632025748132453
84290,CAPNS2,True,False,5.51401810024879,CAPNS2,True,False,3.028892962010849
84295,PHF6,True,False,8.462033628615304,PHF6,True,False,2.3694276687727807
84301,DDI2,True,False,6.754925247894154,DDI2,True,False,2.210856929530149
84307,ZNF397,True,False,6.022395584450569,ZNF397,True,False,2.6144183613178984
84324,SARNP,True,False,8.640132291682237,SARNP,True,False,4.585827318665402
84329,HVCN1,True,False,7.86804968116348,HVCN1,True,False,3.133304829408036
84333,PCGF5,True,False,7.479088134002471,PCGF5,True,False,2.8187091066422267
84340,GFM2,True,False,7.540068529675668,GFM2,True,False,2.726918609462586
84433,CARD11,True,False,7.997783733797465,CARD11,True,False,3.021755345282676
84446,BRSK1,True,False,7.580594367481784,BRSK1,True,False,2.5976527072224886
84447,SYVN1,True,False,9.199542511663127,SYVN1,True,False,4.8540939765494695
84449,ZNF333,True,False,6.71162395713369,ZNF333,True,False,3.107344823514335
84458,LCOR,True,False,18.130958568624465,LCOR,True,False,2.6774069269256655
84513,PLPP5,True,False,9.097612330720949,PLPP5,True,False,2.984941450022442
84515,MCM8,True,False,7.912427234856389,MCM8,True,False,2.9555540421074227
84524,ZC3H8,True,False,6.939925477822748,ZC3H8,True,False,3.8655664739849027
84525,HOPX,True,False,6.698543825086106,HOPX,True,False,2.7671974728167057
84528,RHOXF2,True,False,9.186267060629959,RHOXF2,True,False,3.4809165559470983
84545,MRPL43,True,False,7.899239441910944,MRPL43,True,False,3.6607991971649896
84569,LYZL1,True,False,7.156117866419825,LYZL1,True,False,2.7499298095790414
84617,TUBB6,True,False,6.761606808504529,TUBB6,True,False,3.6689644924545903
84618,NT5C1A,True,False,10.636276585510014,NT5C1A,True,False,3.0936886516183453
84619,ZGPAT,True,False,6.64436520071475,ZGPAT,True,False,2.996642150566526
84620,ST6GAL2,True,False,6.766117272848445,ST6GAL2,True,False,2.9005266204964664
84636,GPR174,True,False,6.5428900363111095,GPR174,True,False,2.2221934322438153
84640,USP38,True,False,7.443814607502961,USP38,True,False,2.8887298052004007
84643,KIF2B,True,False,12.234483034728562,KIF2B,True,False,3.559477420492912
84649,DGAT2,True,False,7.1022620047629985,DGAT2,True,False,2.6010532442587695
84659,RNASE7,True,False,6.929894182535663,RNASE7,True,False,3.3170853914519
84669,USP32,True,False,7.064518554448836,USP32,True,False,4.273294789745189
84675,TRIM55,True,False,9.014564537370662,TRIM55,True,False,3.1721995609804896
84695,LOXL3,True,False,7.240740886189296,LOXL3,True,False,3.3380853959051753
84700,MYO18B,True,False,7.6710986128115675,MYO18B,True,False,3.8234770873611024
84701,COX4I2,True,False,6.88936833348352,COX4I2,True,False,5.106352694546594
84708,LNX1,True,False,7.090858644652117,LNX1,True,False,3.8462814905730576
84720,PIGO,True,False,7.048362343185118,PIGO,True,False,2.7818918724117827
84727,SPSB2,True,False,10.505303874263646,SPSB2,True,False,2.576144636335572
84735,CNDP1,True,False,7.510287668984262,CNDP1,True,False,3.156803571995411
84749,USP30,True,False,9.251752006643233,USP30,True,False,4.210429336575546
84752,B3GNT9,True,False,6.244071872852354,B3GNT9,True,False,2.5405518557962083
84759,PCGF1,True,False,7.9939722088416145,PCGF1,True,False,4.091311662828447
84767,TRIM51,True,False,6.265537598102333,TRIM51,True,False,8.40471629269572
84812,PLCD4,True,False,6.553380292908661,PLCD4,True,False,3.040431903143886
84814,PLPP7,True,False,7.1481236663563426,PLPP7,True,False,2.8659157952274787
84816,RTN4IP1,True,False,8.678691182877811,RTN4IP1,True,False,2.614378971616122
84817,TXNDC17,True,False,6.6176576761291885,TXNDC17,True,False,2.6741861463570364
84836,ABHD14B,True,False,7.081487798871816,ABHD14B,True,False,1.6245257622188054
84838,ZNF496,True,False,7.777245408739937,ZNF496,True,False,2.3777689512517655
84844,PHF5A,True,False,6.854580657348144,PHF5A,True,False,7.856421522887807
84851,TRIM52,True,False,5.992094134504481,TRIM52,True,False,2.621035605747909
84867,PTPN5,True,False,14.2445028880684,PTPN5,True,False,3.1841305102011757
84868,HAVCR2,True,False,6.812693728282289,HAVCR2,True,False,2.8372738824721093
84869,CBR4,True,False,6.373365649747759,CBR4,True,False,2.8966761233422
84871,AGBL4,True,False,7.451454617558154,AGBL4,True,False,2.2814724260230177
84873,ADGRG7,True,False,8.860275526363996,ADGRG7,True,False,3.057503218127714
84876,ORAI1,True,False,6.379171453013541,ORAI1,True,False,3.4018067326654577
84878,ZBTB45,True,False,6.850797634352473,ZBTB45,True,False,2.9333993249332373
84883,AIFM2,True,False,9.361530471497526,AIFM2,True,False,2.6493136952207528
84888,SPPL2A,True,False,7.329786316911764,SPPL2A,True,False,2.088059781542021
84889,SLC7A3,True,False,6.550853292310638,SLC7A3,True,False,2.656300695115848
84893,FBH1,True,False,8.450268676799418,FBXO18,True,False,3.1235898242165767
84896,ATAD1,True,False,5.815720018097478,ATAD1,True,False,2.6396046177708454
84900,RNFT2,True,False,6.275512093873796,RNFT2,True,False,2.765841338943279
84920,ALG10,True,False,7.3528876823761316,ALG10,True,False,3.75389818464788
84930,MASTL,True,False,5.495767737006907,MASTL,True,False,3.117225085659588
84932,RAB2B,True,False,8.0280594137882,RAB2B,True,False,2.1432637577773788
84937,ZNRF1,True,False,17.30372162606259,ZNRF1,True,False,3.289798492526351
84938,ATG4C,True,False,6.994505094657955,ATG4C,True,False,3.2126796903536343
84945,ABHD13,True,False,5.51020511004949,ABHD13,True,False,1.901360222976724
84954,MPND,True,False,8.510413633187653,MPND,True,False,2.685640268642693
84957,RELT,True,False,7.018824902110489,RELT,True,False,3.4643125835689434
84959,UBASH3B,True,False,6.216703458933489,UBASH3B,True,False,3.1213603489538224
84961,FBXL20,True,False,6.758288852997601,FBXL20,True,False,4.234687379510841
84969,TOX2,True,False,6.069782054221657,TOX2,True,False,4.612106086478761
84971,ATG4D,True,False,8.169851209602953,ATG4D,True,False,3.1353185484059667
84988,PPP1R16A,True,False,5.633401309835927,PPP1R16A,True,False,3.7024648505284694
85004,RERG,True,False,7.695940755910048,RERG,True,False,2.3573285434676863
85007,PHYKPL,True,False,7.58274485244169,PHYKPL,True,False,2.8836289122783643
85015,USP45,True,False,7.309356376925908,USP45,True,False,3.3790857098638463
85313,PPIL4,True,False,6.466171620813096,PPIL4,True,False,3.3461659447223666
85320,ABCC11,True,False,10.021609058143142,ABCC11,True,False,3.137031552427996
85329,LGALS12,True,False,6.983833617080519,LGALS12,True,False,2.2718071934906865
85363,TRIM5,True,False,7.423622090020273,TRIM5,True,False,2.81946406222377
85365,ALG2,True,False,9.717867521134247,ALG2,True,False,2.8522305349218824
85366,MYLK2,True,False,6.273437776401769,MYLK2,True,False,2.966175423509482
85403,EAF1,True,False,6.777126298477185,EAF1,True,False,4.6371246609952115
85406,DNAJC14,True,False,6.527836484126101,DNAJC14,True,False,3.610342648454945
85464,SSH2,True,False,7.3392140900489515,SSH2,True,False,3.5001375053656023
85465,SELENOI,True,False,7.982827445943751,EPT1,True,False,3.601636996908197
85476,GFM1,True,False,6.668331793082336,GFM1,True,False,3.8516447071905766
85479,DNAJC5B,True,False,6.826494021479619,DNAJC5B,True,False,3.166843256021935
85481,PSKH2,True,False,5.359431083949254,PSKH2,True,False,2.711087372071577
89122,TRIM4,True,False,7.037857338113829,TRIM4,True,False,3.0624785833544026
89792,GAL3ST3,True,False,10.354011554424657,GAL3ST3,True,False,3.502824920642126
89796,NAV1,True,False,8.852939389444227,NAV1,True,False,4.923986304118291
89822,KCNK17,True,False,9.242883661040938,KCNK17,True,False,3.035049090948003
89832,CHRFAM7A,True,False,17.913617942888393,CHRFAM7A,True,False,4.21184491942491
89869,PLCZ1,True,False,6.710456700310395,PLCZ1,True,False,2.805646966620442
89870,TRIM15,True,False,16.197314031634424,TRIM15,True,False,2.8086838406994374
89872,AQP10,True,False,10.71205667209799,AQP10,True,False,2.975115568709946
89882,TPD52L3,True,False,7.9543966791566545,TPD52L3,True,False,2.266863647461275
89884,LHX4,True,False,9.018786177686176,LHX4,True,False,4.72777663691144
89887,ZNF628,True,False,6.195298393821467,ZNF628,True,False,3.506943303882866
89910,UBE3B,True,False,6.513843800469026,UBE3B,True,False,2.7355008708659985
89970,RSPRY1,True,False,7.495030891326974,RSPRY1,True,False,2.775405441230485
90025,UBE3D,True,False,7.24146319812407,UBE3D,True,False,2.7945293621348575
90134,KCNH7,True,False,9.528317850527621,KCNH7,True,False,2.9658641831610106
90161,HS6ST2,True,False,6.135541339717316,HS6ST2,True,False,2.8529696970202285
90268,OTULIN,True,False,8.241296093345742,OTULIN,True,False,2.7290944797385066
90316,TGIF2LX,True,False,12.609624885490305,TGIF2LX,True,False,3.3842071525898874
90333,ZNF468,True,False,8.287855237695076,ZNF468,True,False,3.418070790375228
90507,SCRN2,True,False,6.2278632623744965,SCRN2,True,False,3.240100145622066
90655,TGIF2LY,True,False,6.994429061609464,TGIF2LY,True,False,2.918027804984572
90678,LRSAM1,True,False,6.651204872856791,LRSAM1,True,False,2.833792880294553
90701,SEC11C,True,False,6.504840255312195,SEC11C,True,False,2.6887642491554713
90864,SPSB3,True,False,6.43622663566979,SPSB3,True,False,2.8316170486690453
90933,TRIM41,True,False,6.005649797211016,TRIM41,True,False,2.697611891168236
90956,ADCK2,True,False,5.855041266647437,ADCK2,True,False,3.1641220234931473
90990,KIFC2,True,False,9.000163224270931,KIFC2,True,False,3.570840485881832
90993,CREB3L1,True,False,7.10699906370242,CREB3L1,True,False,2.9063590079984625
91133,L3MBTL4,True,False,6.540883228678502,L3MBTL4,True,False,2.6919849537819864
91419,ATP23,True,False,9.649459857076709,ATP23,True,False,3.7993204897248822
91445,RNF185,True,False,9.287645545415922,RNF185,True,False,3.2035496112215434
91461,PKDCC,True,False,7.297612630512285,PKDCC,True,False,2.996658913243675
91543,RSAD2,True,False,7.193203632666344,RSAD2,True,False,3.625732307919088
91584,PLXNA4,True,False,6.111536634483086,PLXNA4,True,False,2.7711003533323875
91607,SLFN11,True,False,9.878797333005421,SLFN11,True,False,3.0370919675012242
91612,CHURC1,True,False,8.238597026542694,CHURC1,True,False,3.6780579210021096
91662,NLRP12,True,False,6.323177829834932,NLRP12,True,False,2.719141408400967
91694,LONRF1,True,False,6.2939604477879785,LONRF1,True,False,2.3057607184335085
91703,ACY3,True,False,7.1280682524436045,ACY3,True,False,3.619688410839536
91734,IDI2,True,False,7.787907596923096,IDI2,True,False,3.19889629393672
91754,NEK9,True,False,8.609118280358587,NEK9,True,False,3.5480480362804183
91807,MYLK3,True,False,7.412797571759098,MYLK3,True,False,3.1396419047336264
91975,ZNF300,True,False,6.696205925766889,ZNF300,True,False,2.708545590933929
92106,OXNAD1,True,False,6.750149081729933,OXNAD1,True,False,2.809194631744187
92181,UBTD2,True,False,6.935981426843587,UBTD2,True,False,3.491731231695691
92291,CAPN13,True,False,5.907775483168693,CAPN13,True,False,2.368921377008336
92292,GLYATL1,True,False,14.588997268326832,GLYATL1,True,False,3.9315838519218254
92305,TMEM129,True,False,7.679235070587665,TMEM129,True,False,3.7634689939076544
92335,STRADA,True,False,6.279568843128854,STRADA,True,False,2.9264432195240753
92369,SPSB4,True,False,30.42710543007117,SPSB4,True,False,3.0398247866025923
92370,PXYLP1,True,False,6.544225490894083,PXYLP1,True,False,2.8137062222339115
92483,LDHAL6B,True,False,19.118014591833855,LDHAL6B,True,False,2.4145809471093598
92565,FANK1,True,False,6.39009483354677,FANK1,True,False,2.4188517190897008
92579,G6PC3,True,False,19.04824964316266,G6PC3,True,False,3.02377693648122
92591,ASB16,True,False,7.154732972117732,ASB16,True,False,3.3618648177300114
92609,TIMM50,True,False,6.991939281131268,TIMM50,True,False,3.290820366369025
92703,TMEM183A,True,False,6.876833195541898,TMEM183A,True,False,4.0724152391851245
92935,MARS2,True,False,6.233461746032169,MARS2,True,False,3.417653622857845
92979,MARCHF9,True,False,7.768372495150607,MARCH9,True,False,4.304888109113628
93034,NT5C1B,True,False,6.7557544190134,NT5C1B,True,False,2.9191871861866314
93081,TEX30,True,False,7.072864141131229,TEX30,True,False,4.602978765245827
93082,NEURL3,True,False,6.639007902654396,NEURL3,True,False,4.087582240865323
93107,KCNG4,True,False,7.295081066606932,KCNG4,True,False,2.7832292459904844
93589,CACNA2D4,True,False,5.79937268132805,CACNA2D4,True,False,3.6539928868211673
93611,FBXO44,True,False,7.05027464025886,FBXO44,True,False,2.8882375966505833
93627,TBCK,True,False,5.7025317888902025,TBCK,True,False,3.9083326589410072
93979,CPA5,True,False,8.705551354239615,CPA5,True,False,2.4582138708574734
93986,FOXP2,True,False,12.987809100327123,FOXP2,True,False,2.9859740719352152
94081,SFXN1,True,False,8.441481573665964,SFXN1,True,False,3.16125120206548
94097,SFXN5,True,False,10.726741586820072,SFXN5,True,False,2.902857996314999
94120,SYTL3,True,False,5.781447126708075,SYTL3,True,False,3.3476140826019187
94121,SYTL4,True,False,6.696601603298973,SYTL4,True,False,3.2805417560169565
94233,OPN4,True,False,6.989001153434755,OPN4,True,False,3.7331655640164008
95681,CEP41,True,False,7.41306937339111,CEP41,True,False,2.7634738877801155
96764,TGS1,True,False,7.621258646616425,TGS1,True,False,4.082476569268348
112398,EGLN2,True,False,5.763768046487061,EGLN2,True,False,3.391631711498445
112399,EGLN3,True,False,7.512684267180423,EGLN3,True,False,2.4279978046614645
112401,BIRC8,True,False,6.985139776192104,BIRC8,True,False,3.117715546451112
112483,SAT2,True,False,6.446165380201621,SAT2,True,False,2.4312363481260046
112724,RDH13,True,False,6.0533021412335115,RDH13,True,False,2.928830450617704
112770,GLMP,True,False,8.157975982498547,GLMP,True,False,3.4888212366016114
112849,L3HYPDH,True,False,5.858151786314404,L3HYPDH,True,False,2.9552284722598503
112858,TP53RK,True,False,8.850536860276312,TP53RK,True,False,3.2394967611291996
112885,PHF21B,True,False,6.396426271582209,PHF21B,True,False,3.0856397453228066
112939,NACC1,True,False,14.417555683420908,NACC1,True,False,3.2548572510454874
113189,CHST14,True,False,9.732493720212176,CHST14,True,False,2.8384392597391805
113220,KIF12,True,False,7.941106847261704,KIF12,True,False,3.394432209525575
113235,SLC46A1,True,False,6.751574313501567,SLC46A1,True,False,3.9084837075922656
113451,AZIN2,True,False,9.61227800663,AZIN2,True,False,3.2748581009247126
113612,CYP2U1,True,False,9.064675039839942,CYP2U1,True,False,2.711141873916056
113622,ADPRHL1,True,False,6.097378651690428,ADPRHL1,True,False,2.6336027338160397
113675,SDSL,True,False,6.258223798427148,SDSL,True,False,2.384154189697742
113829,SLC35A4,True,False,7.8639488658377745,SLC35A4,True,False,2.6083954654885595
113878,DTX2,True,False,7.208726016000945,DTX2,True,False,3.5407044146670525
114049,BUD23,True,False,6.5790063003146635,WBSCR22,True,False,8.020170591759982
114088,TRIM9,True,False,7.485247071723066,TRIM9,True,False,3.2443007949940568
114112,TXNRD3,True,False,7.94705276931909,TXNRD3,True,False,2.4898670652819344
114134,SLC2A13,True,False,7.858805350741914,SLC2A13,True,False,2.1863339994242197
114294,LACTB,True,False,18.5263065344916,LACTB,True,False,4.064886732433286
114571,SLC22A9,True,False,7.355930158892017,SLC22A9,True,False,3.750797692807928
114771,PGLYRP3,True,False,9.175150585258166,PGLYRP3,True,False,2.5030137440770783
114780,PKD1L2,True,False,6.074114845337823,PKD1L2,True,False,1.90591678090254
114789,SLC25A25,True,False,15.828990011988456,SLC25A25,True,False,2.3234347320783284
114805,GALNT13,True,False,6.97776001852953,GALNT13,True,False,2.3655082906967517
114836,SLAMF6,True,False,6.497822229474232,SLAMF6,True,False,2.842238730820376
114907,FBXO32,True,False,6.89131823873132,FBXO32,True,False,2.6330524698702797
114987,WDR31,True,False,6.600848652131309,WDR31,True,False,3.2393522533541588
115201,ATG4A,True,False,5.863176230246179,ATG4A,True,False,3.32900125045503
115209,OMA1,True,False,6.44952029301045,OMA1,True,False,2.3631287858239154
115290,FBXO17,True,False,11.918760474472458,FBXO17,True,False,3.4678338697557756
115330,GPR146,True,False,11.728028272516552,GPR146,True,False,3.0350604313426808
115509,ZNF689,True,False,6.570614552252139,ZNF689,True,False,2.9437589691990986
115584,SLC5A11,True,False,7.160972611782399,SLC5A11,True,False,2.858050351843447
115653,KIR3DL3,True,False,5.872723055077883,KIR3DL3,True,False,3.4383549144532806
115701,ALPK2,True,False,8.174104858024707,ALPK2,True,False,2.3742925737976512
115708,TRMT61A,True,False,7.9474158214463255,TRMT61A,True,False,3.8297870542248753
115817,DHRS1,True,False,6.408351813700805,DHRS1,True,False,3.6731692061904786
115827,RAB3C,True,False,6.443803778935212,RAB3C,True,False,2.585775196233739
115861,NXNL1,True,False,6.145056151244081,NXNL1,True,False,2.7149910017342
115992,RNF166,True,False,5.767663552815672,RNF166,True,False,4.040490660940854
116039,OSR2,True,False,10.028812907392956,OSR2,True,False,3.0579679266760063
116085,SLC22A12,True,False,14.216971029150479,SLC22A12,True,False,2.9961478679618
116285,ACSM1,True,False,10.309716112607028,ACSM1,True,False,2.639329843583688
116362,RBP7,True,False,7.539645608724643,RBP7,True,False,2.7456335242681247
116379,IL22RA2,True,False,6.397061317657589,IL22RA2,True,False,2.347252675923826
116443,GRIN3A,True,False,7.658493745233879,GRIN3A,True,False,2.540024282868001
116511,MAS1L,True,False,6.142228270285022,MAS1L,True,False,3.3255739105821087
116534,MRGPRE,True,False,6.942700747943676,MRGPRE,True,False,3.805680269477647
117154,DACH2,True,False,5.430012952300497,DACH2,True,False,2.945980200342739
117155,CATSPER2,True,False,6.234798542974807,CATSPER2,True,False,2.9099242013277156
117195,MRGPRX3,True,False,6.242050074794979,MRGPRX3,True,False,3.302144946476784
117196,MRGPRX4,True,False,7.59499037525534,MRGPRX4,True,False,3.0969116518528206
117246,FTSJ3,True,False,6.737382227181009,FTSJ3,True,False,7.2199257885085535
117248,GALNT15,True,False,7.273631329175522,GALNT15,True,False,3.448543638483331
117283,IP6K3,True,False,9.442000887532576,IP6K3,True,False,3.667412771968491
117581,TWIST2,True,False,9.41885685048928,TWIST2,True,False,2.80842505738712
117584,RFFL,True,False,7.580231300516688,RFFL,True,False,2.709324166230274
118424,UBE2J2,True,False,6.93177715502195,UBE2J2,True,False,3.002248765663428
118672,PSTK,True,False,6.182042203150084,PSTK,True,False,3.9256330848254324
118788,PIK3AP1,True,False,5.9242169912707405,PIK3AP1,True,False,2.6841155501771685
118881,COMTD1,True,False,9.328384394340143,COMTD1,True,False,2.8330460296059443
118932,ANKRD22,True,False,5.9995618801009085,ANKRD22,True,False,3.0101704664707905
118980,SFXN2,True,False,11.720913175168342,SFXN2,True,False,2.6472510620782157
119391,GSTO2,True,False,6.523091084038223,GSTO2,True,False,2.3693164592887968
119548,PNLIPRP3,True,False,6.013827292043606,PNLIPRP3,True,False,2.404864631596921
119559,SFXN4,True,False,7.700612057457553,SFXN4,True,False,3.131650636922013
119587,CPXM2,True,False,7.303775406596789,CPXM2,True,False,2.555853418614191
120103,SLC36A4,True,False,6.376149697195067,SLC36A4,True,False,2.935709262893167
120892,LRRK2,True,False,6.997133660459145,LRRK2,True,False,3.1796878944796445
121214,SDR9C7,True,False,8.225095686544444,SDR9C7,True,False,3.139047201404919
121278,TPH2,True,False,6.667517657796534,TPH2,True,False,2.8811255707301027
121536,AEBP2,True,False,7.059033306852398,AEBP2,True,False,2.4707114537265435
121599,SPIC,True,False,10.705007803898622,SPIC,True,False,2.7084556525616943
121601,ANO4,True,False,7.9352473261992404,ANO4,True,False,2.659184497434981
121642,ALKBH2,True,False,7.27346690307031,ALKBH2,True,False,3.270055186663525
121643,FOXN4,True,False,9.848582218156302,FOXN4,True,False,2.960760819432214
121665,SPPL3,True,False,5.612411381630167,SPPL3,True,False,3.788449037092879
122011,CSNK1A1L,True,False,8.786590463956395,CSNK1A1L,True,False,4.201397110046155
122481,AK7,True,False,5.674213428014727,AK7,True,False,2.9506820925382367
122618,PLD4,True,False,6.89906374615111,PLD4,True,False,4.067647599040304
122622,ADSS1,True,False,6.074435750050945,ADSSL1,True,False,3.0245459850857856
122769,LRR1,True,False,5.622076523389046,LRR1,True,False,26.39897191729199
122809,SOCS4,True,False,6.466821495750798,SOCS4,True,False,3.0364154164416544
122970,ACOT4,True,False,10.772967222153524,ACOT4,True,False,3.041310735583883
123096,SLC25A29,True,False,6.128464501946697,SLC25A29,True,False,3.882427537186035
123099,DEGS2,True,False,6.94087944771094,DEGS2,True,False,3.0782617226146263
123228,SENP8,True,False,5.957924810674623,SENP8,True,False,2.5584512467120852
123263,MTFMT,True,False,6.687867533278178,MTFMT,True,False,2.1270374312228486
124274,GPR139,True,False,21.58894063806837,GPR139,True,False,3.694273821857625
124359,CDYL2,True,False,6.703700278320902,CDYL2,True,False,2.9951938858193556
124401,ANKS3,True,False,6.823674822607477,ANKS3,True,False,3.895607537551307
124411,ZNF720,True,False,7.449108252652612,ZNF720,True,False,3.1366549485955124
124583,CANT1,True,False,7.319930813299307,CANT1,True,False,2.8426800239724255
124641,OVCA2,True,False,5.855155828984922,OVCA2,True,False,3.7979745568560888
124872,B4GALNT2,True,False,11.273712349063263,B4GALNT2,True,False,3.119536127014341
124912,SPACA3,True,False,7.231040628332692,SPACA3,True,False,3.0725374343438614
124923,RSKR,True,False,9.735658218894113,SGK494,True,False,4.231610926511744
125061,AFMID,True,False,6.0727888959625,AFMID,True,False,2.758233912102505
125206,SLC5A10,True,False,5.911062759547461,SLC5A10,True,False,2.8496008507383217
125336,LOXHD1,True,False,7.09405449126295,LOXHD1,True,False,2.8986567304687454
125965,COX6B2,True,False,8.636523530540579,COX6B2,True,False,3.06108462367959
125981,ACER1,True,False,6.121423759860317,ACER1,True,False,2.4659574780500932
126119,JOSD2,True,False,6.981455362378438,JOSD2,True,False,3.4160078519402552
126433,FBXO27,True,False,7.553598720527698,FBXO27,True,False,3.041538201279004
126520,PLK5,True,False,8.051741569053954,PLK5,True,False,2.9328826545910296
126789,PUSL1,True,False,8.477427130985456,PUSL1,True,False,2.652311629447435
127018,LYPLAL1,True,False,7.188201029977537,LYPLAL1,True,False,2.627502161503814
127124,ATP6V1G3,True,False,9.294679452195268,ATP6V1G3,True,False,3.0438442937047663
127247,ASB17,True,False,7.209593613540554,ASB17,True,False,2.321858755960863
127534,GJB4,True,False,6.636360544129343,GJB4,True,False,2.2319826136103353
127544,RNF19B,True,False,7.975907047747291,RNF19B,True,False,3.3437710259077194
127933,UHMK1,True,False,6.986068210317043,UHMK1,True,False,3.107277268905607
128408,BHLHE23,True,False,7.046288143609214,BHLHE23,True,False,2.45560537426293
128674,PROKR2,True,False,6.508670463881905,PROKR2,True,False,2.8450870908036925
128853,DUSP15,True,False,7.259835429443942,DUSP15,True,False,3.3200821315841518
129138,ANKRD54,True,False,6.62398403338186,ANKRD54,True,False,2.623548184800759
129685,TAF8,True,False,10.787960843491792,TAF8,True,False,4.134047385764514
129807,NEU4,True,False,8.420017569827316,NEU4,True,False,2.8051969127249654
129868,TRIM43,True,False,10.984142633054265,TRIM43,True,False,3.47214434088816
130013,ACMSD,True,False,6.16312019837631,ACMSD,True,False,4.034048166529817
130367,SGPP2,True,False,7.0751592063375,SGPP2,True,False,3.07507652236641
130399,ACVR1C,True,False,8.781819951079015,ACVR1C,True,False,3.122248536831761
130589,GALM,True,False,6.3626491329000725,GALM,True,False,2.7655869171510306
130749,CPO,True,False,7.506815519370171,CPO,True,False,3.093782561494402
131601,TPRA1,True,False,6.3463360430075895,TPRA1,True,False,2.655359832569746
131890,GRK7,True,False,6.970567722688873,GRK7,True,False,2.408581724909803
131965,METTL6,True,False,7.4486346286249185,METTL6,True,False,2.667692788350518
132158,GLYCTK,True,False,15.342378233060384,GLYCTK,True,False,2.1967840734015884
132160,PPM1M,True,False,7.064162107800106,PPM1M,True,False,2.7390070735926173
132612,ADAD1,True,False,6.3971843467702305,ADAD1,True,False,3.3579206339757905
132724,TMPRSS11B,True,False,5.664416572564153,TMPRSS11B,True,False,2.1988887202740446
132789,GNPDA2,True,False,7.305212023486516,GNPDA2,True,False,2.666893131111156
132949,AASDH,True,False,6.981545916817389,AASDH,True,False,3.2207449671717665
133121,ENPP6,True,False,8.307154941556734,ENPP6,True,False,3.429248353416188
133482,SLCO6A1,True,False,16.446978774034786,SLCO6A1,True,False,2.641423868682315
133522,PPARGC1B,True,False,7.037175755874752,PPARGC1B,True,False,2.8352148245000763
133688,UGT3A1,True,False,8.383517970521709,UGT3A1,True,False,7.180425298323982
133746,JMY,True,False,7.258914287436738,JMY,True,False,5.772688539514472
134147,CMBL,True,False,7.129162169187788,CMBL,True,False,2.967298717581153
134187,POU5F2,True,False,6.686483881444776,POU5F2,True,False,2.362727265841912
134510,UBLCP1,True,False,6.452113499648989,UBLCP1,True,False,3.0244982309150186
134526,ACOT12,True,False,6.650820171521453,ACOT12,True,False,2.479260350933313
134637,ADAT2,True,False,7.210085024467274,ADAT2,True,False,2.873815066095595
135152,B3GAT2,True,False,8.00270036946139,B3GAT2,True,False,2.834002345830454
135293,PM20D2,True,False,6.939371332823107,PM20D2,True,False,2.8666966160806178
135892,TRIM50,True,False,10.607849269957088,TRIM50,True,False,4.442940880602389
136242,PRSS37,True,False,6.510047509778194,PRSS37,True,False,1.8253796600879848
136332,LRGUK,True,False,6.416113825907747,LRGUK,True,False,3.199791688172272
136371,ASB10,True,False,7.872639186774017,ASB10,True,False,2.2075502077672637
136541,PRSS58,True,False,7.830396518043406,PRSS58,True,False,2.222490879276122
136853,SSC4D,True,False,6.727673719085299,SSC4D,True,False,3.336924838970826
137362,GOT1L1,True,False,6.814945924568333,GOT1L1,True,False,2.6773459203862293
137902,PXDNL,True,False,7.334205991104174,PXDNL,True,False,3.1138056971496857
137964,GPAT4,True,False,7.519354299207197,GPAT4,True,False,2.136232736491179
138065,RNF183,True,False,6.79883602792385,RNF183,True,False,3.7921056333991534
138428,PTRH1,True,False,9.777831297653613,PTRH1,True,False,3.2994388293499886
138429,PIP5KL1,True,False,7.585404678930702,PIP5KL1,True,False,3.4712767374867237
139189,DGKK,True,False,6.694620598829522,DGKK,True,False,3.3203865434516384
139628,FOXR2,True,False,13.118564414401325,FOXR2,True,False,2.6461232625206472
139728,PNCK,True,False,5.827425846934684,PNCK,True,False,2.795658363118595
139760,GPR119,True,False,7.345455591866884,GPR119,True,False,2.8457444900580082
140456,ASB11,True,False,7.34124019893148,ASB11,True,False,2.7237438637379734
140459,ASB6,True,False,8.23612216793736,ASB6,True,False,2.3250358786596874
140460,ASB7,True,False,5.894103354614599,ASB7,True,False,2.6501339955285004
140461,ASB8,True,False,6.279359070163488,ASB8,True,False,2.5642807586279
140462,ASB9,True,False,7.762020832203189,ASB9,True,False,2.1961034681407514
140469,MYO3B,True,False,6.162625918710328,MYO3B,True,False,2.732584789684451
140545,RNF32,True,False,7.322124830999705,RNF32,True,False,3.3349414761361547
140564,APOBEC3D,True,False,6.89263625995597,APOBEC3D,True,False,2.4395659635402667
140609,NEK7,True,False,6.812205650380254,NEK7,True,False,2.683422710045603
140690,CTCFL,True,False,15.123198349272984,CTCFL,True,False,2.4801978791238297
140691,TRIM69,True,False,6.879454125117733,TRIM69,True,False,2.3290937618048217
140738,TMEM37,True,False,6.049048168361089,TMEM37,True,False,2.855759190371493
140838,NANP,True,False,6.505694139783971,NANP,True,False,3.122256239482529
140885,SIRPA,True,False,8.61125989923023,SIRPA,True,False,3.7771195456404274
140901,STK35,True,False,11.687371868145902,STK35,True,False,3.0530021717542235
142679,DUSP19,True,False,7.057061668792139,DUSP19,True,False,2.5551665919021262
142684,RAB40A,True,False,7.992801510740883,RAB40A,True,False,2.3156024171728973
142686,ASB14,True,False,5.771806261460172,ASB14,True,False,6.2116034629982115
142940,TRUB1,True,False,8.380559087030294,TRUB1,True,False,3.4910086032421437
143098,MPP7,True,False,5.903493795576953,MPP7,True,False,2.1170379916414124
143384,CACUL1,True,False,6.399857460232947,CACUL1,True,False,2.578193860718222
143471,PSMA8,True,False,5.914170648553437,PSMA8,True,False,2.839692669391358
144165,PRICKLE1,True,False,7.307825187616582,PRICKLE1,True,False,4.975952194865097
144195,SLC2A14,True,False,10.177228433426611,SLC2A14,True,False,3.4256825327266194
144245,ALG10B,True,False,7.775210043135644,ALG10B,True,False,4.299983695941127
144423,GLT1D1,True,False,6.983802347877645,GLT1D1,True,False,3.009022167640379
144455,E2F7,True,False,15.814335367522796,E2F7,True,False,3.5785099275108974
144699,FBXL14,True,False,10.10591529375696,FBXL14,True,False,2.656693777967718
145226,RDH12,True,False,7.3226669599501815,RDH12,True,False,4.261244855475971
145258,GSC,True,False,9.575228879466197,GSC,True,False,6.633527290347246
145389,SLC38A6,True,False,9.357121180024023,SLC38A6,True,False,3.3017803803928243
145447,ABHD12B,True,False,7.153541886689697,ABHD12B,True,False,2.362232645573598
145482,PTGR2,True,False,6.5293447612688205,PTGR2,True,False,2.6776427173729465
145873,MESP2,True,False,8.479973969242113,MESP2,True,False,2.5625689746109837
146310,RNF151,True,False,6.8923000024733945,RNF151,True,False,2.5499963752321646
146330,FBXL16,True,False,6.729697998279209,FBXL16,True,False,5.391214287518137
146712,B3GNTL1,True,False,6.939947517678528,B3GNTL1,True,False,2.6686660729956815
147015,DHRS13,True,False,8.241482060880857,DHRS13,True,False,3.742247838698313
147700,KLC3,True,False,18.682331881600852,KLC3,True,False,3.115530650730704
147746,HIPK4,True,False,43.73068672343486,HIPK4,True,False,2.7598802686923283
148066,ZNRF4,True,False,7.010694701460095,ZNRF4,True,False,2.950424945353728
148327,CREB3L4,True,False,7.201873560943508,CREB3L4,True,False,2.9484314404833176
148479,PHF13,True,False,8.815143740786253,PHF13,True,False,3.277664828935699
148581,UBE2U,True,False,6.975367894688768,UBE2U,True,False,3.265010008279962
148789,B3GALNT2,True,False,7.1368855308995744,B3GALNT2,True,False,2.8267410961423143
149233,IL23R,True,False,7.9866518885817275,IL23R,True,False,3.039721854055711
149420,PDIK1L,True,False,6.827002050416081,PDIK1L,True,False,2.832280640860108
150209,AIFM3,True,False,6.38946097697154,AIFM3,True,False,2.589888029896007
150290,DUSP18,True,False,8.004177428533358,DUSP18,True,False,2.662756335133804
150465,TTL,True,False,7.206192065308195,TTL,True,False,3.0463108485318515
150572,SMYD1,True,False,6.584902817696336,SMYD1,True,False,3.309685768957302
150696,PROM2,True,False,6.055698674282568,PROM2,True,False,2.657700973472859
151056,PLB1,True,False,6.708065350515717,PLB1,True,False,3.0857021989040403
151112,ZSWIM2,True,False,7.605602675603303,ZSWIM2,True,False,2.9097031688093673
151242,PPP1R1C,True,False,7.058626375744474,PPP1R1C,True,False,2.9897064301870646
151258,SLC38A11,True,False,7.71573288730707,SLC38A11,True,False,3.5566819744080895
151295,SLC23A3,True,False,6.445457034050388,SLC23A3,True,False,2.4369445792260374
151306,GPBAR1,True,False,13.063847148442386,GPBAR1,True,False,2.7679346564516925
151313,FAHD2B,True,False,8.918611344163965,FAHD2B,True,False,2.7513147862362244
151516,ASPRV1,True,False,7.313163058091397,ASPRV1,True,False,2.705847461491854
151531,UPP2,True,False,6.321129913509514,UPP2,True,False,2.8480724079762245
151636,DTX3L,True,False,6.984820395059064,DTX3L,True,False,3.8100658896799198
151742,PPM1L,True,False,8.145886544862238,PPM1L,True,False,3.6160690378895586
152110,NEK10,True,False,6.63842913074307,NEK10,True,False,4.06590877045533
152926,PPM1K,True,False,9.594987986972559,PPM1K,True,False,3.6192259856071285
153201,SLC36A2,True,False,8.343704519010085,SLC36A2,True,False,3.5771803361560934
153222,CREBRF,True,False,6.076445350932533,CREBRF,True,False,3.374799993887041
153572,IRX2,True,False,6.120489672084042,IRX2,True,False,5.363087832172319
153642,ARSK,True,False,8.130697559546016,ARSK,True,False,2.9859848031043166
153769,SH3RF2,True,False,7.694851847974275,SH3RF2,True,False,3.000717576627747
153830,RNF145,True,False,6.877210958074035,RNF145,True,False,4.674303363575582
154091,SLC2A12,True,False,11.550446937444871,SLC2A12,True,False,2.618868144454104
154214,RNF217,True,False,7.187628095496242,RNF217,True,False,2.4868487139320425
155185,AMZ1,True,False,10.043209484054222,AMZ1,True,False,2.5915909730105384
157285,PRAG1,True,False,6.837465651515923,SGK223,True,False,3.316560997433246
157574,FBXO16,True,False,10.171086699813976,FBXO16,True,False,2.186680937929184
157724,SLC7A13,True,False,7.041116929427092,SLC7A13,True,False,2.840640241223505
158067,AK8,True,False,6.280197204910726,AK8,True,False,3.18485977482549
158506,CBLL2,True,False,8.723481458186939,ZNF645,True,False,2.969757748423473
158584,FAAH2,True,False,8.052182315627125,FAAH2,True,False,2.508120000536295
158798,AKAP14,True,False,6.534270696312075,AKAP14,True,False,2.4657186334576924
159195,USP54,True,False,6.102004655963688,USP54,True,False,2.616929429043499
159296,NKX2-3,True,False,7.006860222139083,NKX2-3,True,False,2.6869487562327206
159963,SLC5A12,True,False,7.664064388110686,SLC5A12,True,False,2.8825223862178673
160428,ALDH1L2,True,False,8.097774050269793,ALDH1L2,True,False,2.5244091450235175
160760,PPTC7,True,False,15.97649528066207,PPTC7,True,False,3.297145723099245
162333,MARCHF10,True,False,7.032729628142447,MARCH10,True,False,4.135161053560954
162394,SLFN5,True,False,7.054803077510581,SLFN5,True,False,3.4477245680840087
162515,SLC16A11,True,False,6.591824003354546,SLC16A11,True,False,3.1586068329473926
162517,FBXO39,True,False,5.944324341576223,FBXO39,True,False,5.743459917920902
162540,SPPL2C,True,False,5.938649099347114,SPPL2C,True,False,3.0673196460795045
163059,ZNF433,True,False,6.100675510378877,ZNF433,True,False,4.3372757181836015
164656,TMPRSS6,True,False,6.143581950807172,TMPRSS6,True,False,3.0906249493830726
165140,OXER1,True,False,15.102508425570308,OXER1,True,False,4.081962177498262
165829,GPR156,True,False,6.651818540079915,GPR156,True,False,3.0336966210672776
165918,RNF168,True,False,7.78795198965957,RNF168,True,False,3.9908448443483273
166012,CHST13,True,False,7.699781651974503,CHST13,True,False,2.3138953725589757
166614,DCLK2,True,False,14.895773440790961,DCLK2,True,False,2.4814688889087777
166647,ADGRA3,True,False,7.809822208892158,ADGRA3,True,False,2.6653753453268396
166655,TRIM60,True,False,6.976351703202215,TRIM60,True,False,3.421721341970591
166785,MMAA,True,False,6.045286776124886,MMAA,True,False,3.193652672140981
166929,SGMS2,True,False,6.93533845285171,SGMS2,True,False,3.210685746455045
167127,UGT3A2,True,False,5.998256395766718,UGT3A2,True,False,2.9432739734216398
167359,NIM1K,True,False,8.085492862416022,NIM1K,True,False,2.9168090103738913
167681,PRSS35,True,False,6.550205463377487,PRSS35,True,False,4.582780822574091
167826,OLIG3,True,False,6.35984967431084,OLIG3,True,False,2.454201248111111
168391,GALNTL5,True,False,7.402357010711152,GALNTL5,True,False,2.7911094476118214
168433,RNF133,True,False,6.337780128272105,RNF133,True,False,2.909168548528609
168544,ZNF467,True,False,6.001272017560166,ZNF467,True,False,3.04802717553077
169026,SLC30A8,True,False,7.292709249508225,SLC30A8,True,False,2.953558897055877
169522,KCNV2,True,False,7.149442446961402,KCNV2,True,False,2.586956175924274
169611,OLFML2A,True,False,5.551321753311034,OLFML2A,True,False,2.812126895990255
169792,GLIS3,True,False,6.058922131971006,GLIS3,True,False,3.064743192992211
169841,ZNF169,True,False,5.691098129326454,ZNF169,True,False,3.0102129723579063
170392,OIT3,True,False,9.00372236721578,OIT3,True,False,2.53656467176229
170463,SSBP4,True,False,6.722017062666165,SSBP4,True,False,3.934170143858891
170506,DHX36,True,False,6.643917715860211,DHX36,True,False,3.9356920155860586
170572,HTR3C,True,False,12.725999977307145,HTR3C,True,False,2.693580757746475
170685,NUDT10,True,False,7.301644550791409,NUDT10,True,False,4.825431801044922
170689,ADAMTS15,True,False,8.076724177068575,ADAMTS15,True,False,3.1260998942122056
170692,ADAMTS18,True,False,5.7168076856445245,ADAMTS18,True,False,2.6069810655297725
170850,KCNG3,True,False,8.446206759637029,KCNG3,True,False,6.083425856264567
170959,ZNF431,True,False,6.52593326121345,ZNF431,True,False,2.9840802619812825
171017,ZNF384,True,False,7.292243625018289,ZNF384,True,False,3.398927750168535
171425,CLYBL,True,False,7.765609860397116,CLYBL,True,False,2.7159913193214598
192134,B3GNT6,True,False,20.230335785073407,B3GNT6,True,False,2.87263828584541
192669,AGO3,True,False,6.199064944488296,AGO3,True,False,3.986352233891007
195814,SDR16C5,True,False,6.344193284887432,SDR16C5,True,False,2.949615919790764
196051,PLPP4,True,False,8.59662741235051,PLPP4,True,False,3.045568430353095
196294,IMMP1L,True,False,6.132124339950952,IMMP1L,True,False,1.9596948412860067
196403,DTX3,True,False,5.9935795771349065,DTX3,True,False,4.0293373071979985
196527,ANO6,True,False,6.678341875223181,ANO6,True,False,3.1526201002139804
197257,LDHD,True,False,6.653264484625615,LDHD,True,False,2.2209946508167313
197258,FCSK,True,False,20.525657611385864,FUK,True,False,2.949723655570475
197259,MLKL,True,False,5.168991534649512,MLKL,True,False,2.5927503782428536
197370,NSMCE1,True,False,6.987865846291015,NSMCE1,True,False,3.4644031952692895
200150,PLD5,True,False,6.3537387386416535,PLD5,True,False,2.8031833285107917
200315,APOBEC3A,True,False,21.85114170422513,APOBEC3A,True,False,2.93038209571271
200576,PIKFYVE,True,False,7.372152486785576,PIKFYVE,True,False,4.334341368332722
200879,LIPH,True,False,6.583304233476813,LIPH,True,False,2.994395033636859
200909,HTR3D,True,False,12.368586912914367,HTR3D,True,False,2.679405846893599
201292,TRIM65,True,False,6.611659153847124,TRIM65,True,False,3.334692002754534
201562,HACD2,True,False,5.994191903480005,HACD2,True,False,3.994490029551603
201595,STT3B,True,False,6.5998108989687685,STT3B,True,False,2.746569950178606
202374,STK32A,True,False,5.852562249105047,STK32A,True,False,2.679682320365077
203054,ADCK5,True,False,4.6367973025764275,ADCK5,True,False,2.5171546629329864
203100,HTRA4,True,False,7.85910721560426,HTRA4,True,False,1.767972271905707
203102,ADAM32,True,False,6.305295000343589,ADAM32,True,False,3.603505489564047
203427,SLC25A43,True,False,6.396751241631457,SLC25A43,True,False,2.8556759121666073
203523,ZNF449,True,False,7.138673891497607,ZNF449,True,False,2.713766532096198
204219,CERS3,True,False,7.083939347286418,CERS3,True,False,2.440665277505562
204851,HIPK1,True,False,6.135571521866026,HIPK1,True,False,2.053818895061832
205564,SENP5,True,False,8.521192906081609,SENP5,True,False,3.250862395757294
206338,LVRN,True,False,5.3118007414976605,LVRN,True,False,3.8709831535768253
219333,USP12,True,False,7.699308587699438,USP12,True,False,3.3755194634966497
219402,MTIF3,True,False,7.172733688707248,MTIF3,True,False,2.998204888863692
219527,LRRC55,True,False,8.062808949438631,LRRC55,True,False,2.848954590345855
219743,TYSND1,True,False,6.145293539645572,TYSND1,True,False,2.6301608880049936
219855,SLC37A2,True,False,11.766204296274934,SLC37A2,True,False,3.1262371692044058
219970,GLYATL2,True,False,6.357175386685757,GLYATL2,True,False,3.5066641046306604
220202,ATOH7,True,False,7.220801659517526,ATOH7,True,False,2.9284891534016704
220441,RNF152,True,False,7.031011861183078,RNF152,True,False,2.43368995107097
220972,MARCHF8,True,False,6.817857986098966,MARCH8,True,False,3.8730773394171223
221078,NSUN6,True,False,5.928597683367363,NSUN6,True,False,2.778499126664539
221120,ALKBH3,True,False,6.130950503073808,ALKBH3,True,False,3.1795095895749754
221188,ADGRG5,True,False,6.311705683128288,ADGRG5,True,False,3.964218623324246
221264,AK9,True,False,6.8602207828439115,AK9,True,False,3.173224698606566
221391,OPN5,True,False,23.875021591469654,OPN5,True,False,2.894262677252453
221687,RNF182,True,False,6.5946685792259485,RNF182,True,False,3.241065853114732
221823,PRPS1L1,True,False,6.110197247320185,PRPS1L1,True,False,2.958679798267797
221833,SP8,True,False,8.799375822946766,SP8,True,False,2.849444858387375
221955,DAGLB,True,False,7.219133501479223,DAGLB,True,False,3.3569627216495603
222235,FBXL13,True,False,6.227872859913041,FBXL13,True,False,4.924880002974737
222484,LNX2,True,False,6.940872518943484,LNX2,True,False,2.8555940236954434
222487,ADGRG3,True,False,6.4041010209033535,ADGRG3,True,False,3.6067533717847335
222537,HS3ST5,True,False,16.508339454200765,HS3ST5,True,False,2.711699087575182
222546,RFX6,True,False,7.462518881716688,RFX6,True,False,2.7684500125649283
222894,FERD3L,True,False,13.287030629834469,FERD3L,True,False,2.6303016301053472
225689,MAPK15,True,False,5.948651474254455,MAPK15,True,False,2.715861016992683
245806,VGLL2,True,False,8.087589728098413,VGLL2,True,False,2.963678295521403
245972,ATP6V0D2,True,False,6.837321637558467,ATP6V0D2,True,False,2.793973252422093
245973,ATP6V1C2,True,False,7.0619950222333205,ATP6V1C2,True,False,2.52746004906366
246213,SLC17A8,True,False,7.370908568374145,SLC17A8,True,False,2.6647378699515394
246330,PELI3,True,False,6.576722076770085,PELI3,True,False,2.9915839873324366
252884,ZNF396,True,False,5.239002036758601,ZNF396,True,False,3.598418582095766
253152,EPHX4,True,False,8.50127743236726,EPHX4,True,False,2.460455252882927
253190,SERHL2,True,False,6.003706717854493,SERHL2,True,False,1.8976007089699785
253430,IPMK,True,False,6.660223943830378,IPMK,True,False,4.135015310074653
253461,ZBTB38,True,False,6.4980637649042325,ZBTB38,True,False,2.6115817239057524
253558,LCLAT1,True,False,6.2730793412824735,LCLAT1,True,False,2.5685631908592588
253738,EBF3,True,False,14.720380181437978,EBF3,True,False,2.703702583632226
253782,CERS6,True,False,10.316629659515108,CERS6,True,False,3.0209587159868736
253827,MSRB3,True,False,8.311522582662807,MSRB3,True,False,2.894812656147446
254042,METAP1D,True,False,6.124393832449133,METAP1D,True,False,2.805327983444334
254251,LCORL,True,False,6.382120561238365,LCORL,True,False,2.968872086840064
254295,PHYHD1,True,False,6.461766345098727,PHYHD1,True,False,6.9937010597715235
254428,SLC41A1,True,False,6.811693056317848,SLC41A1,True,False,2.4657930050895938
254773,LYG2,True,False,7.329437332049359,LYG2,True,False,3.2403359506828266
254827,NAALADL2,True,False,6.839871966576488,NAALADL2,True,False,2.2653642383410837
255022,CALHM1,True,False,7.930076786548416,CALHM1,True,False,2.8092155466799897
255220,TXNDC8,True,False,5.8701574035758,TXNDC8,True,False,2.726734776286903
255488,RNF144B,True,False,7.32202932011895,RNF144B,True,False,2.7787214327095917
255877,BCL6B,True,False,7.026936609459085,BCL6B,True,False,3.1187156140288157
256281,NUDT14,True,False,6.791173137496262,NUDT14,True,False,3.0481068432762175
256356,GK5,True,False,9.468159187382005,GK5,True,False,2.54968087235669
256380,SCML4,True,False,8.820331726853787,SCML4,True,False,2.4038392246982747
256435,ST6GALNAC3,True,False,8.752745747598262,ST6GALNAC3,True,False,2.7227476228651595
257062,CATSPERD,True,False,7.379163857255223,CATSPERD,True,False,3.7864852541096687
257068,PLCXD2,True,False,6.265819251085991,PLCXD2,True,False,3.0168354429625355
257160,RNF214,True,False,6.20761173094769,RNF214,True,False,3.782356008884808
259197,NCR3,True,False,9.999256028951415,NCR3,True,False,3.1946062999126483
259232,NALCN,True,False,6.288917308951832,NALCN,True,False,2.610893261719501
259307,IL4I1,True,False,5.842720134397941,IL4I1,True,False,3.7261197321721986
260293,CYP4X1,True,False,7.348859751801142,CYP4X1,True,False,3.025101345289889
260429,PRSS33,True,False,5.872832000629325,PRSS33,True,False,3.4664680587687333
266629,SEC14L3,True,False,8.43181995900452,SEC14L3,True,False,3.028404217947019
282679,AQP11,True,False,10.02206653858969,AQP11,True,False,3.054570678165628
282808,RAB40AL,True,False,11.634773495371974,RAB40AL,True,False,3.114309109700465
282974,STK32C,True,False,4.250432623943835,STK32C,True,False,2.6418017180743796
283078,MKX,True,False,7.366882707266079,MKX,True,False,3.3926493451457835
283130,SLC25A45,True,False,6.397295047157664,SLC25A45,True,False,3.11602430165645
283150,FOXR1,True,False,7.4131450575624065,FOXR1,True,False,3.372557058762523
283208,P4HA3,True,False,7.196964215985753,P4HA3,True,False,3.4689260063048106
283209,PGM2L1,True,False,6.338823057051787,PGM2L1,True,False,4.216459710761838
283248,RCOR2,True,False,10.015659653612152,RCOR2,True,False,3.3864375030025236
283383,ADGRD1,True,False,8.616143187767655,ADGRD1,True,False,3.4399064721463315
283455,KSR2,True,False,8.13212594272448,KSR2,True,False,2.632925741049084
283471,TMPRSS12,True,False,7.941107434152164,TMPRSS12,True,False,2.0358483137569796
283629,TSSK4,True,False,12.208646086012969,TSSK4,True,False,3.889075776371838
283652,SLC24A5,True,False,8.103182725809855,SLC24A5,True,False,3.456533702554479
283748,PLA2G4D,True,False,6.146954576397434,PLA2G4D,True,False,2.5064476231219093
284086,NEK8,True,False,11.74002389422054,NEK8,True,False,3.3564090745984196
284099,C17orf78,True,False,7.4952007232586455,C17orf78,True,False,2.7933395188312757
284119,CAVIN1,True,False,6.130987837585379,PTRF,True,False,3.0240067312083756
284129,SLC26A11,True,False,6.754976242449455,SLC26A11,True,False,4.066219471676336
284161,GDPD1,True,False,5.784922226649268,GDPD1,True,False,3.891939025306081
284273,ZADH2,True,False,19.735081697389358,ZADH2,True,False,2.7928159868602047
284541,CYP4A22,True,False,8.992001181166344,CYP4A22,True,False,3.0818097837889504
284656,EPHA10,True,False,6.596143695690564,EPHA10,True,False,3.012786187347033
284695,ZNF326,True,False,5.987427434413847,ZNF326,True,False,2.8156952615652435
285195,SLC9A9,True,False,7.094869665661362,SLC9A9,True,False,1.9619517682309022
285220,EPHA6,True,False,5.6673932202493695,EPHA6,True,False,2.7497702378621094
285231,FBXW12,True,False,13.893158215485373,FBXW12,True,False,2.868841362202271
285242,HTR3E,True,False,5.972818482020331,HTR3E,True,False,2.9578010895455544
285498,RNF212,True,False,5.898794860048261,RNF212,True,False,2.2674614319242936
285533,RNF175,True,False,6.850436379417479,RNF175,True,False,2.3630986997186656
285641,SLC36A3,True,False,7.391014462491236,SLC36A3,True,False,2.1775122893444565
285671,RNF180,True,False,6.652750402755706,RNF180,True,False,3.222343104078397
285848,PNPLA1,True,False,7.439861092559357,PNPLA1,True,False,3.3192865469084567
286256,LCN12,True,False,8.84594948422644,LCN12,True,False,2.2107159922190758
286827,TRIM59,True,False,6.852659473898869,TRIM59,True,False,2.6596176124173296
287015,TRIM42,True,False,5.868429570368034,TRIM42,True,False,3.0806403371681035
317649,EIF4E3,True,False,6.919912564749101,EIF4E3,True,False,2.7806547738345064
317701,VN1R2,True,False,6.264879055471513,VN1R2,True,False,4.77328952897671
317703,VN1R4,True,False,6.8018105805128,VN1R4,True,False,4.026675827636579
317705,VN1R5,True,False,6.146067240080341,VN1R5,True,False,3.323109150306544
326625,MMAB,True,False,6.829601557945031,MMAB,True,False,2.811039724100975
333929,SNAI3,True,False,8.072094563064196,SNAI3,True,False,4.285111153392021
337876,CHSY3,True,False,6.8095730811339825,CHSY3,True,False,4.560946210782605
338321,NLRP9,True,False,6.548416065581216,NLRP9,True,False,3.472794933333372
338557,FFAR4,True,False,7.160516818327266,FFAR4,True,False,3.0780444455836693
338699,ANKRD42,True,False,7.058927005234323,ANKRD42,True,False,2.900444465156889
338917,VSX2,True,False,7.145419991860737,VSX2,True,False,3.880769180356072
339221,ENPP7,True,False,6.569793198686649,ENPP7,True,False,3.237696096437083
339403,RXFP4,True,False,7.3108419586675115,RXFP4,True,False,3.353532816722218
339501,PRSS38,True,False,7.755467877834993,PRSS38,True,False,4.724672335005666
339761,CYP27C1,True,False,6.366770805128943,CYP27C1,True,False,3.329113056682625
339896,GADL1,True,False,7.001859824453437,GADL1,True,False,2.559182462691151
339967,TMPRSS11A,True,False,5.983726829380543,TMPRSS11A,True,False,2.554195816514776
339976,TRIML1,True,False,6.202275008556891,TRIML1,True,False,2.8778037864827515
339983,NAT8L,True,False,7.73378788185759,NAT8L,True,False,3.112597415040489
340069,FAM170A,True,False,17.32455747734145,FAM170A,True,False,3.2059868278495927
340075,ARSI,True,False,8.031222752442972,ARSI,True,False,3.27114346171596
340156,MYLK4,True,False,6.224711072634152,MYLK4,True,False,3.08762690947971
340273,ABCB5,True,False,5.741778791549829,ABCB5,True,False,6.615730631976952
340351,AGBL3,True,False,6.610951910664762,AGBL3,True,False,2.611195929362987
340371,NRBP2,True,False,5.9376197955414804,NRBP2,True,False,3.2032815092613043
340385,ZNF517,True,False,7.009494119873976,ZNF517,True,False,3.4212380398427684
340654,LIPM,True,False,6.185549321718697,LIPM,True,False,2.9373617284051563
341405,ANKRD33,True,False,6.977982993574314,ANKRD33,True,False,2.883295532157554
341676,NEK5,True,False,5.629404958803484,NEK5,True,False,2.9068676215241296
341947,COX8C,True,False,6.793273863980988,COX8C,True,False,3.5062109686711866
342357,ZKSCAN2,True,False,9.028877397005532,ZKSCAN2,True,False,4.057887943030103
342897,NCCRP1,True,False,6.644712473630537,NCCRP1,True,False,3.3888566456447764
342945,ZSCAN22,True,False,7.861736826797929,ZSCAN22,True,False,2.797912155802703
343450,KCNT2,True,False,6.315366188541465,KCNT2,True,False,3.0294658547850797
344387,CDKL4,True,False,5.752269908544866,CDKL4,True,False,2.865615433931808
344561,GPR148,True,False,10.655151015772029,GPR148,True,False,3.3041629769271768
344805,TMPRSS7,True,False,6.267607479927498,TMPRSS7,True,False,1.9994344733078802
345062,PRSS48,True,False,7.658436241681801,PRSS48,True,False,2.371788581857552
345275,HSD17B13,True,False,7.4420350329808835,HSD17B13,True,False,2.4492927968731
346389,MACC1,True,False,6.999976118277626,MACC1,True,False,2.235505245334607
346606,MOGAT3,True,False,6.228794336351049,MOGAT3,True,False,2.7882436936593216
348654,GEN1,True,False,7.386200136667465,GEN1,True,False,2.691397386238363
349565,NMNAT3,True,False,7.612192424194591,NMNAT3,True,False,3.6296379831189793
353345,GPR141,True,False,6.259429417965486,GPR141,True,False,2.9698959071101076
373156,GSTK1,True,False,6.345392173205898,GSTK1,True,False,2.9652618673673268
374291,NDUFS7,True,False,8.515421328742015,NDUFS7,True,False,3.7131569977214123
374868,ATP9B,True,False,7.619126346424488,ATP9B,True,False,3.6600010430426018
375519,GJB7,True,False,7.526794593061804,GJB7,True,False,2.6376828876005587
375611,SLC26A5,True,False,6.7676514251039395,SLC26A5,True,False,5.585256444023742
377677,CA13,True,False,7.858579177055288,CA13,True,False,2.5707005626384105
377841,ENTPD8,True,False,7.163393680591532,ENTPD8,True,False,2.9852386638011037
378807,CATSPER4,True,False,6.453220285616394,CATSPER4,True,False,2.7569144583312344
378884,NHLRC1,True,False,6.353065554636556,NHLRC1,True,False,2.814500300783804
378925,RNF148,True,False,6.505383440590541,RNF148,True,False,2.3258122376163746
387032,ZKSCAN4,True,False,10.195187808429226,ZKSCAN4,True,False,3.0241363626085014
387129,NPSR1,True,False,6.515315411399025,NPSR1,True,False,2.671513078777611
387893,KMT5A,True,False,6.217309856273179,KMT5A,True,False,12.317490571772623
389434,IYD,True,False,9.781946467834398,IYD,True,False,2.702662244953539
389840,MAP3K15,True,False,24.51278997247987,MAP3K15,True,False,3.1135216593077413
390212,GPR152,True,False,41.10591989634601,GPR152,True,False,3.8643064226675667
390928,ACP7,True,False,7.946210992952044,ACP7,True,False,3.649092151455877
392636,AGMO,True,False,8.674085693635817,AGMO,True,False,3.0110726234037455
400668,PRSS57,True,False,6.2363301982244925,PRSS57,True,False,2.5907735237113294
402381,SOHLH1,True,False,6.7324765328367135,SOHLH1,True,False,2.450628587499828
402682,UFSP1,True,False,6.143091835921365,UFSP1,True,False,3.2880974044650433
403313,PLPP6,True,False,7.007754625942138,PLPP6,True,False,2.631145494586315
414301,DDI1,True,False,6.5482643643730745,DDI1,True,False,2.5606881298572053
414328,IDNK,True,False,6.4760836469939695,IDNK,True,False,3.1133576710541924
415116,PIM3,True,False,6.430110373381386,PIM3,True,False,2.9967049488757564
431705,ASTL,True,False,12.002404324175199,ASTL,True,False,2.095966197667645
431707,LHX8,True,False,9.536193327541648,LHX8,True,False,2.795854690180104
440275,EIF2AK4,True,False,6.1367125962101845,EIF2AK4,True,False,2.947721635454713
440699,LRRC52,True,False,7.216315648485979,LRRC52,True,False,2.6362609984210432
442247,RFPL4B,True,False,9.993941499253546,RFPL4B,True,False,2.295437969201672
445372,TRIM6-TRIM34,True,False,6.563274695014206,TRIM6-TRIM34,True,False,3.063394184327493
493829,TRIM72,True,False,6.497431198772278,TRIM72,True,False,2.5721935749314886
548596,CKMT1A,True,False,13.180363371608152,CKMT1A,True,False,2.7507767138131567
554251,FBXO48,True,False,6.705666862909606,FBXO48,True,False,3.37791283323593
641371,ACOT1,True,False,6.999120292881603,ACOT1,True,False,2.7499651131996887
641372,ACOT6,True,False,7.2561484059011825,ACOT6,True,False,13.980442870936944
653437,AQP12B,True,False,9.8374245626757,AQP12B,True,False,4.162705527042273
100128927,ZBTB42,True,False,7.049542396475433,ZBTB42,True,False,3.0194988992047884
102157402,AK6,True,False,5.986911743905927,AK6,True,False,2.824957695183651
